entity_id,canonical_name,aliases,country_code,source
https://ror.org/01z05qp51,NamesforLife (United States),NamesforLife (United States),US,OpenAlex
https://ror.org/00njsd438,Google (United States),Google (United States)|Google Research|Googleplex,US,OpenAlex
https://ror.org/05hh8d621,IBM (United States),IBM (United States)|International Business Machines,US,OpenAlex
https://ror.org/02exqgm79,Hitachi (Japan),Hitachi (Japan)|Kabushiki-gaisha Hitachi Seisakusho|日立製作所,JP,OpenAlex
https://ror.org/04w3jy968,Samsung (South Korea),Samsung (South Korea)|삼성,KR,OpenAlex
https://ror.org/01xdqrp08,Pfizer (United States),Pfizer (United States),US,OpenAlex
https://ror.org/02bbd5539,AT&T (United States),AT&T (United States)|American Telephone and Telegraph Company,US,OpenAlex
https://ror.org/059mq0909,Siemens (Germany),Siemens (Germany),DE,OpenAlex
https://ror.org/00berct97,NTT (Japan),NTT (Japan)|Nippon Telegraph and Telephone|日本電信電話株式会社,JP,OpenAlex
https://ror.org/02891sr49,"Merck & Co., Inc., Rahway, NJ, USA (United States)","MSD United States|Merck & Co., Inc., Rahway, NJ, USA|Merck & Co., Inc., Rahway, NJ, USA (United States)|MSD",US,OpenAlex
https://ror.org/02f9zrr09,Novartis (Switzerland),Novartis (Switzerland),CH,OpenAlex
https://ror.org/0117jxy09,Springer Nature (Germany),Springer Nature (Germany),DE,OpenAlex
https://ror.org/00d0nc645,Microsoft (United States),Microsoft (United States)|Microsoft Corporation,US,OpenAlex
https://ror.org/01ek73717,Intel (United States),Intel (United States)|Intel Corporation,US,OpenAlex
https://ror.org/0161q6d74,Sinopec (China),China Petroleum & Chemical Corporation|Sinopec (China)|中国石油化工股份有限公司,CN,OpenAlex
https://ror.org/00b5m4j81,Shell (Netherlands),Royal Dutch Shell|Shell (Netherlands),NL,OpenAlex
https://ror.org/013msgt25,General Electric (United States),General Electric (United States)|GE,US,OpenAlex
https://ror.org/01qat3289,Eli Lilly (United States),Eli Lilly (United States),US,OpenAlex
https://ror.org/05twwhs70,State Grid Corporation of China (China),State Grid Corporation of China (China)|国家电网公司|SGCC,CN,OpenAlex
https://ror.org/04hmn8g73,Bayer (Germany),Bayer (Germany),DE,OpenAlex
https://ror.org/00by1q217,Roche (Switzerland),Hoffmann-La Roche|Roche (Switzerland),CH,OpenAlex
https://ror.org/04wekvh85,Berlin Heart (Germany),Berlin Heart (Germany),DE,OpenAlex
https://ror.org/0326v3z14,Toshiba (Japan),Toshiba (Japan)|東芝,JP,OpenAlex
https://ror.org/05269d038,China National Petroleum Corporation (China),China National Petroleum Corporation (China)|大庆油田有限责任公司油田建设设计研究院|CNPC,CN,OpenAlex
https://ror.org/03g3m1w62,DuPont (United States),DuPont (United States)|E. I. du Pont de Nemours and Company,US,OpenAlex
https://ror.org/05k87vq12,Microsoft Research (United Kingdom),Microsoft Research (United Kingdom),GB,OpenAlex
https://ror.org/03hkh9419,China Southern Power Grid (China),China Southern Power Grid (China)|Zhōngguó Nánfāng Diànwǎng|CSG,CN,OpenAlex
https://ror.org/00gtmwv55,Bristol-Myers Squibb (United States),Bristol-Myers Squibb (United States)|BMS,US,OpenAlex
https://ror.org/03nm9bt69,Howell Laboratories (United States),Howell Laboratories (United States)|HLI,US,OpenAlex
https://ror.org/02p2bgp27,Philips (Netherlands),Koninklijke Philips|Philips (Netherlands)|Royal Philips,NL,OpenAlex
https://ror.org/03gw47g69,VASP Software (Austria),VASP Software (Austria)|Vienna Ab-initio Simulation Package|VASP,AT,OpenAlex
https://ror.org/026er9r08,Lockheed Martin (United States),Lockheed Martin (United States),US,OpenAlex
https://ror.org/00mwq1g96,Hartford Financial Services (United States),Hartford Financial Services|Hartford Financial Services (United States)|Hartford Financial Services Group Inc|Hartford Investment Management Co.|The Hartford|The Hartford Financial Services Group Inc,,OpenAlex
https://ror.org/04p8w0f39,Westinghouse Electric (United States),Westinghouse Electric (United States),US,OpenAlex
https://ror.org/04r9x1a08,AstraZeneca (United Kingdom),AstraZeneca (United Kingdom),GB,OpenAlex
https://ror.org/0314qy595,Shanghai Electric (China),Shanghai Electric (China)|Shanghai Electric Group|上海电气集团,CN,OpenAlex
https://ror.org/007zhvp17,Williams (United States),Williams (United States),US,OpenAlex
https://ror.org/01xcepn55,ExxonMobil (United States),ExxonMobil (United States),US,OpenAlex
https://ror.org/00qpxe165,Faculty (United Kingdom),Faculty (United Kingdom),GB,OpenAlex
https://ror.org/038km2573,Nokia (United States),Nokia (United States),US,OpenAlex
https://ror.org/04jndar25,NEC (Japan),NEC (Japan)|Nippon Denki Kabushiki Gaisha|Nippon Electric Company|日本電気,JP,OpenAlex
https://ror.org/059rn9488,Hewlett-Packard (United States),Hewlett-Packard (United States)|HP,US,OpenAlex
https://ror.org/03vsmv677,Texas Instruments (United States),Texas Instruments (United States)|TI,US,OpenAlex
https://ror.org/03g03ge92,Amgen (United States),Amgen (United States)|Applied Molecular Genetics,US,OpenAlex
https://ror.org/01sx1pm50,Rockwell Automation (United States),Rockwell Automation (United States),US,OpenAlex
https://ror.org/05addee68,General Motors (United States),General Motors (United States)|GM,US,OpenAlex
https://ror.org/00zv91802,Science Applications International Corporation (United States),Science Applications International Corporation (United States)|SAIC,US,OpenAlex
https://ror.org/01ydfc370,Schlumberger (British Virgin Islands),Schlumberger (British Virgin Islands),VG,OpenAlex
https://ror.org/038e2g226,Fujitsu (Japan),Fujitsu (Japan)|Fujitsū Kabushiki-Kaisha|富士通株式会社,JP,OpenAlex
https://ror.org/04wwrrg31,AstraZeneca (Sweden),AstraZeneca (Sweden),SE,OpenAlex
https://ror.org/01xsqw823,GlaxoSmithKline (United Kingdom),GlaxoSmithKline (United Kingdom)|GSK,GB,OpenAlex
https://ror.org/035j0tq82,Orange (France),France Télécom |Orange (France),FR,OpenAlex
https://ror.org/025vn3989,GlaxoSmithKline (United States),GlaxoSmithKline (United States)|GSK,US,OpenAlex
https://ror.org/0235kyq22,Petrobras (Brazil),Petrobras (Brazil)|Petróleo Brasileiro S.A.,BR,OpenAlex
https://ror.org/00716cx46,VMK (Czechia),VMK (Czechia),CZ,OpenAlex
https://ror.org/033y26782,Mitsubishi Electric (Japan),Mitsubishi Denki Kabushiki-Gaisha|Mitsubishi Electric (Japan)|三菱電機,JP,OpenAlex
https://ror.org/00g2tkw06,Ford Motor Company (United States),Ford|Ford Motor Company (United States),US,OpenAlex
https://ror.org/00cmhce21,Huawei Technologies (China),Huawei Technologies (China)|华为技术有限公司,CN,OpenAlex
https://ror.org/04hjbmv12,Takeda (Japan),Takeda|Takeda (Japan)|武田薬品工業,JP,OpenAlex
https://ror.org/011tm7n37,Panasonic (Japan),Matsushita Denki Sangyō Kabushiki-gaisha|Matsushita Electric Industrial|Panasonic (Japan)|Panasonikku Kabushiki-gaisha|パナソニック,JP,OpenAlex
https://ror.org/038p3gq39,Yahoo (United Kingdom),Yahoo (United Kingdom),GB,OpenAlex
https://ror.org/03qd7mz70,Johnson & Johnson (United States),Johnson & Johnson (United States),US,OpenAlex
https://ror.org/0435rc536,Novo Nordisk (Denmark),Novo Nordisk (Denmark),DK,OpenAlex
https://ror.org/04mv4n011,Amazon (United States),Amazon (United States)|Amazon.com,US,OpenAlex
https://ror.org/04yzcpd71,Janssen (Belgium),Janssen (Belgium)|Janssen Pharmaceutica,BE,OpenAlex
https://ror.org/04sm5zn07,Boeing (United States),Boeing (United States),US,OpenAlex
https://ror.org/04wt43v05,Twitter (United States),Twitter (United States),US,OpenAlex
https://ror.org/05af73403,Janssen (United States),Janssen (United States),US,OpenAlex
https://ror.org/02n6c9837,Sanofi (France),Sanofi (France)|Sanofi-Aventis,FR,OpenAlex
https://ror.org/019ja9e37,Atomic Energy (Canada),Atomic Energy (Canada)|Énergie atomique du Canada|AECL|EACL,CA,OpenAlex
https://ror.org/01g4jev56,Philips (Finland),Philips (Finland)|Philips Oy,FI,OpenAlex
https://ror.org/03gcvf773,Decision Sciences (United States),Decision Sciences (United States)|DSI ,US,OpenAlex
https://ror.org/01hafxd32,Motorola (United States),Galvin Manufacturing Corporation|Motorola (United States),US,OpenAlex
https://ror.org/01akman82,Mallinckrodt (United States),Mallinckrodt (United States),US,OpenAlex
https://ror.org/0098hst83,China Electronics Technology Group Corporation,China Electric Division|China Electronics Technology Group Corporation|中国电子科技集团公司|CETC,CN,OpenAlex
https://ror.org/01fe0jt45,Robert Bosch (Germany),Robert Bosch (Germany),DE,OpenAlex
https://ror.org/028fhxy95,Novartis (United States),Novartis (United States)|NPC,US,OpenAlex
https://ror.org/0354t7b78,RTX (United States),RTX|RTX (United States)|RTX Corporation|Raytheon Technologies,US,OpenAlex
https://ror.org/03wb8xz10,Électricité de France (France),Électricité de France (France)|EDF,FR,OpenAlex
https://ror.org/05pmj3x43,Jacobs (United States),Jacobs (United States),US,OpenAlex
https://ror.org/02g5p4n58,AbbVie (United States),AbbVie (United States),US,OpenAlex
https://ror.org/053a6xa29,Genomics (United Kingdom),Genomics (United Kingdom),GB,OpenAlex
https://ror.org/016vzmc05,Nippon Steel (Japan),Nippon Steel|Nippon Steel (Japan)|Shinnittetsu Sumikin Kabushiki-gaisha,JP,OpenAlex
https://ror.org/05p7te762,HRL Laboratories (United States),HRL Laboratories (United States)|Hughes Research Laboratories|HRL,US,OpenAlex
https://ror.org/00q32j219,Boehringer Ingelheim (Germany),Boehringer Ingelheim (Germany),DE,OpenAlex
https://ror.org/05feyya22,Cancer Genetics (United States),Cancer Genetics (United States)|CGI,US,OpenAlex
https://ror.org/043cec594,AstraZeneca (United States),AstraZeneca (United States),US,OpenAlex
https://ror.org/02t71h845,Honeywell (United States),Honeywell (United States),US,OpenAlex
https://ror.org/04nvtmr42,Interface (United States),Interface (United States),US,OpenAlex
https://ror.org/05g223j58,Plant (United States),Plant (United States),US,OpenAlex
https://ror.org/00971b260,Google DeepMind (United Kingdom),DeepMind|Google DeepMind|Google DeepMind (United Kingdom),GB,OpenAlex
https://ror.org/00c5mwp75,Alcatel Lucent (Germany),Alcatel Lucent (Germany),DE,OpenAlex
https://ror.org/00hhjss72,Tencent (China),Tencent (China)|Tencent Inc.|Téngxùn Kònggǔ Yǒuxiàn Gōngsī|腾讯控股有限公司,CN,OpenAlex
https://ror.org/0116zdb24,State Street (United States),State Street (United States),US,OpenAlex
https://ror.org/05gftfe97,China Mobile (China),China Mobile (China)|China Mobile Communications Corporation|中国移动|CMCC,CN,OpenAlex
https://ror.org/016731f38,Zimmer Biomet (Germany),Biomet|Zimmer Biomet (Germany),DE,OpenAlex
https://ror.org/0572q5a45,Karger Publishers (Switzerland),Karger Medical and Scientific Publishers|Karger Publishers (Switzerland)|S. Karger AG,CH,OpenAlex
https://ror.org/032hx4q18,Dow Chemical (United States),Dow|Dow Chemical (United States),US,OpenAlex
https://ror.org/04b2dty93,"Merck KGaA, Darmstadt (Germany)","EMD Group|Merck (Germany)|Merck KGaA, Darmstadt (Germany)",DE,OpenAlex
https://ror.org/00m0j3d84,Daimler (Germany),Daimler (Germany)|Daimler-Benz|DaimlerChrysler,DE,OpenAlex
https://ror.org/00pp1p071,Banss (Germany),Banss (Germany),DE,OpenAlex
https://ror.org/05a7rhx54,Ericsson (Sweden),Ericsson (Sweden)|Telefonaktiebolaget L. M. Ericsson,SE,OpenAlex
https://ror.org/03ngjpk76,General Atomics (United States),General Atomics (United States),US,OpenAlex
https://ror.org/045pn2j94,BGI Group (China),BGI Group (China)|Beijing Genomics Institute|华大基因|BGI,CN,OpenAlex
https://ror.org/03za3eq42,China Railway Group (China),China Railway Group (China)|中國中鐵股份有限公司|CREC,CN,OpenAlex
https://ror.org/03ks2a131,Mitre (United States),Mitre (United States),US,OpenAlex
https://ror.org/0508h6p74,Flatiron Health (United States),Flatiron Health (United States),US,OpenAlex
https://ror.org/05kewds18,Northrop Grumman (United States),Northrop Grumman (United States),US,OpenAlex
https://ror.org/01jn7ba52,Halliburton (United Kingdom),Halliburton (United Kingdom),GB,OpenAlex
https://ror.org/0300m5276,Microsoft Research Asia (China),Microsoft Research Asia (China),CN,OpenAlex
https://ror.org/02tfv4t78,Corning (United States),Corning (United States)|Corning Glass Works,US,OpenAlex
https://ror.org/05grhsk96,Vanderbilt Health,Vanderbilt Health,US,OpenAlex
https://ror.org/035n7q728,Saudi Aramco (United States),Arabian-American Oil Company|Aramco|Arāmkō s-Saʿūdiyyah|Saudi Arabian Oil Company|Saudi Aramco (United States),US,OpenAlex
https://ror.org/00j83wy46,Monsanto (United States),Monsanto (United States),US,OpenAlex
https://ror.org/04sk34n56,Total (France),Compagnie française des pétroles|Total (France)|CFP,FR,OpenAlex
https://ror.org/04emwm605,Thales (France),Thales (France),FR,OpenAlex
https://ror.org/02qg60849,Engineering Systems (United States),Engineering Systems (United States)|ESI,US,OpenAlex
https://ror.org/03kw6wr76,Philips (United States),Philips (United States)|Royal Philips,US,OpenAlex
https://ror.org/04tgjxk96,Research Network (United States),Research Network (United States)|RNI,US,OpenAlex
https://ror.org/01nph4h53,Aerodyne Research,Aerodyne Research|ARI,US,OpenAlex
https://ror.org/000q08p21,Schott (Germany),Schott (Germany),DE,OpenAlex
https://ror.org/010k8n340,RCA (United States),RCA (United States)|Radio Corporation of America,US,OpenAlex
https://ror.org/03pztks36,Aditya Birla (India),Aditya Birla (India),IN,OpenAlex
https://ror.org/04rtkc841,Molecular Oncology (United States),Molecular Oncology (United States),US,OpenAlex
https://ror.org/05n8ah907,Unilever (United Kingdom),Unilever (United Kingdom),GB,OpenAlex
https://ror.org/0234cd281,Mitsubishi Group (Japan),Mitsubishi Group (Japan)|Mitsubishi Group of Companies|Mitsubishi Keiretsu|三菱グループ,JP,OpenAlex
https://ror.org/04ceqst84,China XD Group (China),China XD Group (China)|Xi'an Electric|Xi'an Electric Machinery Manufacturing Company|Xi'an XD|Xi'an Xidian|中国西电集团,CN,OpenAlex
https://ror.org/05prsqx18,Bohn Stafleu van Loghum (Netherlands),Bohn Stafleu van Loghum (Netherlands)|BSL,NL,OpenAlex
https://ror.org/032hfv632,Bristol-Myers Squibb (Germany),Bristol-Myers Squibb (Germany)|BMS,DE,OpenAlex
https://ror.org/04x4v8p40,Pfizer (United Kingdom),Pfizer (United Kingdom)|Pfizer Limited,GB,OpenAlex
https://ror.org/04dkns738,Procter & Gamble (United States),Procter & Gamble (United States)|P&G,US,OpenAlex
https://ror.org/03xec1444,Science Systems and Applications (United States),Science Systems and Applications (United States)|SSAI,US,OpenAlex
https://ror.org/03seew607,Applied Mathematics (United States),Applied Mathematics (United States),US,OpenAlex
https://ror.org/04pkc8m17,Nokia (Finland),Nokia (Finland)|Nokia Oyj,FI,OpenAlex
https://ror.org/05m5x8198,BMJ Group (United Kingdom),BMJ Group|BMJ Group (United Kingdom)|BMJ Publications|BMJ Publishing|BMJ Publishing Group|BMJ Publishing Group Ltd|British Medical Journal Publishing|British Medical Journal Publishing Group|BMJ,,OpenAlex
https://ror.org/05p590m36,Artificial Intelligence in Medicine (Canada),Artificial Intelligence in Medicine (Canada)|AIM,CA,OpenAlex
https://ror.org/013k5y296,Otsuka (Japan),Otsuka (Japan)|Ōtsuka Seiyaku Kabushiki-gaisha|大塚製薬株式会社|OPC,JP,OpenAlex
https://ror.org/01varr368,PowerChina (China),Power Construction Corporation of China|PowerChina (China)|中国电力建设集团公司,CN,OpenAlex
https://ror.org/04sb8a726,Hôpital Antoine-Béclère,Hôpital Antoine-Béclère,FR,OpenAlex
https://ror.org/03bygaq51,Takeda (United States),"Dyax|Shire|Takeda (United States)|Takeda Yakuhin Kōgyō Kabushiki-gaisha|武田薬品工業株式会社, Takeda Yakuhin Kōgyō kabushiki gaisha",US,OpenAlex
https://ror.org/005kw6t15,Infineon Technologies (Germany),Infineon Technologies (Germany),DE,OpenAlex
https://ror.org/02jfa8730,Chevron (United States),Chevron (United States),US,OpenAlex
https://ror.org/05hgh7849,Walker (United States),The Walker Company Healthcare Consulting|Walker (United States),US,OpenAlex
https://ror.org/00b9ktm87,Amazon (Germany),Amazon (Germany),DE,OpenAlex
https://ror.org/01mcc7007,Schlumberger (Ireland),Schlumberger (Ireland),IE,OpenAlex
https://ror.org/017mte255,Equinor (Norway),Equinor (Norway)|Statoil|StatoilHydro,NO,OpenAlex
https://ror.org/02vtgg877,Fusion (United States),Fusion (United States),US,OpenAlex
https://ror.org/034ffbg36,Bayer (United States),Bayer (United States),US,OpenAlex
https://ror.org/053jnhe44,Mitsubishi Electric (United States),"Mitsubishi Electric (United States)|Mitsubishi Electric US Holdings, Inc",US,OpenAlex
https://ror.org/020w2fr77,Robotics Research (United States),Robotics Research (United States),US,OpenAlex
https://ror.org/02vej5573,Estácio (Brazil),Estácio (Brazil),BR,OpenAlex
https://ror.org/01kc31v38,Exact Sciences (United States),Exact Sciences (United States),US,OpenAlex
https://ror.org/03dp0vf82,Oxford BioMedica (United Kingdom),Oxford BioMedica (United Kingdom)|OXB,GB,OpenAlex
https://ror.org/01c74sd89,STMicroelectronics (France),STMicroelectronics (France)|ST,FR,OpenAlex
https://ror.org/027vj4x92,Sanofi (United States),Sanofi (United States),US,OpenAlex
https://ror.org/05bwra959,Nian-Crae (United States),Nian-Crae (United States),US,OpenAlex
https://ror.org/01q8f6705,BASF (Germany),BASF (Germany)|Baden Aniline and Soda Factory|Badische Anilin- und Soda-Fabrik,DE,OpenAlex
https://ror.org/02jqkb192,Biogen (United States),Biogen (United States)|Biogen Idec,US,OpenAlex
https://ror.org/021qvjc46,Physical Sciences (United States),Physical Sciences (United States)|PSI,US,OpenAlex
https://ror.org/03t0n2419,Hamburg Institut (Germany),Hamburg Institut (Germany)|Hamburg Institut Consulting|HIC,DE,OpenAlex
https://ror.org/05gxmms51,Commercial Aircraft Corporation of China (China),Commercial Aircraft Corporation of China (China)|中国商用飞机有限责任公司|COMAC,CN,OpenAlex
https://ror.org/054dq0621,China National Offshore Oil Corporation (China),China National Offshore Oil Corporation (China)|中海石油研究中心|CNOOC,CN,OpenAlex
https://ror.org/00k01kt20,DSM (Netherlands),DSM (Netherlands)|Royal DSM,NL,OpenAlex
https://ror.org/03ypap427,Saudi Aramco (Saudi Arabia),Arabian-American Oil Company|Aramco |Saudi Arabian Oil Company|Saudi Aramco (Saudi Arabia),SA,OpenAlex
https://ror.org/01b9n8m42,Tata Consultancy Services (India),Tata Consultancy Services (India)|TCS,IN,OpenAlex
https://ror.org/02tc7rm90,Petronas (Malaysia),Petroliam Nasional Berhad|Petronas (Malaysia),MY,OpenAlex
https://ror.org/00k642b80,Alibaba Group (China),Alibaba|Alibaba Group|Alibaba Group (China)|Alibaba Inc.|Qwen|Qwen Team|Qwen.AI|Ālǐbābā Jítuán Kònggǔ Yǒuxiàn Gōngsī|阿里巴巴集团控股有限公司,CN,OpenAlex
https://ror.org/03wjwyj98,Eppendorf (Germany),Eppendorf (Germany),DE,OpenAlex
https://ror.org/0346ase89,Boeing (Australia),Boeing (Australia)|Boeing Australia Holdings Pty Ltd,AU,OpenAlex
https://ror.org/0052svj16,Abbott (United States),Abbott (United States)|Laboratoires Abbott,US,OpenAlex
https://ror.org/030nd5313,Coventry (United Kingdom),Coventry (United Kingdom),GB,OpenAlex
https://ror.org/05mjgqe69,Toyota Central Research and Development Laboratories (Japan),Toyota Central Research and Development Laboratories (Japan)|Toyota Chuou Kenkyuusho|中央研究所|TCRDL,JP,OpenAlex
https://ror.org/00ks5vt51,ABB (Switzerland),ABB (Switzerland)|ASEA Brown Boveri,CH,OpenAlex
https://ror.org/04axb7e79,Siemens (United States),Siemens (United States),US,OpenAlex
https://ror.org/01v3bqg10,Shionogi (Japan),Shionogi (Japan)|Shionogi Seiyaku Kabushiki Kaisha|塩野義製薬,JP,OpenAlex
https://ror.org/006nxzf98,Ashland (United States),Ashland (United States)|Ashland Refining Company,US,OpenAlex
https://ror.org/05m9vrv91,Rogers (United States),Rogers (United States),US,OpenAlex
https://ror.org/02f51rf24,Regeneron (United States),Regeneron (United States),US,OpenAlex
https://ror.org/032pjd111,Plasma Technology (United States),Plasma Technology (United States)|PTI ,US,OpenAlex
https://ror.org/01v5xwf23,Nestlé (Switzerland),Nestlé (Switzerland),CH,OpenAlex
https://ror.org/03e06qt98,GE Global Research (United States),GE Global Research (United States),US,OpenAlex
https://ror.org/05pyq8e17,General Dynamics (United States),General Dynamics (United States)|GD,US,OpenAlex
https://ror.org/059be4e97,NXP (Netherlands),NXP (Netherlands),NL,OpenAlex
https://ror.org/012cvds63,Leidos (United States),Leidos (United States)|Science Applications International Corporation|SAIC,US,OpenAlex
https://ror.org/04rn3ph18,Kodak (United States),Eastman Kodak Company|Kodak (United States),US,OpenAlex
https://ror.org/02mp31p96,Carl Zeiss (Germany),Carl Zeiss (Germany),DE,OpenAlex
https://ror.org/05p0pbv75,Toyota Motor Corporation (Switzerland),Toyota Jidōsha|Toyota Motor Corporation (Switzerland),CH,OpenAlex
https://ror.org/05san5604,Philips (Germany),Philips (Germany)|Royal Philips,DE,OpenAlex
https://ror.org/02qenvm24,Chan Zuckerberg Initiative (United States),Chan Zuckerberg|Chan Zuckerberg Initiative|Chan Zuckerberg Initiative (United States)|CZI,US,OpenAlex
https://ror.org/02as34v38,Ørsted (Denmark),DONG Energy|Dansk Naturgas|Dansk Olie og Naturgas|Ørsted (Denmark),DK,OpenAlex
https://ror.org/039zveh30,Shimizu (Japan),Shimizu (Japan)|Shimizu Kensetsu Kabushiki-gaisha|清水建設株式会社,JP,OpenAlex
https://ror.org/04fperw70,Korea Electric Power Corporation (South Korea),Korea Electric Power Corporation (South Korea)|KEPCO,KR,OpenAlex
https://ror.org/00fpj7t66,China General Nuclear Power Corporation (China),China General Nuclear Power Corporation (China)|China Guangdong Nuclear Power Group|中国广核集团|CGN,CN,OpenAlex
https://ror.org/03jgnzt20,China Telecom (China),China Telecom (China)|China Telecommunications Corporation|中国电信,CN,OpenAlex
https://ror.org/056546b03,Gilead Sciences (United States),Gilead Sciences (United States),US,OpenAlex
https://ror.org/002hgm057,Pertamina (Indonesia),PT Pertamina (Persero)|Pertamina (Indonesia),ID,OpenAlex
https://ror.org/01zctcs90,BP (United Kingdom),BP (United Kingdom)|BP Amoco|The British Petroleum Company,GB,OpenAlex
https://ror.org/05kffp613,Boehringer Ingelheim (United States),Boehringer Ingelheim (United States),US,OpenAlex
https://ror.org/051tvr365,Pharmaceutical Biotechnology (Czechia),Pharmaceutical Biotechnology (Czechia),CZ,OpenAlex
https://ror.org/0449c4c15,Siemens Healthineers (Germany),Siemens Healthcare|Siemens Healthineers|Siemens Healthineers (Germany)|Siemens Healthineers AG,DE,OpenAlex
https://ror.org/020m7t761,Samsung Electronics (South Korea),"Samsung Electronics|Samsung Electronics (South Korea)|Samsung Electronics Co., Ltd.|삼성전자 주식회사",KR,OpenAlex
https://ror.org/04h08p482,Rolls-Royce (United Kingdom),Rolls-Royce|Rolls-Royce (United Kingdom),GB,OpenAlex
https://ror.org/0336mm561,Oxford University Press (United Kingdom),Oxford University Press|Oxford University Press (United Kingdom)|OUP,GB,OpenAlex
https://ror.org/05ts6js78,Baker Hughes (United States),Baker Hughes (United States)|BHGE,US,OpenAlex
https://ror.org/01sgzrz83,TEPCO (Japan),TEPCO (Japan)|Tokyo Electric Power Company|東京電力株式会社,JP,OpenAlex
https://ror.org/0041szh84,Inner Mongolia Electric Power (China),Inner Mongolia Electric Power (China)|内蒙古电力,CN,OpenAlex
https://ror.org/059tvcg64,Adobe Systems (United States),Adobe Systems (United States),US,OpenAlex
https://ror.org/01mqmer16,Roche (France),Hoffmann-La Roche|Roche (France),FR,OpenAlex
https://ror.org/010zs2155,K Lab (United States),K Lab (United States),US,OpenAlex
https://ror.org/03grsxg62,Computational Physics (United States),CPI|Computational Physics (United States),US,OpenAlex
https://ror.org/03122yk49,Optical Sciences (United States),Optical Sciences (United States)|OSC,US,OpenAlex
https://ror.org/02wmkbh90,Rütgers (Germany),Rütgers (Germany),DE,OpenAlex
https://ror.org/053bqv655,STMicroelectronics (Italy),STMicroelectronics (Italy)|ST,IT,OpenAlex
https://ror.org/006c77m33,Oracle (United States),Oracle (United States),US,OpenAlex
https://ror.org/0048j1p96,Janssen (France),Janssen (France),FR,OpenAlex
https://ror.org/02rdpzb15,Bloomberg (United States),Bloomberg (United States),US,OpenAlex
https://ror.org/002zrf773,Qualcomm (United States),Qualcomm (United States),US,OpenAlex
https://ror.org/043vm9914,Dynamic Systems (United States),Dynamic Systems (United States)|DSI,US,OpenAlex
https://ror.org/05t871q54,Resonance Research (United States),Resonance Research (United States)|RRI,US,OpenAlex
https://ror.org/0136vj189,Power Grid Corporation (India),POWERGRID|Power Grid Corporation (India),IN,OpenAlex
https://ror.org/02ethns06,Software (Spain),Software (Spain),ES,OpenAlex
https://ror.org/045d9gj14,China Coal Technology and Engineering Group Corp (China),China Coal Technology and Engineering Group Corp (China)|中国煤炭科工集团有限公司|CCTEG,CN,OpenAlex
https://ror.org/03r9v0161,Elektro Ljubljana (Slovenia),Elektro Ljubljana (Slovenia),SI,OpenAlex
https://ror.org/044jp1563,Analysis Group (United States),Analysis Group (United States)|AG,US,OpenAlex
https://ror.org/03jzay846,Honda (Japan),Honda (Japan)|Honda Motor|本田技研工業株式会社,JP,OpenAlex
https://ror.org/05dy2c135,China Coal Research Institute (China),ASTRI Coal|China Coal Research Institute (China)|中国煤炭科学研究总院,CN,OpenAlex
https://ror.org/05p859a12,Ferrari (Italy),Ferrari (Italy),IT,OpenAlex
https://ror.org/00mgss748,3M (United States),3M (United States)|Minnesota Mining and Manufacturing,US,OpenAlex
https://ror.org/054962n91,Siemens Healthcare (United States),"Siemens Healthcare (United States)|Siemens Healthineers|Siemens Healthineers USA|Siemens Medical Solutions USA|Siemens Medical Solutions USA, Inc",US,OpenAlex
https://ror.org/02388em19,Meta (Israel),Meta (Israel),IL,OpenAlex
https://ror.org/05mkyac79,Target (United States),Target (United States),US,OpenAlex
https://ror.org/05f1fs902,Rocky Mountain Research (United States),Rocky Mountain Research (United States),US,OpenAlex
https://ror.org/04wedba92,Shell (United States),Shell (United States),US,OpenAlex
https://ror.org/04t59qd02,China Power Engineering Consulting Group (China),China Power Engineering Consulting Group (China)|CPECC,CN,OpenAlex
https://ror.org/009m79n22,Schlumberger (United States),Schlumberger (United States),US,OpenAlex
https://ror.org/01mk44223,IQVIA (United States),IMS Health|IQVIA (United States)|Quintiles,US,OpenAlex
https://ror.org/02y751y19,Kellogg's (Canada),Kellogg|Kellogg Company|Kellogg's (Canada),CA,OpenAlex
https://ror.org/03jdj4y14,Nvidia (United States),NVIDIA Corporation|Nvidia (United States),US,OpenAlex
https://ror.org/00grd1h17,Medtronic (United States),Medtronic (United States),US,OpenAlex
https://ror.org/01bfbvm65,Samsung (United States),Samsung (United States),US,OpenAlex
https://ror.org/02afgrw28,BrioBiotech (United States),BrioBiotech (United States),US,OpenAlex
https://ror.org/05q5em355,Morpho (United States),Morpho (United States),US,OpenAlex
https://ror.org/03g9c1e75,Delta Air Lines (United States),Delta|Delta Air Lines (United States),US,OpenAlex
https://ror.org/053pwq338,ETI Elektroelement (Slovenia),ETI Elektroelement (Slovenia),SI,OpenAlex
https://ror.org/00ag9jk61,Cabot (United States),Cabot (United States),US,OpenAlex
https://ror.org/045s9b323,Engineering (Italy),Engineering (Italy),IT,OpenAlex
https://ror.org/00rs6n938,Lockheed Martin (Canada),Lockheed Martin (Canada),CA,OpenAlex
https://ror.org/05fnzzk18,Center for Clinical Research (United States),Center for Clinical Research (United States),US,OpenAlex
https://ror.org/058cxws58,Intel (United Kingdom),Intel (United Kingdom),GB,OpenAlex
https://ror.org/053k40h13,Chevron (Netherlands),Chevron (Netherlands),NL,OpenAlex
https://ror.org/021gzyw51,Signal Processing (United States),Signal Processing (United States)|SPI,US,OpenAlex
https://ror.org/02jxrxr40,Policy Analysis (United States),Policy Analysis (United States)|PAI,US,OpenAlex
https://ror.org/05g0sd071,Central Research Laboratories (United Kingdom),Central Research Laboratories (United Kingdom)|CRL,GB,OpenAlex
https://ror.org/05shz5j84,Management Sciences (United States),Management Sciences (United States)|MSI,US,OpenAlex
https://ror.org/002yzpx87,BASF (United States),BASF (United States)|BASF SE,US,OpenAlex
https://ror.org/038483r84,Eni (Italy),Eni (Italy)|Ente Nazionale Idrocarburi,IT,OpenAlex
https://ror.org/03vs3wt56,Baidu (China),Baidu|Baidu (China)|Baidu Inc|百度,CN,OpenAlex
https://ror.org/04kevy945,Tecnologie Avanzate (Italy),Tecnologie Avanzate (Italy),IT,OpenAlex
https://ror.org/011kx0q31,State Grid Zhejiang Electric Power Company (China),"State Grid Zhejiang Electric Power Co., Ltd.|State Grid Zhejiang Electric Power Company (China)|ZHEJIANG ELECTRIC POWER CORPORATION|国网浙江省电力有限公司",CN,OpenAlex
https://ror.org/01ahf6552,Integrated Chinese Medicine (China),Integrated Chinese Medicine (China)|ICM,HK,OpenAlex
https://ror.org/00b4mz884,Sensors (United States),Sensors (United States),US,OpenAlex
https://ror.org/02s2acn37,Kitware (United States),Kitware (United States),US,OpenAlex
https://ror.org/00aw4mh72,Madison Group (United States),Madison Group (United States),US,OpenAlex
https://ror.org/04p8atc80,Guangdong Power Grid Company (China),"Guangdong Power Grid Co., Ltd|Guangdong Power Grid Company (China)|广东电网有限责任公司",CN,OpenAlex
https://ror.org/00sxjp357,Innovation Engineering (Italy),Innovation Engineering (Italy),IT,OpenAlex
https://ror.org/02wx79d08,Taiwan Semiconductor Manufacturing Company (Taiwan),Taiwan Semiconductor|Taiwan Semiconductor Manufacturing Company (Taiwan)|Táiwān Jītǐ Diànlù Zhìzào Gōngsī|台灣積體電路製造公司|TSMC,TW,OpenAlex
https://ror.org/00r254y42,Piaggio (Italy),Piaggio (Italy),IT,OpenAlex
https://ror.org/02zqm6r10,Toyota Motor Corporation (Japan),Toyota Jidōsha|Toyota Motor Corporation (Japan)|トヨタ自動車株式会社,JP,OpenAlex
https://ror.org/01he2y745,Suzuki (Japan),Suzuki (Japan)|Suzuki Kabushiki-Kaisha|Suzuki Loom Works|スズキ株式会社,JP,OpenAlex
https://ror.org/02hj1n344,Industriale Chimica (Italy),Industriale Chimica (Italy),IT,OpenAlex
https://ror.org/027qqvd10,Obayashi (Japan),Kabushiki-gaisha Ōbayashi Gumi|Obayashi (Japan)|株式会社大林組,JP,OpenAlex
https://ror.org/02ndjfz59,Flanders Make (Belgium),Flanders Make (Belgium),BE,OpenAlex
https://ror.org/03d8em588,General Research Institute for Nonferrous Metals (China),Beijing General Research Institute of Nonferrous Metals|General Research Institute for Nonferrous Metals|General Research Institute for Nonferrous Metals (China)|北京有色金属研究总院|GRINM,CN,OpenAlex
https://ror.org/007zn4n28,Hologic (Germany),Hologic (Germany),DE,OpenAlex
https://ror.org/01d36yb27,Kobe Steel (Japan),Kabushiki-gaisha Kōbe Seikō-sho|Kobe Steel (Japan)|株式会社神戸製鋼所,JP,OpenAlex
https://ror.org/03x1ewr52,Thermo Fisher Scientific (United States),Thermo Fisher Scientific (United States),US,OpenAlex
https://ror.org/026p72y65,Material (Belgium),Material (Belgium),BE,OpenAlex
https://ror.org/04r5br045,Imation (United States),Glassbridge Enterprises|Imation (United States),US,OpenAlex
https://ror.org/021wvg932,Center For Remote Sensing (United States),Center For Remote Sensing (United States)|CRS,US,OpenAlex
https://ror.org/011bspp78,Behavioral Pharma (United States),Behavioral Pharma (United States),US,OpenAlex
https://ror.org/02z3rcy16,Translational Therapeutics (United States),Translational Therapeutics (United States),US,OpenAlex
https://ror.org/016mey390,Rafael Advanced Defense Systems (Israel),"RAFAEL|RAFAEL Armament Development Authority|Rafael Advanced Defense Systems (Israel)|Raphael|רפאל - מערכות לחימה מתקדמות בע""מ",IL,OpenAlex
https://ror.org/047c3xe48,Advanced Imaging Research (United States),Advanced Imaging Research (United States),US,OpenAlex
https://ror.org/04dbch786,Yandex (Russia),Yandex (Russia)|Яндекс,RU,OpenAlex
https://ror.org/03yfpyd14,Nutrition Sciences (Belgium),Nutrition Sciences (Belgium),BE,OpenAlex
https://ror.org/04ejags36,Sciensano (Belgium),Sciensano (Belgium),BE,OpenAlex
https://ror.org/03vx93323,Norsk Hydro (Norway),Hydro|Norsk Hydro (Norway),NO,OpenAlex
https://ror.org/027y26122,Daiichi-Sankyo (Japan),Daiichi Sankyō Kabushiki-kaisha|Daiichi-Sankyo (Japan)|第一三共株式会社|DSI,JP,OpenAlex
https://ror.org/02zeryz43,Wyle (United States),KBRwyle|Wyle (United States),US,OpenAlex
https://ror.org/05qmdfk04,Millennium Engineering and Integration (United States),Millennium|Millennium Engineering and Integration (United States),US,OpenAlex
https://ror.org/04wzb3z02,Exponent (United States),Exponent (United States)|Failure Analysis Associates|FaAA,US,OpenAlex
https://ror.org/00kv9pj15,BT Group (United Kingdom),BT Group (United Kingdom)|British Telecommunications,GB,OpenAlex
https://ror.org/043tqah33,Mitsubishi Heavy Industries (Germany),Mitsubishi Heavy Industries (Germany)|Mitsubishi Heavy Industries Europe|MHI,DE,OpenAlex
https://ror.org/01ggenr10,Phoenix (United States),Phoenix (United States),US,OpenAlex
https://ror.org/048m16q57,Carestream (United States),Carestream (United States)|Eastman Kodak Company,US,OpenAlex
https://ror.org/01h8xv021,Waters (United States),Waters (United States),US,OpenAlex
https://ror.org/058eg8775,Statistical Research (United States),Statistical Research (United States)|SRI,US,OpenAlex
https://ror.org/03nyxmy82,Sumitomo Chemical (Japan),Sumitomo Chemical (Japan)|住友化学,JP,OpenAlex
https://ror.org/00semp387,Murphy Oil Corporation (United States),Murphy Corporation|Murphy Oil Corporation (United States),US,OpenAlex
https://ror.org/01gamcy45,Brain (Germany),Biotechnology Research and Information Network|Brain (Germany),DE,OpenAlex
https://ror.org/02aq67p44,Mitsubishi Heavy Industries (Japan),Mitsubishi Heavy Industries (Japan)|Mitsubishi Jūkōgyō Kabushiki-kaisha|三菱重工業株式会社|MHI,JP,OpenAlex
https://ror.org/05b6ypc36,Volvo (Sweden),Aktiebolaget Volvo|Volvo (Sweden)|Volvokoncernen,SE,OpenAlex
https://ror.org/03s23ay81,Komatsu (Japan),Kabushiki-gaisha Komatsu Seisakusho|Komatsu (Japan)|株式会社小松製作所,JP,OpenAlex
https://ror.org/05rnkb382,Sumitomo Electric Industries (Japan),Sumitomo Electric Industries (Japan)|住友電気工業,JP,OpenAlex
https://ror.org/00fymn751,General Electric (Israel),General Electric (Israel)|GE,IL,OpenAlex
https://ror.org/02ns8zp42,Numerical Method (China),Numerical Method (China),HK,OpenAlex
https://ror.org/04742eh45,Embedded Systems (United States),Embedded Systems (United States)|ES,US,OpenAlex
https://ror.org/03wnay029,Abbott (United Kingdom),Abbott (United Kingdom)|Abbott Laboratories,GB,OpenAlex
https://ror.org/00rn0m335,Alibaba Group (United States),Alibaba Group (United States),US,OpenAlex
https://ror.org/00btvqy64,Pohang Iron and Steel (South Korea),Pohang Iron and Steel (South Korea)|Pohang Jonghab Jecheol Jusikhoesa|포항종합제철 주식회사|POSCO,KR,OpenAlex
https://ror.org/05e34ra63,Mizuho (Japan),Mizuho (Japan)|株式会社みずほフィナンシャルグループ,JP,OpenAlex
https://ror.org/01zbnvs85,Meta (United States),Facebook|Meta (United States)|Meta Platforms|FB,US,OpenAlex
https://ror.org/02d6ew870,Baxter (United States),Baxter (United States)|Baxter International Inc,US,OpenAlex
https://ror.org/034e7c066,Servier (France),Laboratoires Servier|Servier (France),FR,OpenAlex
https://ror.org/04vvh7p27,Eisai (Japan),Eisai (Japan)|Ēzai Kabushiki-gaisha|エーザイ株式会社,JP,OpenAlex
https://ror.org/02v1rsx93,Nofima,"Matforskningsinstituttet|Nofima|Norwegian Institute of Food, Fisheries and Aquaculture Research",NO,OpenAlex
https://ror.org/03kgcsq08,China State Construction Engineering (China),China State Construction Engineering (China)|中国建筑西南设计研究院有限公司|CSCEC,CN,OpenAlex
https://ror.org/03ddh2c27,LG (South Korea),GoldStar|LG (South Korea)|LG Corporation|Lucky Goldstar,KR,OpenAlex
https://ror.org/001sezm06,Parsons (United States),Parsons (United States),US,OpenAlex
https://ror.org/02yemx219,Ebara (Japan),Ebara (Japan)|株式会社荏原製作所,JP,OpenAlex
https://ror.org/034k8cv93,Zimmer Biomet (Netherlands),Zimmer Biomet (Netherlands),NL,OpenAlex
https://ror.org/037ddaj94,Los Alamos National Security (United States),Los Alamos National Security (United States)|LANS,US,OpenAlex
https://ror.org/0564cd633,Lundbeck (Denmark),Lundbeck (Denmark),DK,OpenAlex
https://ror.org/038q98v71,Dominion (United States),Dominion (United States),US,OpenAlex
https://ror.org/056701b75,Fuji Electric (Japan),Fuji Denki Kabushiki-gaisha|Fuji Electric (Japan)|富士電機株式会社|FE,JP,OpenAlex
https://ror.org/02naadr48,Pearson (United States),Pearson (United States),US,OpenAlex
https://ror.org/04wacmk20,Kuwait Petroleum Corporation (Kuwait),Kuwait Petroleum Corporation (Kuwait)|مؤسسة البترول الكويتية|KPC,KW,OpenAlex
https://ror.org/025rxfw41,Semantic Designs (United States),Semantic Designs (United States),US,OpenAlex
https://ror.org/0434dpa13,Decision Systems (United States),Decision Systems (United States),US,OpenAlex
https://ror.org/010e8pt90,Abu Dhabi National Oil (United Arab Emirates),Abu Dhabi National Oil (United Arab Emirates)|شركة بترول أبوظبي الوطنية|ADNOC,AE,OpenAlex
https://ror.org/058bgdt55,Cotton (United States),Cotton (United States),US,OpenAlex
https://ror.org/0394wsn58,Harbin Electric Corporation (China),Harbin Electric Corporation (China)|Harbin Power Equipment Company|Harbin Power Plant Equipment Corporation|哈尔滨电气集团有限公司,CN,OpenAlex
https://ror.org/011qkaj49,Roche (United States),Roche (United States),US,OpenAlex
https://ror.org/00vpq6g39,Indra (Spain),"Indra (Spain)|Indra Sistemas, S.A.",ES,OpenAlex
https://ror.org/04ktqp584,Philips (United Kingdom),Philips (United Kingdom),GB,OpenAlex
https://ror.org/03mcefb58,Powerchina Huadong Engineering Corporation (China),Powerchina Huadong Engineering Corporation (China),CN,OpenAlex
https://ror.org/04pe7qe08,Aero Engine Corporation of China (China),Aero Engine Corporation of China (China)|中国航空发动机集团|AECC,CN,OpenAlex
https://ror.org/02yqt2385,China Three Gorges Corporation (China),China Three Gorges Corporation (China)|中国长江三峡集团公司|CTG,CN,OpenAlex
https://ror.org/02436cs38,Unilever (Netherlands),Unilever (Netherlands),NL,OpenAlex
https://ror.org/01ykzp537,Institute of Electronic Measurements KVARZ (Russia),"Institute of Electronic Measurements KVARZ (Russia)|JSC ""FNPTS"" NNIPI ""Quartz"" named after A.P. Gorshkov ""|JSC ""IEM Kvarz""|JSC ""NNRPA n.a. M.V. Frunze""|«ФНПЦ «ННИПИ «Кварц» имени А.П. Горшкова»|IEM",RU,OpenAlex
https://ror.org/033pa2k60,CEINGE Biotecnologie Avanzate Franco Salvatore (Italy),CEINGE Biotecnologie Avanzate Franco Salvatore|CEINGE Biotecnologie Avanzate Franco Salvatore (Italy)|CEINGE Biotecnologie Avanzate Franco Salvatore S.C. a r.l.,IT,OpenAlex
https://ror.org/023qdcg29,Airbus (France),Airbus (France),FR,OpenAlex
https://ror.org/03gq8sg42,Yahoo (Spain),Yahoo (Spain),ES,OpenAlex
https://ror.org/000wej815,Kyowa Kirin (Japan),Kyowa Hakko Kirin|Kyowa Kirin (Japan)|協和キリン株式会社,JP,OpenAlex
https://ror.org/03jsdjx34,Cambridge University Press,Cambridge University Press|CUP,GB,OpenAlex
https://ror.org/00n16p182,Martin Marietta Materials (United States),Martin Marietta|Martin Marietta Materials|Martin Marietta Materials (United States)|Martin Marietta Materials Inc.,,OpenAlex
https://ror.org/021z7gb33,Evolutionary Genomics (United States),Evolutionary Genomics (United States)|EG,US,OpenAlex
https://ror.org/05t4zqc79,GeoInformation (United Kingdom),GeoInformation (United Kingdom),GB,OpenAlex
https://ror.org/03yt1ez60,Cisco Systems (United States),Cisco Systems (United States),US,OpenAlex
https://ror.org/05d4tza70,Roland Hill (United Kingdom),Roland Hill (United Kingdom),GB,OpenAlex
https://ror.org/02j3xat32,National Iranian Oil Company (Iran),National Iranian Oil Company (Iran)|Sherkat-e Melli-ye Naft-e Īrān|پژوهشگاه صنعت نفت|NIOC,IR,OpenAlex
https://ror.org/04z3gk160,Detroit R&D (United States),Detroit R&D (United States),US,OpenAlex
https://ror.org/01rt7y457,Baogang Group (China),Baogang Group (China)|Baotou Iron and Steel Group|Baotou Steel,CN,OpenAlex
https://ror.org/02kr42612,Nvidia (United Kingdom),NVIDIA UK|Nvidia (United Kingdom),GB,OpenAlex
https://ror.org/017b7j426,Altera (United States),Altera (United States),US,OpenAlex
https://ror.org/02wvcn790,Carmel (Israel),"Carmel (Israel)|כרמל בע""מ",IL,OpenAlex
https://ror.org/046v9f126,Material Sciences (United States),Material Sciences (United States)|MSC,US,OpenAlex
https://ror.org/04hadnb81,ConocoPhillips (United States),ConocoPhillips (United States),US,OpenAlex
https://ror.org/01g8djv19,Solvay (Belgium),Solvay (Belgium),BE,OpenAlex
https://ror.org/045sjkt56,Mylan (Switzerland),Milan|Mylan (Switzerland),CH,OpenAlex
https://ror.org/03n3nz506,General Motors (Poland),General Motors (Poland),PL,OpenAlex
https://ror.org/01545pm61,Analog Devices (United States),Analog|Analog Devices (United States)|ADI,US,OpenAlex
https://ror.org/01yk36x23,Nippon Soken (Japan),Nippon Soken (Japan)|日本総研,JP,OpenAlex
https://ror.org/05tywyy79,Gazprom (Russia),Gazprom (Russia)|Публичное Акционерное Общество Газпром,RU,OpenAlex
https://ror.org/04v98kq37,Renault (France),Renault (France),FR,OpenAlex
https://ror.org/05p67dv18,China Telecom,China Telecom|China Telecom Corporation|中国电信股份有限公司,CN,OpenAlex
https://ror.org/03bs18y54,Infosys (India),Infosys|Infosys (India),IN,OpenAlex
https://ror.org/018nb9n34,IHI Corporation (Japan),"IHI Corporation (Japan)|Ishikawajima Harima Jūkōgyō Kabushiki-gaisha|Ishikawajima-Harima Heavy Industries Co., Ltd|株式会社IHI",JP,OpenAlex
https://ror.org/04z1c5686,Encana (Canada),Encana (Canada),CA,OpenAlex
https://ror.org/00xdg8m59,Bell (Canada),Bell|Bell (Canada)|Bell Canada Enterprises|BCE,CA,OpenAlex
https://ror.org/05j00pb84,Materials Processing (United States),Materials Processing (United States)|MPI,US,OpenAlex
https://ror.org/020h4b682,Digital Science (United States),Digital Science & Research Limited|Digital Science (United States),US,OpenAlex
https://ror.org/05gg0gh87,Canon (Japan),Canon (Japan)|Seikikōgaku kenkyūsho|キヤノン株式会社,JP,OpenAlex
https://ror.org/05yab6874,Varian Medical Systems (United States),Varian Associates|Varian Medical Systems (United States)|VAR,US,OpenAlex
https://ror.org/05vs9tj88,BMW (Germany),BMW (Germany)|Bayerische Motoren Werke,DE,OpenAlex
https://ror.org/00wt7xg39,Westat (United States),Westat (United States),US,OpenAlex
https://ror.org/04knh8e66,Aselsan (Turkey),Aselsan (Turkey)|Askeri Elektronik Sanayi|Military Electronic Industries,TR,OpenAlex
https://ror.org/04bxk0j07,Núcleo de Pesquisas Aplicadas (Brazil),Núcleo de Pesquisas Aplicadas (Brazil)|NPA,BR,OpenAlex
https://ror.org/02sr2ee22,PRG S&Tech (South Korea),PRG S & Tech Inc.|PRG S&Tech|PRG S&Tech (South Korea)|PRG S&Tech Inc.|PRG Science & Technology Inc.|PRG Science and Technology|PRG Science and Technology Inc.|Pioneer of Rare Genopathies via Science and Technology|피알지에스앤텍|PRGST,,OpenAlex
https://ror.org/00hgexf21,TranS1 (United States),TranS1 (United States),US,OpenAlex
https://ror.org/05tj5za17,General Electric (Switzerland),General Electric (Switzerland)|GE,CH,OpenAlex
https://ror.org/02fdb8q57,Saint-Gobain (France),Saint-Gobain (France),FR,OpenAlex
https://ror.org/04c235406,DNV (Norway),DNV (Norway)|Det Norske Veritas|Det Norske Veritas Germanischer Lloyd|DNV|DNV GL,NO,OpenAlex
https://ror.org/01zxfhv73,Energetics (United States),Energetics (United States),US,OpenAlex
https://ror.org/00m8prc86,Deutsche Telekom (Germany),Deutsche Telekom (Germany)|German Telecom|DT,DE,OpenAlex
https://ror.org/033q0mv79,Xerox (France),Haloid Photographic Company|Xerox (France),FR,OpenAlex
https://ror.org/02tryst02,Agilent Technologies (United States),Agilent Technologies (United States),US,OpenAlex
https://ror.org/02vfj3j86,Shanghai Fudan Microelectronics (China),Shanghai Fudan Microelectronics (China)|上海复旦微电子集团股份有限公司,CN,OpenAlex
https://ror.org/01n029866,UCB Pharma (Belgium),UCB Pharma (Belgium)|Union Chimique Belge,BE,OpenAlex
https://ror.org/05s8x7560,PerkinElmer (United States),PerkinElmer (United States),US,OpenAlex
https://ror.org/02wq41p38,Aviation Industry Corporation of China (China),Aviation Industry Corporation of China (China)|中国航空工业集团公司|AVIC,CN,OpenAlex
https://ror.org/03xrg8731,Kansai Electric Power (Japan),Kansai Electric Power (Japan)|関西電力株式会社,JP,OpenAlex
https://ror.org/00czndn44,Eaton (United States),Eaton (United States)|Eaton Corporation Plc,US,OpenAlex
https://ror.org/005b83279,InfoConsult (Germany),InfoConsult (Germany),DE,OpenAlex
https://ror.org/003yb7p17,Alcoa (United States),Alcoa (United States)|Aluminum Company of America,US,OpenAlex
https://ror.org/05nrrsx06,Swiss Center for Electronics and Microtechnology (Switzerland),Centre Suisse d'Électronique et de Microtechnique|Swiss Center for Electronics and Microtechnology (Switzerland)|CSEM,CH,OpenAlex
https://ror.org/00hc2mf91,Microsoft (Brazil),Microsoft (Brazil)|MS,BR,OpenAlex
https://ror.org/03natb733,Hamamatsu Photonics (Japan),Hamamatsu Hotonikusu Kabushiki-Gaisha|Hamamatsu Photonics (Japan)|浜松ホトニクス株式会社,JP,OpenAlex
https://ror.org/02zme4e72,JEOL (Japan),JEOL (Japan)|Japan Electron Optics Laboratory|Nihon Denshi|日本電子,JP,OpenAlex
https://ror.org/05qsqt662,KDDI Research (Japan),KDDI Research (Japan)|株式会社KDDI総合研究所,JP,OpenAlex
https://ror.org/016t1kc57,Kao Corporation (Japan),Kao Corporation (Japan)|Kao Kabushiki Gaisha|花王株式会社,JP,OpenAlex
https://ror.org/01fp7rv25,Ingegneria dei Trasporti (Italy),Ingegneria dei Trasporti (Italy),IT,OpenAlex
https://ror.org/053ng1p06,Eastman Chemical Company (United States),Eastman|Eastman Chemical Company (United States),US,OpenAlex
https://ror.org/04xpcky34,Fischer (Germany),Fischer (Germany)|Fischerwerke,DE,OpenAlex
https://ror.org/00c2tyx86,ARUP Laboratories (United States),ARUP Laboratories (United States),US,OpenAlex
https://ror.org/044mkdq33,Ajinomoto (Japan),Ajinomoto (Japan)|Ajinomoto Kabushiki-gaisha|味の素株式会社,JP,OpenAlex
https://ror.org/012cc0c94,Core Competence,Bell Communications Research|Core Competence,US,OpenAlex
https://ror.org/03me92s48,Bechtel (United States),Bechtel (United States),US,OpenAlex
https://ror.org/00t8bew53,Ionis Pharmaceuticals (United States),Ionis Pharmaceuticals (United States),US,OpenAlex
https://ror.org/03wrs2f16,Sanyo (Japan),"Sanyo (Japan)|Sanyo Chemical Industries, Ltd|三洋化成工業株式会社",JP,OpenAlex
https://ror.org/028w99c90,China United Network Communications Group (China),China Unicom|China United Network Communications Group (China)|中国联合网络通信集团有限公司,CN,OpenAlex
https://ror.org/016tr2j79,Uni Research (Norway),UNIFOB|Uni Research (Norway),NO,OpenAlex
https://ror.org/03qgzzb04,Telefonica Research and Development,Telefonica Research and Development|Telefónica I+D|Telefónica Investigación y Desarrollo,ES,OpenAlex
https://ror.org/03qqw3m37,United Imaging Healthcare (China),United Imaging Healthcare (China),CN,OpenAlex
https://ror.org/046p12h21,Bio-Medical Science (South Korea),Bio-Medical Science (South Korea)|BMS,KR,OpenAlex
https://ror.org/046gbzb64,Maersk (Denmark),A.P. Moller–Maersk Group|A.P. Møller–Mærsk A/S|Maersk (Denmark),DK,OpenAlex
https://ror.org/04rveb346,China State Shipbuilding (China),China State Shipbuilding (China)|中国船舶工业集团公司|CSSC,CN,OpenAlex
https://ror.org/01q4pk532,Hydro One (Canada),Hydro One (Canada),CA,OpenAlex
https://ror.org/04cv8g472,Systems Technology (United States),Systems Technology (United States)|STI,US,OpenAlex
https://ror.org/04gcecg21,Norsk Hydro (Germany),Hydro|Norsk Hydro (Germany),DE,OpenAlex
https://ror.org/026m9xy48,AstraZeneca (Brazil),AstraZeneca (Brazil),BR,OpenAlex
https://ror.org/024tgbv41,Roche (United Kingdom),Roche (United Kingdom),GB,OpenAlex
https://ror.org/00wm3b005,STMicroelectronics (Switzerland),STMicroelectronics (Switzerland),CH,OpenAlex
https://ror.org/03xkm6e60,Deloitte (United States),Deloitte (United States)|Deloitte Touche Tohmatsu Limited,US,OpenAlex
https://ror.org/02x5wxx17,Faculty of 1000 (United States),F1000|Faculty of 1000 (United States),US,OpenAlex
https://ror.org/013by2m91,Synopsys (United States),Synopsys (United States),US,OpenAlex
https://ror.org/04kd6c783,Advanced Micro Devices (United States),Advanced Micro Devices (United States)|AMD,US,OpenAlex
https://ror.org/05vt21141,Institut für Technische und Angewandte Physik (Germany),Institut für Technische und Angewandte Physik (Germany)|ITAP,DE,OpenAlex
https://ror.org/00n3pea85,GlaxoSmithKline (Belgium),GlaxoSmithKline (Belgium)|GSK,BE,OpenAlex
https://ror.org/00a4npp83,Dyson (United Kingdom),Dyson (United Kingdom),GB,OpenAlex
https://ror.org/02029yx61,Ecolab (United States),Ecolab (United States)|Economics Laboratory,US,OpenAlex
https://ror.org/040g76k92,IQVIA (United Kingdom),IQVIA (United Kingdom)|Quintiles,GB,OpenAlex
https://ror.org/00s3ykq41,Photonics (United States),Photonics (United States),US,OpenAlex
https://ror.org/044kkbh92,BMW Group (Germany),BMW Group (Germany),DE,OpenAlex
https://ror.org/01y24f494,Woodward (United States),Woodward (United States),US,OpenAlex
https://ror.org/000bdn450,Syngenta (United Kingdom),Syngenta (United Kingdom),GB,OpenAlex
https://ror.org/016kvft77,Hyundai Motors (South Korea),Hyundai Motors (South Korea)|현대자동차,KR,OpenAlex
https://ror.org/001wtjx27,Tata Steel (India),Tata Iron and Steel Company Limited|Tata Steel (India)|TISCO,IN,OpenAlex
https://ror.org/05v1frz10,United Aircraft (Russia),Obyedinyonnaya Aviastroitelnaya Korporatsiya|United Aircraft (Russia)|Объединённая авиастроительная корпорация|OAK|UAC,RU,OpenAlex
https://ror.org/05d8avs16,Mitsubishi Chemical (Japan),Mitsubishi Chemical (Japan)|三菱ケミカル株式会社|MCC,JP,OpenAlex
https://ror.org/03k8der79,Shimadzu (Japan),Shimadzu (Japan)|株式会社 島津製作所,JP,OpenAlex
https://ror.org/00wgn9w85,Redondo Optics (United States),Redondo Optics (United States),US,OpenAlex
https://ror.org/02j9n6e35,ALBA Synchrotron (Spain),ALBA Synchrotron (Spain),ES,OpenAlex
https://ror.org/05faa4c07,State Grid Shanghai Municipal Electric Power Company (China),State Grid Shanghai Electric Power Company|State Grid Shanghai Municipal Electric Power Company|State Grid Shanghai Municipal Electric Power Company (China)|State Grid Shanghai Municipal Electrical Power Company|上海市电力公司-国家电网|国网上海市电力公司|SMEPC,CN,OpenAlex
https://ror.org/05qc7pm63,Hannover Re (Germany),Aktiengesellschaft für Transport- und Rückversicherung|Hannover Re (Germany)|Hannover Rück|ATR,DE,OpenAlex
https://ror.org/05h40ds73,Westinghouse Electric (Japan),Westinghouse Electric (Japan),JP,OpenAlex
https://ror.org/040dkzz12,Yahoo (United States),Yahoo (United States),US,OpenAlex
https://ror.org/01bs84e19,CCCC Highway Consultants (China),CCCC Highway Consultants (China)|Highway Planning and Design Institute|中交公路规划设计院有限公司|HPDI,CN,OpenAlex
https://ror.org/02fv52296,Micron (United States),Micron (United States)|Micron Technology,US,OpenAlex
https://ror.org/02ya5n776,Technicolor (France),Technicolor (France)|Thomson Inc|Thomson Multimedia,FR,OpenAlex
https://ror.org/05sqf9v67,Safran (France),Safran (France),FR,OpenAlex
https://ror.org/04jvb9y72,Cellular Research (United States),Cellular Research (United States),US,OpenAlex
https://ror.org/043affe91,Stryker (United States),Stryker (United States),US,OpenAlex
https://ror.org/01h9v1373,Language Science (South Korea),Language Science (South Korea)|언어과학,KR,OpenAlex
https://ror.org/001bvc968,Canadian Light Source (Canada),Canadian Light Source (Canada)|Centre Canadien de Rayonnement Synchrotron|CCRS|CLS,CA,OpenAlex
https://ror.org/00e2e3n51,Mitsubishi Electric Research Laboratories (United States),MERL|Mitsubishi Electric Research Laboratories|Mitsubishi Electric Research Laboratories (United States),US,OpenAlex
https://ror.org/051hz3762,State Grid Shandong Electric Power Company (China),"Shandong Electric Power Company|Shandong Electric Power Company, State Grid|State Grid Shandong Electric Power Company (China)|国网山东省电力公司",CN,OpenAlex
https://ror.org/05p330p21,Shell (United Kingdom),Royal Dutch Shell|Shell (United Kingdom),GB,OpenAlex
https://ror.org/00sh68184,Roche Pharma AG (Germany),Roche Germany|Roche Pharma AG|Roche Pharma AG (Germany),DE,OpenAlex
https://ror.org/05k34t975,Illumina (United States),Illumina (United States),US,OpenAlex
https://ror.org/04h1q4c89,Applied Materials (United States),Applied Materials (United States),US,OpenAlex
https://ror.org/04xa5qt51,XLAB (Slovenia),XLAB (Slovenia),SI,OpenAlex
https://ror.org/04ccqwj03,Mitsubishi Electric (Germany),Mitsubishi Electric (Germany)|MELCO,DE,OpenAlex
https://ror.org/04x9v7g36,Scripps (United States),E.W. Scripps Company|Scripps (United States),US,OpenAlex
https://ror.org/01e5t7e46,Nanomaterials Research (United States),Nanomaterials Research (United States)|NRC,US,OpenAlex
https://ror.org/01hx00y13,Qatar Airways (Qatar),Qatar Airways (Qatar)|القطرية‎,QA,OpenAlex
https://ror.org/018mdm506,Ford Motor Company (France),Ford Motor Company (France),FR,OpenAlex
https://ror.org/04d3djg48,Qualcomm (United Kingdom),Qualcomm (United Kingdom),GB,OpenAlex
https://ror.org/0370sjj75,Optum (United States),Optum (United States),US,OpenAlex
https://ror.org/036dv6j71,Human Computer Interaction (Switzerland),Human Computer Interaction (Switzerland)|HCI,CH,OpenAlex
https://ror.org/04r739x86,Bruker (United States),Bruker (United States),US,OpenAlex
https://ror.org/05mh3a113,BioElectronics (United States),BioElectronics (United States),US,OpenAlex
https://ror.org/02n7mrn32,Chubu Electric Power (Japan),Chubu Electric Power (Japan)|Chuden|Chūbu Denryoku Kabushiki Kaisha|中部電力株式会社,JP,OpenAlex
https://ror.org/02gpdzc63,Labor (Italy),Labor (Italy),IT,OpenAlex
https://ror.org/03gyssm79,China Railway Construction Corporation (China),China Railway Construction Corporation (China)|中国铁路建设总公司|CRCC,CN,OpenAlex
https://ror.org/01dkjkq64,Jingdong (China),360buy|JD.com|Jingdong (China)|京东,CN,OpenAlex
https://ror.org/059hsda18,Apple (United States),Apple|Apple (United States)|Apple Computer Company|Apple Computers,US,OpenAlex
https://ror.org/04s361q55,Cognitive Research (United States),Cognitive Research (United States)|CRC,US,OpenAlex
https://ror.org/05fqg8t87,Syngenta (Switzerland),Syngenta (Switzerland),CH,OpenAlex
https://ror.org/002fen565,BC Platforms (Finland),BC Platforms (Finland),FI,OpenAlex
https://ror.org/03696td91,SK Group (South Korea),SK Group (South Korea)|Sunkyong Group|에스케이그룹,KR,OpenAlex
https://ror.org/04ywg3445,New England Biolabs (United States),New England Biolabs (United States)|NEB,US,OpenAlex
https://ror.org/02w314k38,Denso (United States),Denso (United States),US,OpenAlex
https://ror.org/04hdhz511,Pierre Fabre (France),Laboratoires Pierre Fabre|Pierre Fabre (France),FR,OpenAlex
https://ror.org/040ek4035,Pemex (Mexico),Pemex (Mexico),MX,OpenAlex
https://ror.org/03wnt7k73,Hormel (United States),George A. Hormel & Company|Hormel (United States)|Hormel Foods Corporation,US,OpenAlex
https://ror.org/03rz4pm90,Nortel (Canada),Nortel (Canada)|Northern Electric|Northern Telecom,CA,OpenAlex
https://ror.org/05c5a2504,Radar (United States),Radar (United States),US,OpenAlex
https://ror.org/047933096,Health Economics and Outcomes Research (United Kingdom),Health Economics and Outcomes Research (United Kingdom)|HEOR,GB,OpenAlex
https://ror.org/04p1xtv71,Seagate (United States),Seagate|Seagate (United States)|Shugart Technology,US,OpenAlex
https://ror.org/04excst21,Bruker (Germany),Bruker (Germany),DE,OpenAlex
https://ror.org/02885vs25,Fluor (United States),Fluor (United States),US,OpenAlex
https://ror.org/02rrq8748,Descartes (Belgium),Descartes (Belgium)|Descartes Systems Group,BE,OpenAlex
https://ror.org/02c4ez492,Hershey (United States),Hershey (United States)|Hershey Foods Corporation,US,OpenAlex
https://ror.org/03k4vk194,Grace (United States),Grace (United States)|W. R. Grace & Company,US,OpenAlex
https://ror.org/01cjash87,Astellas Pharma (Japan),Astellas Pharma (Japan)|Asuterasu Seiyaku Kabushiki-gaisha|アステラス製薬株式会社,JP,OpenAlex
https://ror.org/058stpv70,Huainan Mining Industry Group (China),Huainan Mining Industry Group (China)|淮南矿业集团,CN,OpenAlex
https://ror.org/02qtpb069,Medica (Italy),Medica (Italy),IT,OpenAlex
https://ror.org/0493bmq37,Fujifilm (Japan),Fuji|Fujifilm (Japan)|Fujifilm Holdings Corporation|Fujifuirumu Kabushiki-kaisha|富士フイルム株式会社,JP,OpenAlex
https://ror.org/04w8xa018,Cadence Design Systems (United States),Cadence Design Systems (United States),US,OpenAlex
https://ror.org/023p4rz42,AstraZeneca (Singapore),AstraZeneca (Singapore),SG,OpenAlex
https://ror.org/05h86nk22,Zhejiang Medicine (China),Zhejiang Medicine (China),CN,OpenAlex
https://ror.org/048gksa87,Kajima Corporation (Japan),Kajima Corporation (Japan)|Kajima Kensetsu Kabushiki-gaisha|鹿島建設株式会社,JP,OpenAlex
https://ror.org/011xesh37,Razi Vaccine and Serum Research Institute,Razi Vaccine and Serum Research Institute,IR,OpenAlex
https://ror.org/03ytdtb31,Sanofi (Germany),Sanofi (Germany),DE,OpenAlex
https://ror.org/02w7f3w92,Microsoft Research (India),Microsoft Research (India),IN,OpenAlex
https://ror.org/040ehaj20,Akebono (Japan),Akebono (Japan)|曙ブレーキ工業株式会社,JP,OpenAlex
https://ror.org/02bn55144,Zimmer Biomet (United States),Biomet|Zimmer Biomet (United States),US,OpenAlex
https://ror.org/021m54z79,Takara (Japan),Takara (Japan)|Takara Hōrudingusu Kabushiki-gaisha|宝ホールディングス株式会社,JP,OpenAlex
https://ror.org/02ske4z75,Aquatic Systems (United States),Aquatic Systems (United States),US,OpenAlex
https://ror.org/009e19j97,Nissan (United Kingdom),Nissan (United Kingdom)|NMUK,GB,OpenAlex
https://ror.org/03pfqk412,Allergan (United States),Actavis|Allergan (United States),US,OpenAlex
https://ror.org/02f60yb64,Qinetiq (United Kingdom),Qinetiq (United Kingdom),GB,OpenAlex
https://ror.org/04sapgw72,Sumitomo Dainippon Pharma (Japan),Dainippon Sumitomo Seiyaku Kabushiki-Gaisha|Sumitomo Dainippon Pharma (Japan)|大日本住友製薬株式会社,JP,OpenAlex
https://ror.org/04b0q3m21,Victor (Japan),"Victor (Japan)|Victor Company of Japan, Ltd|日本ビクター株式会社|JVC",JP,OpenAlex
https://ror.org/01nmxvn49,Chengdu Organic Chemicals (China),Chengdu Institute of Organic Chemistry|Chengdu Organic Chemicals (China)|中国科学院成都有机化学有限公司|COCC,CN,OpenAlex
https://ror.org/036gc1b60,Renewable Energy Systems (United States),Renewable Energy Systems (United States)|RES,US,OpenAlex
https://ror.org/00ynqbp15,Integra (United States),Integra (United States)|Integra Technologies,US,OpenAlex
https://ror.org/01reevc91,Intelligent Systems Research (United States),Intelligent Systems Research (United States),US,OpenAlex
https://ror.org/0502afh35,Abt Global (United States),Abt Associates|Abt Global|Abt Global (United States),US,OpenAlex
https://ror.org/03bskcm82,Contextual Change (United States),Contextual Change (United States),US,OpenAlex
https://ror.org/00cwdhv97,China North Industries Group Corporation (China),China North Engine Research Institute|China North Industries Group Corporation (China)|中国北方工业公司|CNERI|Norinco,CN,OpenAlex
https://ror.org/03b6zzt23,Futaba (Japan),Futaba (Japan)|Futaba Denshi Kōgyō Kabushiki-gaisha|双葉電子工業株式会社,JP,OpenAlex
https://ror.org/03jwzwq24,Xerox (United States),Haloid Photographic Company|Xerox (United States),US,OpenAlex
https://ror.org/0579h7m09,Creative Research Enterprises (United States),Creative Research Enterprises (United States)|CRE,US,OpenAlex
https://ror.org/03msrn925,Sumitomo Electric Industries (United States),Sumitomo Electric Industries (United States)|SEI,US,OpenAlex
https://ror.org/051rcp357,Booz Allen Hamilton (United States),Booz Allen Hamilton (United States),US,OpenAlex
https://ror.org/01bydex26,Anstalt für Verbrennungskraftmaschinen List (Austria),Anstalt für Verbrennungskraftmaschinen List (Austria)|AVL,AT,OpenAlex
https://ror.org/02scfj030,RELX Group (Netherlands),RELX Group (Netherlands)|Reed Elsevier,NL,OpenAlex
https://ror.org/0385es521,Boston Scientific (United States),Boston Scientific (United States)|Boston Scientific Corporation|BSC,US,OpenAlex
https://ror.org/01xhv6h58,Sage (United Kingdom),Sage (United Kingdom)|Sage Accounting|Sage Group,GB,OpenAlex
https://ror.org/02qh8xh72,Dow Chemical (India),Dow Chemical (India)|Dow India,IN,OpenAlex
https://ror.org/00jhae347,Medical Protective,Medical Protective,US,OpenAlex
https://ror.org/00zqddg96,Sanden (Japan),Sanden (Japan)|Sanden Kabushiki Kaisha|サンデン株式会社,JP,OpenAlex
https://ror.org/00egpfv87,Adelphi Group (United Kingdom),Adelphi Group (United Kingdom),GB,OpenAlex
https://ror.org/04gbh9b75,General Electric (Spain),General Electric (Spain)|GE,ES,OpenAlex
https://ror.org/00ycas454,Telio (Norway),Telio (Norway),NO,OpenAlex
https://ror.org/01sggg367,Kawasaki Heavy Industries (Japan),Kawasaki Heavy Industries (Japan)|Kawasaki Jūkōgyō Kabushiki-gaisha|川崎重工業株式会社|KHI,JP,OpenAlex
https://ror.org/03nwpr620,Brunswick (United States),Brunswick (United States)|Brunswick-Balke-Collender Company,US,OpenAlex
https://ror.org/00az85j53,Dongfang Electric Corporation (China),Dongfang Electric Corporation (China)|DEC,CN,OpenAlex
https://ror.org/01c79fd45,Space (Italy),Space (Italy),IT,OpenAlex
https://ror.org/0526cz443,Henkel (Germany),Henkel (Germany),DE,OpenAlex
https://ror.org/009qhsr26,"Yunnan Power Grid Co., Ltd. (China)","Yunnan Electric Power Grid|Yunnan Power Grid Co., Ltd. (China)|Yunnan Power Grid Company|Yunnan Power Grid Corporation|云南电网有限责任公司|YPGC",CN,OpenAlex
https://ror.org/01qmw3j63,Evonik (Germany),Evonik (Germany),DE,OpenAlex
https://ror.org/00t4db855,Alstom (France),Alstom (France),FR,OpenAlex
https://ror.org/00g5w7n47,Ant Group (China),"Ant Financial|Ant Financial Services Group|Ant Group|Ant Group (China)|Ant Group Co., Ltd.|アントグループ|蚂蚁科技集团股份有限公司|蚂蚁集团|앤트그룹",CN,OpenAlex
https://ror.org/004cn7092,NTT (United States),NTT (United States)|Nippon Telegraph and Telephone,US,OpenAlex
https://ror.org/04beck307,Eau de Paris (France),Eau de Paris (France),FR,OpenAlex
https://ror.org/05cf5b117,Ansys (United States),Ansys (United States),US,OpenAlex
https://ror.org/01qhj1g70,Daiichi Sankyo (Germany),Daiichi Sankyo (Germany)|第一三共株式会社,DE,OpenAlex
https://ror.org/03wj9h986,China Huadian Corporation (China),China Huadian Corporation (China)|Huadian Group|中国华电集团公司,CN,OpenAlex
https://ror.org/03n2yfa15,"NTT DOCOMO, Inc. (Japan)","NTT DOCOMO, Inc.|NTT DOCOMO, Inc. (Japan)|NTT Docomo|NTT Mobile Communications Network|NTT Mobile Communications Network, Inc.|NTT Mobile Communications Network, Inc. (Japan)|エヌ・ティ・ティ移動通信網株式会社|株式会社NTTドコモ",JP,OpenAlex
https://ror.org/010xeam31,Ono Pharmaceutical (United States),Ono Pharmaceutical (United States),US,OpenAlex
https://ror.org/028gxg804,Catalytic Materials (United States),Catalytic Materials (United States),US,OpenAlex
https://ror.org/01ev6a639,Research International (United States),Research International (United States),US,OpenAlex
https://ror.org/00fcszb13,Pacific Biosciences (United States),PacBio|Pacific Biosciences (United States),US,OpenAlex
https://ror.org/04eg47h42,Walt Disney (United States),Disney|Walt Disney (United States),US,OpenAlex
https://ror.org/0353t4m91,First Automotive Works (China),China FAW|China FAW Group Co.|First Automotive Works (China)|FAW,CN,OpenAlex
https://ror.org/01j45tp19,Joensuu Science Park,Joensuu Science Park,FI,OpenAlex
https://ror.org/00xwgwv92,Kelly Services (United States),Kelly Girl Service|Kelly Services (United States)|Russell Kelly Office Service,US,OpenAlex
https://ror.org/01txhcw25,Cell Technology (China),Cell Technology (China),HK,OpenAlex
https://ror.org/00h7gyj76,Sumitomo Metal Mining (Japan),Sumitomo Metal Mining (Japan)|住友金属鉱山株式会社,JP,OpenAlex
https://ror.org/029xh1r47,"Toray Industries, Inc. (Japan)","Toray|Toray Industries, Inc.|Toray Industries, Inc. (Japan)|Toyo Rayon|Toyo Rayon Co., Ltd.|Toyorayon|Tōre Kabushiki-gaisha|東レ株式会社|東洋レーヨン株式会社",JP,OpenAlex
https://ror.org/04fdch955,Clean Energy (United States),Clean Energy (United States),US,OpenAlex
https://ror.org/02q248z41,Advisory Board Company (United States),Advisory Board Company (United States),US,OpenAlex
https://ror.org/00nb3j622,L'Oréal (France),L'Oréal (France),FR,OpenAlex
https://ror.org/04a3akw68,Airbus (Germany),Airbus (Germany),DE,OpenAlex
https://ror.org/031fvch84,Kirchhoff (Germany),Kirchhoff (Germany),DE,OpenAlex
https://ror.org/03gf10a58,Applied Physical Sciences (United States),Applied Physical Sciences (United States)|APS,US,OpenAlex
https://ror.org/0503rt987,Oki Electric Industry (Japan),Oki Denki Kōgyō Kabushiki-gaisha|Oki Electric Industry (Japan)|沖電気工業株式会社,JP,OpenAlex
https://ror.org/02h0ps145,GlobalFoundries (United States),GlobalFoundries (United States),US,OpenAlex
https://ror.org/05xe0se54,Furukawa Electric (Japan),Furukawa Electric (Japan)|古河電気工業,JP,OpenAlex
https://ror.org/0523vvf33,China Aerospace Science and Industry Corporation (China),China Aerospace Machinery and Electronics Corporation|China Aerospace Science and Industry Corporation (China)|中国航天科工集团公司|CASIC,CN,OpenAlex
https://ror.org/03n53gr48,Human Longevity (United States),Human Longevity (United States)|HLI,US,OpenAlex
https://ror.org/017qypp02,ExxonMobil (Germany),ExxonMobil (Germany),DE,OpenAlex
https://ror.org/03zq0jh88,Kuwait Oil Company (Kuwait),Kuwait Oil Company|Kuwait Oil Company (Kuwait)|شركة نفط الكويت|KOC,KW,OpenAlex
https://ror.org/05j26dk60,AviChina Industry & Technology (China),AviChina|AviChina Industry & Technology (China)|中国航空科技工业股份有限公司|AVIC,CN,OpenAlex
https://ror.org/049nfwr75,JFE Steel Corporation (Japan),JFE Steel|JFE Steel Corporation|JFE Steel Corporation (Japan)|JFEスチール株式会社,JP,OpenAlex
https://ror.org/031y6w871,Fimlab (Finland),Fimlab (Finland)|Fimlab Laboratoriot,FI,OpenAlex
https://ror.org/00rs9dy63,Advanced Energy (United States),Advanced Energy (United States),US,OpenAlex
https://ror.org/03kmaet43,Stadtwerke Jülich (Germany),Stadtwerke Jülich (Germany)|SWJ,DE,OpenAlex
https://ror.org/031tysd23,Coherent (United States),Coherent (United States),US,OpenAlex
https://ror.org/03yca1933,Fairchild Semiconductor (United States),Fairchild Semiconductor (United States),US,OpenAlex
https://ror.org/01rkxa860,Dr. Reddy's Laboratories (India),Dr. Reddy's Laboratories (India)|डॉ. रेड्डीज लेबोरेटरीज|டா. ரெட்டீசு|డా. రెడ్డీస్ ల్యాబ్స్|ಡಾ. ರೆಡ್ಡೀ'ಸ್ ಲ್ಯಾಬೋರೇಟರೀಸ್,IN,OpenAlex
https://ror.org/02dyqfb80,Silicon Labs (United States),Silicon Labs (United States),US,OpenAlex
https://ror.org/04jjxmt88,Tenaga Nasional Berhad (Malaysia),Tenaga Nasional Berhad (Malaysia)|تناݢ ناسيونل برحد|TNB,MY,OpenAlex
https://ror.org/04m8av638,ByteDance (China),ByteDance|ByteDance (China),CN,OpenAlex
https://ror.org/01f3bhg26,Volkswagen Group (Germany),Volkswagen Aktiengesellschaft|Volkswagen Group (Germany),DE,OpenAlex
https://ror.org/0156f0c06,ICF International (United States),ICF International (United States)|ICFI,US,OpenAlex
https://ror.org/056gzgs71,Huawei Technologies (United Kingdom),Huawei Technologies (United Kingdom),GB,OpenAlex
https://ror.org/04zj4k586,Tokuyama (Japan),Tokuyama (Japan)|株式会社トクヤマ,JP,OpenAlex
https://ror.org/03end3932,GGG (France),Compagnie Générale de Géophysique|GGG (France),FR,OpenAlex
https://ror.org/03wrvmn80,Kodak (France),Eastman Kodak Company|Kodak (France),FR,OpenAlex
https://ror.org/0391pty66,Hunan Xiangdian Test Research Institute (China),Hunan Provincial Electric Power High-tech Development Corporation|Hunan Provincial Xiangdian Experimental Research Institute|Hunan Xiangdian Test Research Institute (China)|湖南湘电测试研究所,CN,OpenAlex
https://ror.org/00qcr4910,Atkins (United Kingdom),Atkins (United Kingdom)|WS Atkins,GB,OpenAlex
https://ror.org/034tcbt19,Catalyse,Catalyse,FR,OpenAlex
https://ror.org/033wnbm63,Jensen Hughes (United States),Hughes Associates|Jensen Hughes (United States),US,OpenAlex
https://ror.org/03bfyaa19,Goodyear (United States),Goodyear (United States)|Goodyear Tire and Rubber Company,US,OpenAlex
https://ror.org/00rjhhq63,ZTE (China),ZTE (China)|Zhongxing Telecommunication Equipment Corporation|中兴通讯股份有限公司,CN,OpenAlex
https://ror.org/031yrna52,Ajinomoto (United States),Ajinomoto (United States),US,OpenAlex
https://ror.org/004g36n56,Software (Germany),Software (Germany),DE,OpenAlex
https://ror.org/04ttbbx73,Innovation Team (China),Innovation Team (China)|創新團隊有限公司,HK,OpenAlex
https://ror.org/0097wyf31,Hitachi (United Kingdom),Hitachi (United Kingdom)|Kabushiki-gaisha Hitachi Seisakusho,GB,OpenAlex
https://ror.org/00f7vya03,Thales (Australia),ADI Limited|Thales (Australia),AU,OpenAlex
https://ror.org/0072d4h61,Bioscience (China),Bioscience (China)|Bioscience (Tianjin) Diagnostic Technology|博奥赛斯,CN,OpenAlex
https://ror.org/01zej3n42,Institut de Recherches Internationales Servier (France),Institut de Recherches Internationales Servier|Institut de Recherches Internationales Servier (France)|Institut de Recherches Servier|International Research Institute Servier|IRIS,FR,OpenAlex
https://ror.org/03msng824,Infineon Technologies (Austria),Infineon Technologies (Austria),AT,OpenAlex
https://ror.org/015cafh73,Taisei (Japan),Taisei (Japan)|大成建設株式会社,JP,OpenAlex
https://ror.org/033g21894,CRRC (China),CRRC (China)|CRRC Corporation|CSR Qishuyan Institute|中国中车股份有限公司,CN,OpenAlex
https://ror.org/04c2kcw65,Seibersdorf Laboratories (Austria),Seibersdorf Labor GmbH|Seibersdorf Laboratories (Austria),AT,OpenAlex
https://ror.org/02j69wt57,PetroChina Southwest Oil and Gas Field Company (China),PetroChina Southwest Oil and Gas Field Company|PetroChina Southwest Oil and Gas Field Company (China)|中国石油西南油气田分公司,,OpenAlex
https://ror.org/00gxm5663,Craft Group (China),Craft Group (China),CN,OpenAlex
https://ror.org/017j5za44,Data Management (Italy),Data Management (Italy),IT,OpenAlex
https://ror.org/00cty0112,Takasago (Japan),Takasago (Japan)|高砂香料工業株式会社,JP,OpenAlex
https://ror.org/03p16v381,Taiyuan Iron and Steel Group (China),Taigang Group|Taiyuan Iron and Steel Group (China)|太原钢铁集团|TISCO,CN,OpenAlex
https://ror.org/01s8tz949,Japan Broadcasting Corporation (Japan),Japan Broadcasting Corporation (Japan)|Nippon Hōsō Kyōkai|日本放送協会|NHK,JP,OpenAlex
https://ror.org/052fdp564,Enel (Italy),Enel (Italy)|Ente nazionale per l'energia elettrica,IT,OpenAlex
https://ror.org/03dafc138,Defense Systems (United States),Defense Systems (United States),US,OpenAlex
https://ror.org/05jnq7w45,Heron Therapeutics (United States),Heron Therapeutics (United States),US,OpenAlex
https://ror.org/03zsdhz84,LabCorp (United States),LabCorp (United States)|Laboratory Corporation of America Holdings,US,OpenAlex
https://ror.org/02q2v3574,Research Applications (United States),Research Applications (United States)|RAI,US,OpenAlex
https://ror.org/00psab413,Eli Lilly (United Kingdom),Eli Lilly (United Kingdom),GB,OpenAlex
https://ror.org/00ckv2g77,Multidisciplinary Digital Publishing Institute (Switzerland),Molecular Diversity Preservation International|Multidisciplinary Digital Publishing Institute (Switzerland)|MDPI,CH,OpenAlex
https://ror.org/0410k9915,China Shipbuilding Industry Corporation (China),China Shipbuilding Industry Corporation (China)|中国船舶重工集团公司|CSIC,CN,OpenAlex
https://ror.org/05er00a75,Linde (United States),Linde (United States),US,OpenAlex
https://ror.org/03gbxs308,Funai Electric (Japan),Funai Electric (Japan)|船井電機株式会社,JP,OpenAlex
https://ror.org/0469x1750,Eisai (United States),Eisai (United States)|エーザイ株式会社,US,OpenAlex
https://ror.org/01g9y2x13,Tianjin Institute of Pharmaceutical Research (China),Tianjin Institute of Pharmaceutical Research (China)|天津药物研究所|TIPR,CN,OpenAlex
https://ror.org/00anb1726,Vertex Pharmaceuticals (United States),Vertex Pharmaceuticals (United States),US,OpenAlex
https://ror.org/0033n4009,ABB (Sweden),ABB (Sweden)|Asea Brown Boveri,SE,OpenAlex
https://ror.org/03q3een69,China Communications Construction Company (China),China Communications Construction Company (China)|中国交通建设公司|CCCC,CN,OpenAlex
https://ror.org/03t1ztz45,Shibuya (Japan),Shibuya (Japan),JP,OpenAlex
https://ror.org/021qg3d64,Florence (Netherlands),Florence (Netherlands)|Stichting Zorggroep Florence,NL,OpenAlex
https://ror.org/017fcpb94,Hatch (Canada),Hatch (Canada),CA,OpenAlex
https://ror.org/01xdq1k91,Japan Tobacco (Japan),Japan Tobacco (Japan)|Nihon Tabako Sangyō|日本たばこ産業株式会社|JT,JP,OpenAlex
https://ror.org/027fvqp63,Emmes (United States),Emmes (United States),US,OpenAlex
https://ror.org/05tw0wf88,Airbus (India),Airbus (India),IN,OpenAlex
https://ror.org/04w4xsz15,Janssen Scientific Affairs (United States),"Janssen Scientific Affairs|Janssen Scientific Affairs (United States)|Janssen Scientific Affairs, LLC|JSA",,OpenAlex
https://ror.org/03w8qrn62,Baosteel (China),Baosteel (China)|Baosteel Group Corporation,CN,OpenAlex
https://ror.org/00fxgea47,Novartis (China),Novartis (China)|北京诺华制药有限公司,CN,OpenAlex
https://ror.org/03nbbc502,Ricardo AEA (United Kingdom),AEA Technology|Ricardo AEA (United Kingdom),GB,OpenAlex
https://ror.org/03dnk5950,Canberra (United Kingdom),Canberra (United Kingdom),GB,OpenAlex
https://ror.org/05rgwjj62,Medical Technologies (Czechia),Medical Technologies (Czechia),CZ,OpenAlex
https://ror.org/04fc53j27,Nippon Koei (Japan),Nippon Koei (Japan)|日本工営,JP,OpenAlex
https://ror.org/02g2syx91,Eskom (South Africa),Electricity Supply Commission|Eskom (South Africa)|Eskom Holdings,ZA,OpenAlex
https://ror.org/00cvzzg84,Incyte (United States),Incyte (United States),US,OpenAlex
https://ror.org/02mnaa826,China Design Group (China),China Design Group (China)|Jiangsu Province Communications Planning and Design Institute Limited Company|Jiangsu Provincial Transportation Planning and Design Institute|中设设计集团股份,CN,OpenAlex
https://ror.org/035hx4w46,Bristol-Myers Squibb (Sweden),Bristol-Myers Squibb (Sweden)|BMS,SE,OpenAlex
https://ror.org/03spsm219,Ingegneria dei Sistemi (Italy),Ingegneria dei Sistemi (Italy)|IDS,IT,OpenAlex
https://ror.org/0169taq91,Futures Group (United States),Futures Group (United States)|Palladium,US,OpenAlex
https://ror.org/03kk4nz80,Cyclotron (Netherlands),Cyclotron (Netherlands),NL,OpenAlex
https://ror.org/042n1zz26,Seiko Holdings (Japan),Seiko|Seiko Holdings (Japan)|Seikō Hōrudingusu Kabushiki-gaisha|セイコーホールディングス株式会社,JP,OpenAlex
https://ror.org/01mz6aw81,E Ink (South Korea),E Ink (South Korea),KR,OpenAlex
https://ror.org/038kxkq33,Teijin (Japan),Teijin (Japan)|Teijin Kabushiki-gaisha|帝人株式会社,JP,OpenAlex
https://ror.org/006d11e04,Agricultural Development Advisory Service (United Kingdom),Agricultural Development Advisory Service (United Kingdom)|ADAS,GB,OpenAlex
https://ror.org/05299tt38,Fera Science (United Kingdom),Fera Science (United Kingdom)|Food and Environment Research Agency,GB,OpenAlex
https://ror.org/01j8exy17,Oil and Natural Gas Corporation (India),Oil and Natural Gas Corporation (India)|ONGC,IN,OpenAlex
https://ror.org/02cp0yq73,Cleveland Research (United States),Cleveland Research (United States),US,OpenAlex
https://ror.org/0423wr780,Job Performance Systems (United States),Job Performance Systems (United States)|JPS,US,OpenAlex
https://ror.org/01nvzzy80,China Energy Engineering Corporation (China),China Energy Engineering Corporation (China)|Energy China|中国能源建设股份有限公司|CEEC,CN,OpenAlex
https://ror.org/011y67d23,Novo Nordisk (United States),Novo Nordisk (United States),US,OpenAlex
https://ror.org/04hd8bd67,Murata (Japan),Kabushiki-gaisha Murata Seisakusho|Murata (Japan)|株式会社村田製作所,JP,OpenAlex
https://ror.org/03n6cf849,Ricerca sul Sistema Energetico (Italy),Ricerca sul Sistema Energetico (Italy)|RSE,IT,OpenAlex
https://ror.org/04h03k610,Scienion (Germany),Scienion (Germany),DE,OpenAlex
https://ror.org/01v5qqb32,Safran Aircraft Engines (France),Safran Aircraft Engines (France)|Snecma,FR,OpenAlex
https://ror.org/0214y7014,Sony (Taiwan),Sony (Taiwan),TW,OpenAlex
https://ror.org/02t3fqk56,Digital Wave (United States),Digital Wave (United States),US,OpenAlex
https://ror.org/02hhsqf45,Covance (United States),Covance (United States),US,OpenAlex
https://ror.org/04gdybn86,AstraZeneca (Poland),AstraZeneca (Poland),PL,OpenAlex
https://ror.org/02133fc38,Stinger Ghaffarian Technologies (United States),"SGT, Inc|Stinger Ghaffarian Technologies (United States)|SGT",US,OpenAlex
https://ror.org/01647vc39,Behringwerke (Germany),Behringwerke (Germany),DE,OpenAlex
https://ror.org/02qq5pa23,Geospatial Research (United Kingdom),Geospatial Research (United Kingdom),GB,OpenAlex
https://ror.org/02k01dh53,China Mobile Research Institute,China Mobile Communication Research Institute|China Mobile Research Institute|中国移动研究院|CMRI,CN,OpenAlex
https://ror.org/0173ksf49,Health Outcomes Solutions (United States),Health Outcomes Solutions (United States),US,OpenAlex
https://ror.org/05kv34a53,East Malling Research (United Kingdom),East Malling Research (United Kingdom),GB,OpenAlex
https://ror.org/00sgtyj59,Ansteel (China),Angang Steel Company Limited|Ansteel (China),CN,OpenAlex
https://ror.org/05h6av881,Life & Brain (Germany),Life & Brain (Germany),DE,OpenAlex
https://ror.org/01sbnfq90,IAC (United States),IAC (United States)|InterActiveCorp,US,OpenAlex
https://ror.org/02tbz8k15,University Research Co (United States),University Research Co (United States)|URC,US,OpenAlex
https://ror.org/019tc7185,Faculty of 1000 (United Kingdom),F1000|Faculty of 1000 (United Kingdom),GB,OpenAlex
https://ror.org/05vm7p871,Takeda Oncology (United States),Millennium Pharmaceuticals|Takeda Oncology|Takeda Oncology (United States),US,OpenAlex
https://ror.org/01nks1c62,Nissan (Japan),Nissan (Japan)|Nissan Jidōsha Kabushiki-gaisha|Nissan Motor Company|日産自動車株式会社,JP,OpenAlex
https://ror.org/0500fyd17,Huawei Technologies (Sweden),Huawei Technologies (Sweden),SE,OpenAlex
https://ror.org/04rbbpv92,J-Power (Japan),"Dengen Kaihatsu Kabushiki-gaisha|Denpatsu|Electric Power Development Co., Ltd|J-Power (Japan)|電源開発株式会社",JP,OpenAlex
https://ror.org/01vxknj13,ASML (Netherlands),ASML (Netherlands),NL,OpenAlex
https://ror.org/04sm3yz09,Marathon Oil (United States),Marathon Oil (United States),US,OpenAlex
https://ror.org/01gqqqf26,Mylan (South Africa),Milan|Mylan (South Africa),ZA,OpenAlex
https://ror.org/03nw6pt28,ON Semiconductor (United States),ON Semiconductor (United States),US,OpenAlex
https://ror.org/02zs45744,Takenaka (Japan),Kabushiki-gaisha Takenaka Kōmuten|Takenaka (Japan)|株式会社竹中工務店,JP,OpenAlex
https://ror.org/030r69d22,Duke Energy (United States),Duke Energy (United States),US,OpenAlex
https://ror.org/01v743b94,"Chugai Pharmaceutical Co., Ltd. (Japan)","Chugai Pharmaceutical Co., Ltd.|Chugai Pharmaceutical Co., Ltd. (Japan)|中外製薬株式会社",JP,OpenAlex
https://ror.org/017qqw141,Singer (United States),I. M. Singer & Co.|Singer (United States)|Singer Manufacturing Company|The Singer Company,US,OpenAlex
https://ror.org/00smdp487,Munich Leukemia Laboratory (Germany),Munich Leukemia Laboratory (Germany)|Münchner Leukämielabor|MLL,DE,OpenAlex
https://ror.org/00a1gne75,Teledyne Technologies (United States),Teledyne Technologies (United States),US,OpenAlex
https://ror.org/00nahqd12,Continental (France),Continental (France),FR,OpenAlex
https://ror.org/02ackr434,Foundation Medicine (United States),Foundation Medicine|Foundation Medicine (United States),,OpenAlex
https://ror.org/00spcac30,Guidance (United Kingdom),Guidance (United Kingdom)|Guidance Control Systems|Guidance Marine|Guidance Navigation|GCS,GB,OpenAlex
https://ror.org/02vdyxx64,Verizon (United States),Verizon (United States)|Verizon Communications,US,OpenAlex
https://ror.org/0033rtn64,Gedeon Richter (Hungary),Gedeon Richter (Hungary)|Richter Gedeon Nyrt,HU,OpenAlex
https://ror.org/03rqvr941,Circadian (United States),Circadian (United States)|Circadian Technologies,US,OpenAlex
https://ror.org/04nzrnx83,Naver (South Korea),Naver (South Korea)|네이버,KR,OpenAlex
https://ror.org/03pw0zs24,Jilin Electric Power Research Institute (China),Jilin Electric Power Research Institute (China)|吉林省电力科学研究院有限公司,CN,OpenAlex
https://ror.org/04nw8w376,Leatherhead Food Research,Leatherhead Food Research,GB,OpenAlex
https://ror.org/03dm7dd93,Austrian Centre of Industrial Biotechnology (Austria),Austrian Centre of Industrial Biotechnology (Austria)|ACIB,AT,OpenAlex
https://ror.org/02967gp58,Aptiv (United States),Aptiv (United States)|Delphi Automotive,US,OpenAlex
https://ror.org/016bjqk65,Abu Dhabi Health Services,Abu Dhabi Health Services|SEHA|شركة أبوظبي للخدمات الصحية - صحة,AE,OpenAlex
https://ror.org/04zgvy449,PSA Peugeot Citroën (France),Groupe PSA|PSA Peugeot Citroën (France)|PSA,FR,OpenAlex
https://ror.org/05tq1bh21,Hospital Bandeirantes,Hospital Bandeirantes,BR,OpenAlex
https://ror.org/05pw5zy84,Science and Technology Corporation (United States),Science and Technology Corporation (United States)|STC,US,OpenAlex
https://ror.org/05gwtvp11,Nuclear Research Institute Rez (Czechia),Nuclear Research Institute Rez (Czechia)|UJV Řež|Ústav Jaderného Výzkumu Řež|NRI,CZ,OpenAlex
https://ror.org/00zjpfj13,HBIS (China),HBIS (China)|Hebei Iron and Steel Group|Hegang|Hesteel Group|河北钢铁集团有限公司,CN,OpenAlex
https://ror.org/05gsrh908,Ecopetrol (Colombia),Ecopetrol (Colombia)|Empresa Colombiana de Petróleos S.A.,CO,OpenAlex
https://ror.org/0288c6p43,Dana (United States),Dana (United States),US,OpenAlex
https://ror.org/023yvt917,EURECAT Centre Tecnològic de Catalunya,EURECAT Centre Tecnològic de Catalunya|EURECAT Centro Tecnológico|Fundació Eurecat|Technology Centre of Catalonia Eurecat|EURECAT,ES,OpenAlex
https://ror.org/03nr54n68,Nordic Bioscience (Denmark),Nordic Bioscience (Denmark),DK,OpenAlex
https://ror.org/02h4myp42,Ricoh (Japan),Kabushiki-gaisha Rikō|Ricoh (Japan)|株式会社リコー,JP,OpenAlex
https://ror.org/05xzpeh07,"Honda R&D Co., Ltd. (Japan)","Honda R&D|Honda R&D Co., Ltd.|Honda R&D Co., Ltd. (Japan)|株式会社本田技術研究所",JP,OpenAlex
https://ror.org/0001tya14,Crystal Research (United States),Crystal Research (United States),US,OpenAlex
https://ror.org/02xe89706,John Wiley & Sons (United States),John Wiley & Sons (United States)|Wiley,US,OpenAlex
https://ror.org/04cpx2569,Samsung (India),Samsung (India),IN,OpenAlex
https://ror.org/04abpa862,Holst Centre (Netherlands),Holst Centre (Netherlands),NL,OpenAlex
https://ror.org/0586k5242,Kirin (Japan),Japan Brewery Company|Kirin (Japan)|キリン株式会社,JP,OpenAlex
https://ror.org/03xgxw153,Subaru (Japan),Fuji Heavy Industries|Subaru (Japan)|株式会社SUBARU|FHI,JP,OpenAlex
https://ror.org/05yhca997,Continental (United States),Continental (United States),US,OpenAlex
https://ror.org/02q0s1x22,Hitachi Global Storage Technologies (United States),Hitachi Global Storage Technologies (United States)|HGST,US,OpenAlex
https://ror.org/014kzp326,Pioneer (Japan),Paionia Kabushiki-kaisha|Pioneer (Japan)|Pioneer Corporation|パイオニア株式会社,JP,OpenAlex
https://ror.org/04ryqpf83,Valeo (France),Valeo (France),FR,OpenAlex
https://ror.org/00my8w381,Carrier (United States),Carrier (United States),US,OpenAlex
https://ror.org/04dyhjr58,Medtronic (Ireland),Medtronic (Ireland),IE,OpenAlex
https://ror.org/00v986r94,Grade Medical (Czechia),Grade Medical (Czechia),CZ,OpenAlex
https://ror.org/02pm1jf23,Corteva (United States),Corteva (United States)|Corteva Agriscience,US,OpenAlex
https://ror.org/00scjy223,Core Laboratories (United States),Core Laboratories (United States),US,OpenAlex
https://ror.org/02fctgp09,BAE Systems (United States),BAE Systems (United States),US,OpenAlex
https://ror.org/00q0w1h45,Omron (Japan),Omron (Japan)|Omuron Kabushiki-gaisha|オムロン株式会社,JP,OpenAlex
https://ror.org/05a99n355,Vale (Brazil),Doce River Valley Company|Vale (Brazil)|CVRD,BR,OpenAlex
https://ror.org/051sg1a03,AOL (United States),AOL (United States)|America Online,US,OpenAlex
https://ror.org/055werx92,Daiichi Sankyo (United States),Daiichi Sankyo (United States),US,OpenAlex
https://ror.org/010ryc044,Tianjin Research Institute of Electric Science (China),Tianjin Electric Drive Research Design Institute|Tianjin Research Institute of Electric Science (China)|天津电气科学研究院有限公司,CN,OpenAlex
https://ror.org/00v6g9845,Siemens (China),Siemens (China),CN,OpenAlex
https://ror.org/01nz7sp31,Beijing Chemical Industry Research Institute (China),"Beijing Chemical Industry Research Institute (China)|Beijing Chemical Industry Research Institute Co., Ltd.|北京市化学工业研究院|北京市化学工业研究院有限责任公司",CN,OpenAlex
https://ror.org/03j92cn97,Shanxi Jincheng Anthracite Mining Group (China),Jincheng Mining Bureau|Jinmei Coal Group|Shanxi Jincheng Anthracite Mining Group (China)|山西晋城无烟煤矿业集团,CN,OpenAlex
https://ror.org/01x3kkr08,JPMorgan Chase & Co (United States),Bank of the Manhattan Company|JPMorgan Chase & Co (United States),US,OpenAlex
https://ror.org/03pcp9q42,PharmacoGenetics (China),PharmacoGenetics (China)|PGL,CN,OpenAlex
https://ror.org/04eb8df09,Orano (United States),Areva|Orano (United States),US,OpenAlex
https://ror.org/01n95cx06,Chugai Pharma (United States),Chugai Pharma (United States)|CPUSA,US,OpenAlex
https://ror.org/05yfskh02,Freeport-McMoRan (United States),Freeport|Freeport-McMoRan (United States)|FCX,US,OpenAlex
https://ror.org/055rn2a38,Mercedes-Benz (Germany),Mercedes-Benz (Germany),DE,OpenAlex
https://ror.org/05ey8y327,Berliner Energieagentur (Germany),Berlin Energy Agency|Berliner Energieagentur (Germany)|BEA,DE,OpenAlex
https://ror.org/020esap58,Valve (United States),Valve (United States),US,OpenAlex
https://ror.org/01r3vad87,Laboratori Guglielmo Marconi (Italy),Laboratori Guglielmo Marconi (Italy)|LABS,IT,OpenAlex
https://ror.org/05mxsz225,Mahindra Group (India),Mahindra Group (India),IN,OpenAlex
https://ror.org/00q7mnz48,Collecte Localisation Satellites (France),Collecte Localisation Satellites (France)|CLS,FR,OpenAlex
https://ror.org/0427k1a73,Bose (United States),Bose (United States),US,OpenAlex
https://ror.org/03a2tkf74,Zhejiang Energy Group (China),Zhejiang Energy Group (China)|浙江省能源集团有限公司,CN,OpenAlex
https://ror.org/04my8ty22,Robert Bosch (India),Bosch|Robert Bosch (India),IN,OpenAlex
https://ror.org/05ygse102,Shell (Germany),Shell (Germany),DE,OpenAlex
https://ror.org/03fk8t087,Tetra Tech (United States),Tetra Tech (United States),US,OpenAlex
https://ror.org/036y4q615,Vector (United States),Vector (United States)|Vector Launch|Vector Space Systems,US,OpenAlex
https://ror.org/04gpxrn68,China Academy Of Machinery Science & Technology (China),China Academy Of Machinery Science & Technology (China)|机械科学与技术研究院中国|CAM,CN,OpenAlex
https://ror.org/01ydrx675,Air Products (United States),Air Products & Chemicals|Air Products (United States),US,OpenAlex
https://ror.org/00pc6ac31,Analytical Mechanics Associates (United States),Analytical Mechanics Associates (United States)|AMA,US,OpenAlex
https://ror.org/02day0j61,Nova Medical (United States),Nova Medical (United States),US,OpenAlex
https://ror.org/010g9bb70,Quest Diagnostics (United States),Quest Diagnostics (United States),US,OpenAlex
https://ror.org/00mh5ga26,East Japan Railway (Japan),East Japan Railway (Japan)|JR East|東日本旅客鉄道株式会社,JP,OpenAlex
https://ror.org/051pbge72,WiLAN (Canada),WiLAN (Canada),CA,OpenAlex
https://ror.org/025k44790,Human Factors (Norway),Human Factors (Norway),NO,OpenAlex
https://ror.org/002z0cd60,Schneider Electric (France),Schneider Electric (France),FR,OpenAlex
https://ror.org/041r3e346,Accenture (Switzerland),Accenture (Switzerland)|Andersen Consulting,CH,OpenAlex
https://ror.org/02nn4s922,Pioneer Hi-Bred,DuPont Pioneer|Pioneer Hi-Bred,US,OpenAlex
https://ror.org/03ddan440,Arthur D. Little (United States),Arthur D. Little (United States),US,OpenAlex
https://ror.org/05nh5td39,Nokia (Germany),Nokia (Germany),DE,OpenAlex
https://ror.org/04f786589,Chunghwa Telecom (Taiwan),Chunghwa Telecom (Taiwan)|CHT,TW,OpenAlex
https://ror.org/0293hjc54,Sustainable Energy Systems (United Kingdom),Sustainable Energy Systems (United Kingdom),GB,OpenAlex
https://ror.org/05pw69n24,Astellas Pharma (United States),Astellas Pharma (United States)|Asuterasu Seiyaku Kabushiki-gaisha,US,OpenAlex
https://ror.org/03ycv1b86,Babcock & Wilcox (United States),Babcock & Wilcox (United States)|Babcock & Wilcox Enterprises,US,OpenAlex
https://ror.org/00jf79q69,Financial Research (Hungary),Financial Research (Hungary),HU,OpenAlex
https://ror.org/03qemwx69,Wolters Kluwer (Netherlands),Wolters Kluwer (Netherlands),NL,OpenAlex
https://ror.org/02vbxt202,ThyssenKrupp (Germany),ThyssenKrupp (Germany),DE,OpenAlex
https://ror.org/03dsc8d33,"Systems, Applications & Products in Data Processing (Germany)","Systeme, Anwendungen und Produkte in der Datenverarbeitung|Systems, Applications & Products in Data Processing (Germany)|SAP",DE,OpenAlex
https://ror.org/046fag481,China Shenhua Energy (China),China Shenhua|China Shenhua Energy (China)|Shenhua|Shenhua Energy|神华能源,CN,OpenAlex
https://ror.org/00d801g55,Ipsen (France),Ipsen (France),FR,OpenAlex
https://ror.org/017ctmv39,AkzoNobel (Netherlands),AkzoNobel (Netherlands),NL,OpenAlex
https://ror.org/03mb54f81,Synopsys (Switzerland),Synopsys (Switzerland),CH,OpenAlex
https://ror.org/036s7bw54,Cognizant (United States),Cognizant (United States),US,OpenAlex
https://ror.org/0026yhs27,China Resources (China),China Resources (China)|Liow & Company|華潤集團|CRC,CN,OpenAlex
https://ror.org/04x1dwm38,Seikagaku Corporation (Japan),Seikagaku Corporation (Japan)|生化学工業株式会社,JP,OpenAlex
https://ror.org/03g4sde39,Scania (Sweden),AB Scania-Vabis|Scania (Sweden),SE,OpenAlex
https://ror.org/02zc84r97,Neusoft (China),Neusoft (China)|Shenyang Neu-Alpine Software|东软公司,CN,OpenAlex
https://ror.org/0073whr05,Fujitsu (United States),Fujitsu (United States),US,OpenAlex
https://ror.org/04ng5af54,Petroleum Development Oman (Oman),Petroleum Development Oman|Petroleum Development Oman (Oman)|Petroleum Development of Oman and Dhofar|شركة تنمية نفط عمان|PDO,OM,OpenAlex
https://ror.org/02va0n961,AVIC Manufacturing Technology Institute (China),AVIC Manufacturing Technology Institute|AVIC Manufacturing Technology Institute (China)|Beijing Aeronautical Manufacturing Technology Research Institute|中国航空制造技术研究院|BAMTRI,CN,OpenAlex
https://ror.org/05wx9n238,OpenAI (United States),OpenAI|OpenAI (United States),US,OpenAlex
https://ror.org/03shhrx95,Daqing Oilfield of CNPC,Daqing Oilfield Company|Daqing Oilfield of CNPC|Daqing Oilfield of China National Petroleum Corporation|中国石油大庆油田,,OpenAlex
https://ror.org/02gb0nx59,Thion Medical (France),Centre d'Orthro-Podologie & d'Orthopédie|Oxa Medical|Thion Medical (France),FR,OpenAlex
https://ror.org/03q6w3828,International Paper (United States),International Paper (United States),US,OpenAlex
https://ror.org/0454vek02,Société Nationale des Chemins de Fer Français (France),French National Railway Company|National Society of French Railways|Société Nationale des Chemins de Fer Français (France)|SNCF,FR,OpenAlex
https://ror.org/03thsxs59,Heidelberg Engineering (Germany),Heidelberg Engineering (Germany),DE,OpenAlex
https://ror.org/03jjbp459,Turkish Aerospace Industries (Turkey),Turkish Aerospace Industries (Turkey)|Türk Havacılık ve Uzay Sanayii|TAI|TUSAŞ,TR,OpenAlex
https://ror.org/00tpvmh02,Huaibei Mining (China),Huaibei Mining (China)|Huaibei Mining Bureau|HBMG,CN,OpenAlex
https://ror.org/01cwwvj38,BOE Technology Group (China),BOE Technology Group (China)|BOE,CN,OpenAlex
https://ror.org/029dmf820,Shandong Iron and Steel Group (China),Shandong Iron and Steel Group (China)|Shandong Steel|山东钢铁集团|SISG,CN,OpenAlex
https://ror.org/026fzn952,Guangzhou Automobile Group (China),Guangzhou Automobile Group (China)|广州汽车集团股份有限公司|GAC,CN,OpenAlex
https://ror.org/01062jn59,Archaia Brno (Czechia),Archaia Brno (Czechia),CZ,OpenAlex
https://ror.org/05k91zb11,Sony Corporation (United States),Sony Corporation (United States)|SCA,US,OpenAlex
https://ror.org/04m8m1253,CSC - IT Center for Science (Finland),CSC - IT Center for Science|CSC - IT Center for Science (Finland)|CSC – Tieteen tietotekniikan keskus oy Yhteystiedot|Finnish IT center for science|CSC,FI,OpenAlex
https://ror.org/020a33943,Toyobo (Japan),Toyobo (Japan)|Tōyōbōseki Kabushiki-gaisha|東洋紡績株式会社,JP,OpenAlex
https://ror.org/05avn2m80,Edwards (United Kingdom),BOC Edwards|Edwards (United Kingdom),GB,OpenAlex
https://ror.org/00q0e7f94,Vietnam Posts and Telecommunications Group (Vietnam),Tập đoàn Bưu chính Viễn thông Việt Nam|Vietnam Posts and Telecommunications Group (Vietnam)|VNPT,VN,OpenAlex
https://ror.org/03nrps502,Akvaplan-niva,Akvaplan-niva,NO,OpenAlex
https://ror.org/028bzjj61,Repsol (Spain),Repsol (Spain),ES,OpenAlex
https://ror.org/03jyqk712,Huawei Technologies (United States),Huawei Technologies (United States),US,OpenAlex
https://ror.org/03yskk486,Sumitomo Heavy Industries (Japan),Sumitomo Heavy Industries (Japan)|Sumitomo Jūkikai Kōgyō Kabushiki-gaisha|住友重機械工業株式会社|SHI,JP,OpenAlex
https://ror.org/03wsa4e80,BioSurfaces (United States),BioSurfaces (United States),US,OpenAlex
https://ror.org/02nbb5780,HCL Technologies (India),HCL Technologies (India),IN,OpenAlex
https://ror.org/044pzhf68,Tokyo Gas (Japan),Tokyo Gas (Japan)|Tōkyō Gasu Kabushiki-gaisha|東京瓦斯株式会社,JP,OpenAlex
https://ror.org/04g1y2z78,Engineering Arts (United States),Engineering Arts (United States),US,OpenAlex
https://ror.org/01g53qc72,Yangtze River Delta Physics Research Center (China),Yangtze River Delta Physics Research Center (China)|长三角物理研究中心|IOPLY,CN,OpenAlex
https://ror.org/05df6vn84,Atkins (United States),Atkins (United States),US,OpenAlex
https://ror.org/02b3gqy34,Craft Engineering Associates (United States),Craft|Craft Engineering Associates (United States),US,OpenAlex
https://ror.org/05bjr0894,Toyo Engineering (Japan),Toyo Engineering (Japan)|Tōyō Enjiniaringu Kabushiki-gaisha|東洋エンジニアリング株式会社,JP,OpenAlex
https://ror.org/01vew2c72,Japan Organization for Metals and Energy Security (Japan),Japan Oil Gas and Metals National Corporation|Japan Organization for Metals and Energy Security|Japan Organization for Metals and Energy Security (Japan)|Sekiyu ten'nen gasu kinzoku kōbutsu shigen kikō|独立行政法人エネルギー・金属鉱物資源機構|石油天然ガス・金属鉱物資源機構|JOGMEC,JP,OpenAlex
https://ror.org/015w2wb33,Atos (France),Atos (France),FR,OpenAlex
https://ror.org/053c4y589,J.M. Huber Corporation (United States),Huber|J.M. Huber Corporation (United States),US,OpenAlex
https://ror.org/04kgqpx54,Voestalpine (Austria),Voestalpine (Austria),AT,OpenAlex
https://ror.org/000s8jb40,Alcon (United States),Alcon (United States),US,OpenAlex
https://ror.org/03428qp74,UCB Pharma (United Kingdom),UCB Pharma (United Kingdom)|Union chimique belge,GB,OpenAlex
https://ror.org/044gm0487,China Ocean Shipping (China),COSCO Group|China Ocean Shipping (China)|中国远洋运输|COSCO,CN,OpenAlex
https://ror.org/051vpgk97,Toshiba (United States),Toshiba (United States)|Toshiba America|TAI,US,OpenAlex
https://ror.org/01xk5xs43,Carl Zeiss (United States),Carl Zeiss (United States),US,OpenAlex
https://ror.org/04vpzfb52,"Merck Healthcare KGaA, Darmstadt (Germany)","EMD Serono|Merck Healthcare KGaA, Darmstadt|Merck Healthcare KGaA, Darmstadt (Germany)",DE,OpenAlex
https://ror.org/03m9gpr25,Schlumberger (Norway),Schlumberger (Norway),NO,OpenAlex
https://ror.org/04yt9wc05,China Construction Eighth Engineering Division (China),China Construction Eighth Engineering Division (China)|CCEED,CN,OpenAlex
https://ror.org/00m2xfz17,Bioengineering (Switzerland),Bioengineering (Switzerland),CH,OpenAlex
https://ror.org/000nwmh60,L-3 Communications (United States),L-3 Communications (United States),US,OpenAlex
https://ror.org/05a3z6914,Schrodinger (United States),Schrodinger (United States),US,OpenAlex
https://ror.org/04eh3ca90,WuXi AppTec (China),WuXi AppTec (China)|Wuxi PharmaTech,CN,OpenAlex
https://ror.org/03ncs3316,Red Hat (United States),Red Hat (United States),US,OpenAlex
https://ror.org/05v34hx56,Nano Carbon (Poland),Nano Carbon (Poland),PL,OpenAlex
https://ror.org/01mn39r38,State Grid Fujian Electric Power Company (China),"State Grid Fujian Electric Power Co., Ltd.|State Grid Fujian Electric Power Company|State Grid Fujian Electric Power Company (China)|国家电网福建省电力公司|国网福建省电力有限公司",CN,OpenAlex
https://ror.org/05mmh5r64,Alenia Aermacchi,Alenia Aermacchi,IT,OpenAlex
https://ror.org/03c7ss521,STMicroelectronics (Czechia),STMicroelectronics (Czechia),CZ,OpenAlex
https://ror.org/02venad53,Robert Bosch (United States),Bosch|Robert Bosch (United States),US,OpenAlex
https://ror.org/04wqwae75,Tris Pharma (United States),Tris Pharma (United States),US,OpenAlex
https://ror.org/01z4jpw82,Rigaku (Japan),Rigaku (Japan)|株式会社リガク,JP,OpenAlex
https://ror.org/004nn4n27,MSD (UK) Limited (United Kingdom),MSD (UK) Limited|MSD (UK) Limited (United Kingdom)|MSD United Kingdom|Merck Sharp & Dohme,GB,OpenAlex
https://ror.org/03k0cyw07,Toray (United States),Toray (United States),US,OpenAlex
https://ror.org/035hns865,Boehringer Ingelheim (Egypt),Boehringer Ingelheim (Egypt),EG,OpenAlex
https://ror.org/048vrgr14,Becton Dickinson (United States),"Becton Dickinson (United States)|Becton, Dickinson and Company|BD",US,OpenAlex
https://ror.org/00w8byr45,Integrated Oncology (United States),Integrated Oncology (United States),US,OpenAlex
https://ror.org/02v50dx14,Taiho Pharmaceutical (Japan),Taiho Pharmaceutical (Japan)|Taihō Yakuhin Kōgyō|大鵬薬品工業,JP,OpenAlex
https://ror.org/05gd76j39,Tokyo Electron (Japan),Tokyo Electron (Japan)|東京エレクトロン|TEL,JP,OpenAlex
https://ror.org/03q0f4n26,Edison International (United States),Edison International (United States)|Southern California Edison Company,US,OpenAlex
https://ror.org/02b948n83,LG (United States),LG (United States)|LG Electronics,US,OpenAlex
https://ror.org/01gh7yb82,Center of Molecular Immunology (Cuba),Center of Molecular Immunology (Cuba)|CIM,CU,OpenAlex
https://ror.org/037b6wy35,CITIC Group (China),CITIC Group (China)|China International Trust Investment Corporation,CN,OpenAlex
https://ror.org/0123ma395,Fujikura (Japan),Fujikura (Japan)|株式会社フジクラ,JP,OpenAlex
https://ror.org/035gt5s03,Broadcom (United States),Avago Technologies|Broadcom (United States),US,OpenAlex
https://ror.org/02182rz34,State Power Investment Corporation (China),State Power Investment Corporation (China)|国家电力投资集团|SPIC,CN,OpenAlex
https://ror.org/018wp0236,Asahi Kasei (Japan),Asahi Kasei (Japan)|旭化成,JP,OpenAlex
https://ror.org/01411sx56,Johnson Matthey (United Kingdom),Johnson Matthey (United Kingdom)|JM,GB,OpenAlex
https://ror.org/03ejz0s07,Novozymes (Denmark),Novozymes (Denmark),DK,OpenAlex
https://ror.org/05cxz0w58,Tieto (Finland),Tieto (Finland),FI,OpenAlex
https://ror.org/00k7znw93,5T Torino (Italy),5T Torino (Italy),IT,OpenAlex
https://ror.org/022vzex26,Taiyuan Heavy Industry (China),Taiyuan Heavy Industry (China)|太原重工股份有限公司|TYHI,CN,OpenAlex
https://ror.org/02eps3588,Precision for Medicine (United States),Precision for Medicine (United States),US,OpenAlex
https://ror.org/022jefx64,Ono Pharmaceutical (Japan),Ono Pharmaceutical (Japan)|小野薬品工業株式会社,JP,OpenAlex
https://ror.org/02qy75381,Cisco Systems (China),Cisco Systems (China),CN,OpenAlex
https://ror.org/01be0e870,Nutrition 21 (United States),Nutrition 21 (United States),US,OpenAlex
https://ror.org/05atcw115,GlaxoSmithKline (Netherlands),GlaxoSmithKline (Netherlands),NL,OpenAlex
https://ror.org/03f8xts90,Yalong Hydro (China),Yalong Hydro (China)|Yalong River Hydropower Development|雅砻江流域水电开发,CN,OpenAlex
https://ror.org/03kfw6k71,Antea Group (France),Antea Group (France),FR,OpenAlex
https://ror.org/04bs0e027,EDF Energy (United Kingdom),EDF Energy (United Kingdom),GB,OpenAlex
https://ror.org/04w4yzw62,Fujitsu (China),Fujitsu (China),CN,OpenAlex
https://ror.org/043n4tt17,Korea Telecom (South Korea),KT Corporation|Korea Telecom (South Korea)|케이티 주식회사,KR,OpenAlex
https://ror.org/02yh0k313,Advanced Micro Devices (Canada),Advanced Micro Devices (Canada)|AMD,CA,OpenAlex
https://ror.org/013b0rk29,American Standard (United States),American Standard (United States),US,OpenAlex
https://ror.org/05rpnj507,UES (United States),"UES|UES, Inc.",US,OpenAlex
https://ror.org/0149mnh61,Henan Energy & Chemical Industry Group (China),Henan Energy|Henan Energy & Chemical Industry Group (China)|河南能源化工集团有限公司,CN,OpenAlex
https://ror.org/0296s4x19,Orion Corporation (Finland),Orion Corporation (Finland)|Orion Oyj,FI,OpenAlex
https://ror.org/02yg1pf55,IBM Research (China),IBM China Research Laboratory|IBM Research (China)|IBM Research - China,CN,OpenAlex
https://ror.org/00146wx41,Japan Steel Works (Japan),Japan Steel Works (Japan)|株式会社日本製鋼所|JSW,JP,OpenAlex
https://ror.org/001qkb777,Creative Technologies (United States),Creative Technologies (United States)|CTI,US,OpenAlex
https://ror.org/05j1xsk75,SC Johnson (United States),S. C. Johnson|S. C. Johnson Wax and Johnson Wax|SC Johnson (United States),US,OpenAlex
https://ror.org/05w67p097,Advanced Engineering (Czechia),Advanced Engineering (Czechia),CZ,OpenAlex
https://ror.org/03ssr6t63,Tiandi Science & Technology (China),Tiandi Science & Technology (China)|中煤科工集团西安研究院,CN,OpenAlex
https://ror.org/002v59719,Idemitsu Kosan (Japan),Idemitsu Kosan (Japan)|出光興産,JP,OpenAlex
https://ror.org/00rz3ed53,Merck Canada Inc. (Canada),MSD Canada|Merck Canada Inc.|Merck Canada Inc. (Canada)|Merck Sharp & Dohme Canada|MSD,CA,OpenAlex
https://ror.org/04yx5fa32,Nutricia Research (Netherlands),Nutricia Research (Netherlands),NL,OpenAlex
https://ror.org/03ky3pc21,Bharat Heavy Electricals (India),Bharat Heavy Electricals (India)|BHEL,IN,OpenAlex
https://ror.org/04q9me654,Fleury S.A. (Brazil),Fleury S.A. (Brazil)|Grupo Fleury,BR,OpenAlex
https://ror.org/04k7ny084,New Technology (Israel),New Technology (Israel),IL,OpenAlex
https://ror.org/0569b7y96,Alstom (United States),Alstom|Alstom (United States),US,OpenAlex
https://ror.org/00geypp27,Novartis (France),Novartis (France),FR,OpenAlex
https://ror.org/05sft7551,Living Systems (United States),Living Systems (United States),US,OpenAlex
https://ror.org/029zamy29,Springer Nature (New Zealand),Springer Nature (New Zealand),NZ,OpenAlex
https://ror.org/026venb53,Huawei Technologies (Canada),Huawei Technologies (Canada),CA,OpenAlex
https://ror.org/01apday90,Nippon Steel (Germany),Nippon Steel (Germany)|Nippon Steel and Sumitomo Metal (Germany)|Shinnittetsu Sumikin Kabushiki-gaisha,DE,OpenAlex
https://ror.org/04mw0p229,Matrix Research (United States),Matrix Research (United States),US,OpenAlex
https://ror.org/034e5n787,Volkswagen Group (United States),Volkswagen Group (United States),US,OpenAlex
https://ror.org/02d77hg59,ID Genomics (United States),ID Genomics (United States),US,OpenAlex
https://ror.org/04s620254,Materials Center Leoben (Austria),Materials Center Leoben (Austria)|Materials Center Leoben Forschung|MCL,AT,OpenAlex
https://ror.org/00wsgg405,Integrated Optoelectronics (Norway),Integrated Optoelectronics (Norway),NO,OpenAlex
https://ror.org/04vpnmr86,Applied Research Associates (United States),Applied Research Associates (United States)|ARA,US,OpenAlex
https://ror.org/05qqrnb63,AstraZeneca (Spain),AstraZeneca (Spain),ES,OpenAlex
https://ror.org/04d96be50,Parker Hannifin (United States),Parker|Parker Appliance Company|Parker Hannifin (United States),US,OpenAlex
https://ror.org/052451r09,Pratt & Whitney (United States),Pratt & Whitney|Pratt & Whitney (United States)|Pratt and Whitney,,OpenAlex
https://ror.org/00bm3g510,Kaneka (United States),Kaneka (United States),US,OpenAlex
https://ror.org/033nw2736,Taisho Pharmaceutical (Japan),Taisho Pharmaceutical (Japan)|大正製薬,JP,OpenAlex
https://ror.org/028x2z366,Ion Exchange (India),Ion Exchange (India),IN,OpenAlex
https://ror.org/057d3rj91,Arup Group (United Kingdom),Arup|Arup Group (United Kingdom)|Ove N. Arup Consulting Engineers,GB,OpenAlex
https://ror.org/04j6cfb03,Reliance Industries (India),Reliance Industries (India)|RIL,IN,OpenAlex
https://ror.org/00zbk1w77,Hess (United States),Amerada Hess|Hess (United States),US,OpenAlex
https://ror.org/051gaae98,Tellabs (Canada),Tellabs (Canada),CA,OpenAlex
https://ror.org/00ft7bw25,STMicroelectronics (India),STMicroelectronics (India),IN,OpenAlex
https://ror.org/04ntc3565,Advanced Materials and Devices (United States),Advanced Materials and Devices (United States),US,OpenAlex
https://ror.org/020k7fn51,Information Management Services,Information Management Services|IMS,US,OpenAlex
https://ror.org/047k23798,AstraZeneca (Japan),AstraZeneca (Japan)|アストラゼネカ株式会社,JP,OpenAlex
https://ror.org/03p5evc41,Mitsubishi Materials (Japan),Mitsubishi Materials (Japan)|Mitsubishi Materiaru Kabushiki-gaisha|三菱マテリアル株式会社|MMC,JP,OpenAlex
https://ror.org/05ek91318,Orano (France),Areva|Orano (France),FR,OpenAlex
https://ror.org/004zhad81,Know Center Research GmbH (Austria),Know Center|Know Center GmbH|Know Center Research GmbH|Know Center Research GmbH (Austria),AT,OpenAlex
https://ror.org/03c6k9p96,Haldor Topsoe (Denmark),Haldor Topsoe (Denmark),DK,OpenAlex
https://ror.org/02x2gk324,Abbott (Germany),Abbott (Germany)|Abbott Deutschland|Abbott Laboratories,DE,OpenAlex
https://ror.org/01yphfr75,Planetary Systems (United States),Planetary Systems (United States)|PSC,US,OpenAlex
https://ror.org/01z6wpz16,Merck Serono S.p.A. (Italy),Merck Serono (Italy)|Merck Serono S.p.A.|Merck Serono S.p.A. (Italy),IT,OpenAlex
https://ror.org/03gdpyq31,Boehringer Ingelheim (France),Boehringer Ingelheim (France),FR,OpenAlex
https://ror.org/05cm0es58,Bayer (France),Bayer (France),FR,OpenAlex
https://ror.org/027tjex48,Meiji (Japan),Meiji (Japan)|明治,JP,OpenAlex
https://ror.org/04wh5hg83,Caris Life Sciences (United States),Caris Life Sciences (United States),US,OpenAlex
https://ror.org/04sk0bj73,Fresenius Medical Care (Germany),Fresenius Medical Care (Germany),DE,OpenAlex
https://ror.org/010fjvp93,Tenneco (United States),Tenneco (United States)|Tenneco Automotive|Tennessee Gas Transmission Company,US,OpenAlex
https://ror.org/01rb7bk56,Xilinx (United States),Xilinx (United States),US,OpenAlex
https://ror.org/04ks7cj51,Petroleum of Venezuela (Venezuela),Petroleum of Venezuela (Venezuela)|Petróleos de Venezuela|PDVSA,VE,OpenAlex
https://ror.org/03vcgp521,Ripamonti,Ripamonti,IT,OpenAlex
https://ror.org/01nzt4j48,SGIDI Engineering Consulting (China),SGIDI Engineering Consulting (China)|Shanghai Geotechnical Engineering Investigation and Design Institute|Shanghai Survey and Design Institute|上海勘察设计研究院,CN,OpenAlex
https://ror.org/02x8c2t37,Inform (Germany),Inform (Germany),DE,OpenAlex
https://ror.org/03q3jnq04,China Nonferrous Metal Mining (China),China Nonferrous Metal Mining (China)|中国有色矿业集团有限公司|CNMC,CN,OpenAlex
https://ror.org/01381hr71,Golder Associates (Canada),Golder Associates (Canada),CA,OpenAlex
https://ror.org/05g5nrw43,General Motors (India),General Motors (India)|GM,IN,OpenAlex
https://ror.org/01mfkkh63,Guangzhou Chemistry (China),Guangzhou Chemistry (China)|Guangzhou Institute of Chemistry|中科院广州化学有限公司|GCC,CN,OpenAlex
https://ror.org/01p3zwg66,Richard Wolf (Germany),Richard Wolf (Germany),DE,OpenAlex
https://ror.org/05av4bp24,Shougang (China),Shougang (China)|Shougang Group|首钢集团,CN,OpenAlex
https://ror.org/00xmwgm53,Telecom Italia (Italy),Telecom Italia (Italy),IT,OpenAlex
https://ror.org/00d1mzg56,Modern Electron (United States),Modern Electron (United States),US,OpenAlex
https://ror.org/03y46gc61,Megmilk Snow Brand (Japan),Megmilk Snow Brand (Japan)|Snow Brand Milk Products|Yukijirushi Nyūgyō Kabushiki-gaisha|雪印乳業株式会社,JP,OpenAlex
https://ror.org/00qp5gr06,Sandvik (Sweden),Sandvik (Sweden),SE,OpenAlex
https://ror.org/000714v43,Studsvik (Sweden),Studsvik (Sweden),SE,OpenAlex
https://ror.org/02cfj6k65,Watershed,Watershed,GB,OpenAlex
https://ror.org/03ndmsg87,Charles River Laboratories (United States),Charles River Laboratories (United States)|CRL,US,OpenAlex
https://ror.org/03rq35s79,Guangzhou Electronic Technology (China),Guangzhou Electronic Technology (China)|Guangzhou Electronic Technology Institute|中科院广州电子技术有限公司,CN,OpenAlex
https://ror.org/0013shd50,Novartis (Germany),Novartis (Germany),DE,OpenAlex
https://ror.org/04nybae35,Drug Discovery Laboratory (Norway),Drug Discovery Laboratory (Norway)|DDL,NO,OpenAlex
https://ror.org/0433haa75,Hyundai Heavy Industries (South Korea),Hyundai Heavy Industries (South Korea)|HHI,KR,OpenAlex
https://ror.org/0490dah44,Epigenomics (Germany),Epigenomics (Germany),DE,OpenAlex
https://ror.org/04hvmsy06,Cochlear (Australia),Cochlear (Australia),AU,OpenAlex
https://ror.org/01hw8wm79,Trøndelag Forskning og Utvikling (Norway),Trøndelag Forskning og Utvikling (Norway)|TFOU,NO,OpenAlex
https://ror.org/04yv20134,Fiberhome Technology Group (China),Fiberhome Technology Group (China)|Wuhan Posts and Telecommunications Research Institute,CN,OpenAlex
https://ror.org/025sxka56,IBM (Canada),IBM (Canada)|International Business Machines,CA,OpenAlex
https://ror.org/004g82f36,Kleijnen Systematic Reviews (United Kingdom),Kleijnen Systematic Reviews (United Kingdom)|KSR,GB,OpenAlex
https://ror.org/008dfd567,Plasma (Russia),Joint Stock Company Research Institute of Gas-Discharge Devices|Plasma (Russia),RU,OpenAlex
https://ror.org/03dafx737,Research Center Pharmaceutical Engineering (Austria),Research Center Pharmaceutical Engineering (Austria)|RCPE,AT,OpenAlex
https://ror.org/05ssz5085,Materials Technology (United Kingdom),DRB Materials Technology|Materials Technology (United Kingdom),GB,OpenAlex
https://ror.org/02cthxa95,Pliva (Croatia),Pliva (Croatia),HR,OpenAlex
https://ror.org/04npmfz39,Ortho Clinical Diagnostics (United States),Ortho Clinical Diagnostics (United States),US,OpenAlex
https://ror.org/028ata669,IR Dynamics (United States),IR Dynamics (United States),US,OpenAlex
https://ror.org/041twcm28,Leonardo (United States),"DRS Technologies, Inc.|Diagnostic/Retrieval Systems, Inc|Finmeccanica North America DRS|Leonardo DRS|Leonardo Finmeccanica|Leonardo United States",US,OpenAlex
https://ror.org/01q74hp50,Blackstone (United States),Blackstone (United States),US,OpenAlex
https://ror.org/029rc9g37,Virtual Vehicle Research GmbH (Austria),Virtual Vehicle|Virtual Vehicle Research GmbH,AT,OpenAlex
https://ror.org/03pydjx38,State Nuclear Power Technology Company (China),State Nuclear Power Technology Company (China)|SNPTC,CN,OpenAlex
https://ror.org/01qhm7e49,Caterpillar (United States),Caterpillar (United States),US,OpenAlex
https://ror.org/02bph6v17,Deerfield (United States),Deerfield (United States)|Deerfield Management,US,OpenAlex
https://ror.org/05xhmzx41,Ube (Japan),Ube (Japan)|宇部興産株式会社,JP,OpenAlex
https://ror.org/02jg1fa85,Suntory (Japan),Suntory (Japan)|サントリーホールディングス株式会社,JP,OpenAlex
https://ror.org/02xqc6638,Bristol-Myers Squibb (Switzerland),Bristol-Myers Squibb (Switzerland),CH,OpenAlex
https://ror.org/04ehjr030,Apple (Israel),Apple (Israel),IL,OpenAlex
https://ror.org/04bdy7914,Yokogawa Electric (Japan),Yokogawa Electric (Japan)|横河電機株式会社,JP,OpenAlex
https://ror.org/04674kj97,BHP (Australia),BHP (Australia),AU,OpenAlex
https://ror.org/008s67533,Institut Mérieux (France),Institut Mérieux (France),FR,OpenAlex
https://ror.org/01b0zhs64,Global Energy Interconnection Research Institute (China),Global Energy Interconnection Research Institute|Global Energy Interconnection Research Institute (China)|全球能源互联网研究院|全球能源互联网研究院有限公司|GEIRI,CN,OpenAlex
https://ror.org/03794w632,Siemens (Austria),Siemens (Austria),AT,OpenAlex
https://ror.org/02sgc5k80,Grinm Advanced Materials (China),Grinm Advanced Materials (China)|Grinm Semiconductor Materials|有研新材料股份有限公司|GRIAM,CN,OpenAlex
https://ror.org/014fgm016,China Nuclear Power Technology Research Institute (China),"China Nuclear Power Technology Research Institute (China)|China Nuclear Power Technology Research Institute Co., Ltd.|Zhongkehua Nuclear Power Technology Research Institute Co., Ltd.|中广核研究院有限公司|CNPRI",CN,OpenAlex
https://ror.org/0435vfk93,Philips (India),Philips (India),IN,OpenAlex
https://ror.org/00ew4na22,Otsuka (United States),Otsuka (United States)|Otsuka America Pharmaceutical|OAPI,US,OpenAlex
https://ror.org/05b51ak88,Chinese People’s Liberation Army 263 hospital,Chinese People’s Liberation Army 263 hospital,CN,OpenAlex
https://ror.org/02rbzf697,Huawei Technologies (France),Huawei Technologies (France),FR,OpenAlex
https://ror.org/01rq0mb28,Energy Storage Systems (United States),Energy Storage Systems (United States)|ESS ,US,OpenAlex
https://ror.org/017epgn33,Ambiente Italia (Italy),Ambiente Italia (Italy),IT,OpenAlex
https://ror.org/054vpsz16,Mott MacDonald (United Kingdom),Mott MacDonald|Mott MacDonald (United Kingdom)|Mott MacDonald UK,GB,OpenAlex
https://ror.org/020wewy68,Wind Power Engineering (Japan),Wind Power Engineering (Japan),JP,OpenAlex
https://ror.org/04amahm38,ENVIRON (United States),ENVIRON (United States)|Ramboll Environ,US,OpenAlex
https://ror.org/02rqhpa98,KLA (United States),KLA (United States)|KLA Corporation|KLA Tencor,US,OpenAlex
https://ror.org/053d55q96,Linde (Germany),Linde (Germany)|Linde Group,DE,OpenAlex
https://ror.org/056hm0802,Life Cycle Engineering (United States),Life Cycle Engineering (United States)|LCE,US,OpenAlex
https://ror.org/0576dtf44,Molecular Discovery (United Kingdom),Molecular Discovery (United Kingdom),GB,OpenAlex
https://ror.org/054hmd463,Toshiba (United Kingdom),Toshiba (United Kingdom),GB,OpenAlex
https://ror.org/015nmh932,Kai Research (United States),Kai Research (United States)|KAI,US,OpenAlex
https://ror.org/01vwesc15,Seagen (United States),Seagen (United States)|Seattle Genetics (United States),US,OpenAlex
https://ror.org/04a2kft13,Haier Group (China),Haier Group (China)|Qingdao Refrigerator Co.|海尔集团技术研发中心,CN,OpenAlex
https://ror.org/0311vkn02,Qinghai New Energy (China),Qhaihai New Energy Research Institute|Qinghai New Energy (China),CN,OpenAlex
https://ror.org/03emf1n04,Bristol-Myers Squibb (United Kingdom),Bristol-Myers Squibb (United Kingdom)|BMS,GB,OpenAlex
https://ror.org/01tvt4d48,GlaxoSmithKline (India),GlaxoSmithKline (India)|GSK,IN,OpenAlex
https://ror.org/003hg6k65,China Railway Eryuan Engineering Group Co.,China Railway Eryuan Engineering Group Co.|中铁二院|中铁二院工程集团有限责任公司|CREEGC,,OpenAlex
https://ror.org/0329dzd04,Vanke (China),Vanke (China)|萬科,CN,OpenAlex
https://ror.org/03x1j8d96,China Railway Design Corporation (China),"China Railway Design|China Railway Design Corporation (China)|The Third Railway Survey and Design Institute Group Co., Ltd|中国铁路设计集团有限公司|CRDC",CN,OpenAlex
https://ror.org/012c7gx93,Cerner (United States),Cerner (United States),US,OpenAlex
https://ror.org/00dhvr506,Novartis (India),Novartis (India),IN,OpenAlex
https://ror.org/01jy49h31,Autoliv (Sweden),Autoliv (Sweden),SE,OpenAlex
https://ror.org/045d0h266,OSRAM (United States),OSRAM (United States),US,OpenAlex
https://ror.org/02t6zky14,Enamine (Ukraine),Enamine (Ukraine),UA,OpenAlex
https://ror.org/03k2dnh74,Zoetis (United States),Zoetis (United States),US,OpenAlex
https://ror.org/029f7bn57,Xiaomi (China),Xiaomi (China),CN,OpenAlex
https://ror.org/04j0gge90,Walmart (United States),Walmart (United States),US,OpenAlex
https://ror.org/02ks3nr96,Software Competence Center Hagenberg (Austria),Software Competence Center Hagenberg (Austria)|SCCH,AT,OpenAlex
https://ror.org/0292awh62,"Merck Biopharma Co., Ltd. (Japan)","Merck (Japan)|Merck Biopharma Co., Ltd.|Merck Biopharma Co., Ltd. (Japan)|メルク|メルクバイオファーマ株式会社",JP,OpenAlex
https://ror.org/01ftkxq60,Cytel (United States),Cytel (United States),US,OpenAlex
https://ror.org/058wb7691,Renesas Electronics (Japan),Renesas Electronics (Japan)|Runesasu Erekutoronikusu Kabushiki Gaisha|ルネサス エレクトロニクス株式会社,JP,OpenAlex
https://ror.org/04wd31514,CFD Research Corporation (United States),CFD Research Corporation (United States),US,OpenAlex
https://ror.org/005n5zv88,Volvo Cars (Sweden),Volvo Car Corporation|Volvo Car Group|Volvo Cars|Volvo Cars (Sweden)|Volvo Cars Corporation|Volvo Personvagnar AB,,OpenAlex
https://ror.org/056y0v115,Anthropic (United States),Anthropic|Anthropic (United States),,OpenAlex
https://ror.org/03hjnd594,San’an Optoelectronics (China),San’an Optoelectronics (China),CN,OpenAlex
https://ror.org/04hj96d73,Union Carbide (United States),Union Carbide|Union Carbide (United States)|Union Carbide and Carbon Corporation,,OpenAlex
https://ror.org/004ea6c05,Bioanalytica (Switzerland),Bioanalytica (Switzerland),CH,OpenAlex
https://ror.org/00j4h9q86,Ingenieurgesellschaft Auto und Verkehr (Germany),Ingenieurgesellschaft Auto und Verkehr (Germany)|IAV,DE,OpenAlex
https://ror.org/02ypd5h61,Simulation Technologies (United States),SimTech|Simulation Technologies (United States),US,OpenAlex
https://ror.org/04d9v0a44,Firmenich (Switzerland),Firmenich (Switzerland),CH,OpenAlex
https://ror.org/056185y51,Bouygues (France),Bouygues (France),FR,OpenAlex
https://ror.org/02tgjtw54,Applied Radar (United States),Applied Radar (United States),US,OpenAlex
https://ror.org/03q6ms497,Schlumberger (United Kingdom),Schlumberger (United Kingdom),GB,OpenAlex
https://ror.org/04dzdm737,deCODE Genetics (Iceland),deCODE Genetics (Iceland)|Íslensk erfðagreining,IS,OpenAlex
https://ror.org/01gmv5d77,McKinsey & Company (United States),McKinsey & Company (United States),US,OpenAlex
https://ror.org/001tk4253,Philips (China),Philips (China),CN,OpenAlex
https://ror.org/04z2p0w98,SK Hynix (South Korea),SK Hynix|SK Hynix (South Korea)|SK Hynix Inc.|에스케이하이닉스 주식회사,KR,OpenAlex
https://ror.org/04y85wy15,Acciona (Spain),Acciona (Spain),ES,OpenAlex
https://ror.org/04c6pgy84,Mercer (Czechia),Mercer (Czechia),CZ,OpenAlex
https://ror.org/032mp1e77,Total (Belgium),Compagnie française des pétroles|Total (Belgium)|CFP,BE,OpenAlex
https://ror.org/02x8ye509,Innovation Cluster (Canada),Innovation Cluster (Canada),CA,OpenAlex
https://ror.org/03fj96t64,Genethon (France),Genethon (France)|Généthon,FR,OpenAlex
https://ror.org/03pwzr890,Westinghouse Electric (Germany),Westinghouse Electric (Germany),DE,OpenAlex
https://ror.org/025h3d465,PPG Industries (United States),PPG Industries (United States)|Pittsburgh Plate Glass,US,OpenAlex
https://ror.org/01tegtn91,Pulp and Paper Research Institute,Pulp and Paper Research Institute|Výskumný Ustav Papiera a Celulózy|VUPC,SK,OpenAlex
https://ror.org/03n5f7689,Yangtze River Pharmaceutical Group (China),Yangtze River Pharmaceutical Group (China)|扬子江药业集团|YRPG,CN,OpenAlex
https://ror.org/05dwv6530,Linz Center of Mechatronics (Austria),Linz Center of Mechatronics (Austria)|LCM,AT,OpenAlex
https://ror.org/03fsc3516,State Grid Jilin Electric Power (China),State Grid Jilin Electric Power (China)|State Grid Jilin Electric Power Company Limited|国网吉林省电力有限公司,CN,OpenAlex
https://ror.org/021cmds57,Life Services (United States),Life Services (United States),US,OpenAlex
https://ror.org/040d0cf15,Stellantis North America (United States),Chrysler|Stellantis North America|Stellantis North America (United States),US,OpenAlex
https://ror.org/02fz07e24,Aier Eye Hospital Group (China),"AIER|AIER Group|Aier Eye Hospital|Aier Eye Hospital Group|Aier Eye Hospital Group (China)|Aier Eye Hospital Group Co., Ltd.|Changsha Aier Eye Hospital|愛爾眼科|爱尔|爱尔眼科|爱尔眼科医院集团|爱尔眼科医院集团股份有限公司",CN,OpenAlex
https://ror.org/011fdmv87,InSysBio (Russia),InSysBio (Russia)|Institute for Systems Biology|Институт системной биологии,RU,OpenAlex
https://ror.org/021tmn508,AstraZeneca (Netherlands),AstraZeneca (Netherlands),NL,OpenAlex
https://ror.org/01jj7aa83,Environmental Protection Engineering (Greece),Environmental Protection Engineering (Greece)|EPE,GR,OpenAlex
https://ror.org/02aga1t67,Emerson (United States),Emerson (United States),US,OpenAlex
https://ror.org/039s6n838,Novartis (United Kingdom),Novartis (United Kingdom),GB,OpenAlex
https://ror.org/03da3g825,Shiseido Group (Japan),Kabushiki-gaisha Shiseidō|Shiseido Group (Japan)|株式会社資生堂,JP,OpenAlex
https://ror.org/05efy4j44,Tosoh (Japan),Tosoh (Japan)|Tōsō Kabushiki-gaisha|東ソー株式会社,JP,OpenAlex
https://ror.org/03x0rzg54,Shenhua Group (China),Shenhua Group (China),CN,OpenAlex
https://ror.org/006ymvg95,Wenzhou Hospital of Traditional Chinese Medicine,Wenzhou Hospital of Traditional Chinese Medicine|温州市中医院,CN,OpenAlex
https://ror.org/03fe56089,GlaxoSmithKline (Italy),GlaxoSmithKline (Italy)|GSK,IT,OpenAlex
https://ror.org/03hf69k85,bioMérieux (France),bioMérieux (France)|BIM,FR,OpenAlex
https://ror.org/02d814r78,Huntsman (United States),Huntsman (United States)|Huntsman Container Corporation,US,OpenAlex
https://ror.org/02h1wg091,Menarini Group (Italy),Menarini|Menarini Group (Italy),IT,OpenAlex
https://ror.org/00zeq0353,Quansight (United States),Quansight (United States),US,OpenAlex
https://ror.org/03qt4xn36,"Meiji Seika Pharma Co., Ltd. (Japan)","Meiji Seika Kaisha|Meiji Seika Kaisha, Ltd.|Meiji Seika Kaisha, Ltd. (Japan)|Meiji Seika Pharma|Meiji Seika Pharma Co., Ltd.|Meiji Seika Pharma Co., Ltd. (Japan)|Meiji Seikaファルマ株式会社|明治製菓株式会社",JP,OpenAlex
https://ror.org/02nnhbq91,Asahi Glass (Japan),Asahi Garasu Kabushiki-gaisha|Asahi Glass (Japan)|旭硝子|AGC,JP,OpenAlex
https://ror.org/01ytd2n62,California Institute of Behavioral Neurosciences and Psychology (United States),California Institute of Behavioral Neurosciences and Psychology (United States)|CIBNP,US,OpenAlex
https://ror.org/01jzgmh92,TRW Automotive (United States),TRW Automotive (United States),US,OpenAlex
https://ror.org/05k1yyh03,Human Genome Sciences (United States),Human Genome Sciences (United States),US,OpenAlex
https://ror.org/02vywq223,Thinfilm (Sweden),Thin Film Electronics|Thinfilm (Sweden),SE,OpenAlex
https://ror.org/04apy5543,Luye Pharma (China),Luye Pharma (China)|绿叶制药,CN,OpenAlex
https://ror.org/04vdxde73,National Grid (United States),National Grid (United States),US,OpenAlex
https://ror.org/02sq1ad32,Unitika (Japan),Unitika (Japan)|ユニチカ株式会社,JP,OpenAlex
https://ror.org/038cdme44,Huawei Technologies (Germany),Huawei Technologies (Germany),DE,OpenAlex
https://ror.org/00yak9133,Yangtze Optical Electronic (China),Yangtze Optical Electronic (China)|YOEC,CN,OpenAlex
https://ror.org/02sy45055,Inspire,Inspire,CH,OpenAlex
https://ror.org/05qcjd272,Reynolds American (United States),Reynolds American (United States),US,OpenAlex
https://ror.org/035mqap40,Membrane Technology & Research (United States),Membrane Technology & Research (United States),US,OpenAlex
https://ror.org/048y5x817,Geosyntec Consultants (United States),Geosyntec Consultants (United States),US,OpenAlex
https://ror.org/0280y9h11,Nikon (United States),Japan Optical Industries|Nikon (United States)|Nippon Kōgaku Kōgyō Kabushikigaisha,US,OpenAlex
https://ror.org/055tjvf60,Med-Storm Innovation (Norway),Med-Storm Innovation (Norway)|MSI,NO,OpenAlex
https://ror.org/016cp1m28,State Grid Chongqing Electric Power Company (China),"State Grid Chongqing Electric Power Company (China)|State Grid Chongqing Electric Power Company, SGCC|国网重庆市电力|国网重庆市电力公司|SGCC",CN,OpenAlex
https://ror.org/0059chz26,International Medical Research (Germany),International Medical Research (Germany)|IMR,DE,OpenAlex
https://ror.org/05gz77z03,Thales Alenia Space (France),Thales Alenia Space|Thales Alenia Space (France),,OpenAlex
https://ror.org/056ksgr44,PTT Public Company Limited (Thailand),PTT Public Company Limited (Thailand)|Petroleum Authority of Thailand|ปตท|PTT,TH,OpenAlex
https://ror.org/01gg29e32,System Science Applications (United States),System Science Applications (United States),US,OpenAlex
https://ror.org/05nnz8429,Health & Life (Taiwan),Health & Life (Taiwan)|合世生醫科技股份有限公司,TW,OpenAlex
https://ror.org/04h6azc67,Textron (United States),Special Yarns|Textron|Textron (United States),US,OpenAlex
https://ror.org/05p8v7d26,Biostatistical Consulting (United States),Biostatistical Consulting (United States)|BCI,US,OpenAlex
https://ror.org/04sf3y026,State Grid Henan Electric Power Company (China),State Grid Henan Electric Power Company (China)|国网河南省电力公司|河南省电力公司,CN,OpenAlex
https://ror.org/00yewjk07,BAE Systems (Sweden),BAE Systems (Sweden),SE,OpenAlex
https://ror.org/04y75v050,Textron Systems (United Kingdom),Special Yarns Company|Textron Systems (United Kingdom),GB,OpenAlex
https://ror.org/04zzq8d03,Zambon (Italy),Zambon (Italy),IT,OpenAlex
https://ror.org/057315g56,Salesforce (United States),Salesforce (United States),US,OpenAlex
https://ror.org/01tbe3k42,Alpha Genesis (United States),Alpha Genesis (United States)|AGI,US,OpenAlex
https://ror.org/02tarpq30,General Electric (Germany),General Electric (Germany)|GE,DE,OpenAlex
https://ror.org/03b20q825,Baker Engineering (United States),Baker Engineering (United States),US,OpenAlex
https://ror.org/05gdb1895,Elabora Consultoria (Brazil),Elabora Consultoria (Brazil),BR,OpenAlex
https://ror.org/01bvqg661,Nikon (Japan),Kabushiki-gaisha Nikon|Nikon (Japan)|Nikon Corporation|Nippon Kōgaku Kōgyō Kabushikigaisha|株式会社ニコン,JP,OpenAlex
https://ror.org/05s7fvh27,Yamaha (Japan),Yamaha (Japan)|ヤマハ株式会社,JP,OpenAlex
https://ror.org/03bxq3a59,Semiconductor Manufacturing International (Italy),Semiconductor Manufacturing International (Italy)|SMIC,IT,OpenAlex
https://ror.org/05jz46060,Philips (France),Koninklijke Philips|Philips (France)|Royal Philips,FR,OpenAlex
https://ror.org/01n8qtk87,MathWorks (United States),MathWorks (United States),US,OpenAlex
https://ror.org/00z5k4y41,Novel (United States),Novel (United States)|Novel Engineering,US,OpenAlex
https://ror.org/03cyvf362,Immune Regulation (United Kingdom),Immune Regulation (United Kingdom)|Peptinnovate announces,GB,OpenAlex
https://ror.org/03f4jx570,Immungenetics (Germany),Immungenetics (Germany),DE,OpenAlex
https://ror.org/0359s0245,Continental (Germany),Continental (Germany)|Continental AG,DE,OpenAlex
https://ror.org/05dmq6f22,Hanwha Solutions (South Korea),Hanwha Solutions (South Korea)|한화솔루션,KR,OpenAlex
https://ror.org/036krca38,Kubota (Japan),Kabushiki-kaisha Kubota|Kubota (Japan)|株式会社クボタ,JP,OpenAlex
https://ror.org/0251vfx90,Showa Denko (Japan),Showa Denko (Japan)|Showa Denko K.K.|Shōwa Denkō Kabushiki-gaisha|昭和電工株式会社,JP,OpenAlex
https://ror.org/05g4mtv59,Hewlett-Packard (United Kingdom),Hewlett-Packard (United Kingdom)|HP,GB,OpenAlex
https://ror.org/0272kpg92,Meituan (China),Meituan|Meituan (China)|Meituan-Dianping|美团,CN,OpenAlex
https://ror.org/03cgqjh12,US Night Vision (United States),US Night Vision (United States),US,OpenAlex
https://ror.org/04rcxhq50,Novartis (Italy),Novartis (Italy)|Novartis Farma S.p.A.|Novartis Farma SpA Italy|Novartis Italia,IT,OpenAlex
https://ror.org/05q07rr84,Ricardo (United Kingdom),Ricardo (United Kingdom),GB,OpenAlex
https://ror.org/02avws951,Fresenius Medical Care (United States),Fresenius Medical Care (United States)|FMCNA,US,OpenAlex
https://ror.org/04v1j8c44,Advanced Bioscience Laboratories (United States),Advanced Bioscience Laboratories (United States)|ABL,US,OpenAlex
https://ror.org/02aykj333,Audi (Germany),Audi (Germany),DE,OpenAlex
https://ror.org/0099f7q64,Phillips 66 (United States),Phillips 66 (United States),US,OpenAlex
https://ror.org/01d3smq07,Aflac (United States),Aflac (United States)|American Family Life Assurance Company,US,OpenAlex
https://ror.org/02ffpzw40,Spectrum Scientific (United States),Spectrum Scientific (United States)|SSI,US,OpenAlex
https://ror.org/05hv0ec94,Integral Consulting (United States),Integral Consulting (United States),US,OpenAlex
https://ror.org/006471y50,Applied Materials (United Kingdom),Applied Materials (United Kingdom)|Applied Materials Technology,GB,OpenAlex
https://ror.org/00m2x0g47,Intel (Germany),Intel (Germany),DE,OpenAlex
https://ror.org/03q13kq93,Public Service Electric and Gas (United States),Public Service Corporation of New Jersey|Public Service Electric and Gas (United States)|PSEG,US,OpenAlex
https://ror.org/01v0pgv63,Olympus (Japan),Olympus (Japan)|Olympus Soft Imaging Solutions|Orinpasu Kabushiki-gaisha|オリンパス株式会社|OSIS,JP,OpenAlex
https://ror.org/00e2hg029,Sterling Research Group (United States),Sterling Research Group (United States),US,OpenAlex
https://ror.org/05e5vsw78,Lukoil (Russia),LUK|Lukoil (Russia)|История,RU,OpenAlex
https://ror.org/04pjzv747,LG Chem (South Korea),LG Chem|LG Chem (South Korea)|LG Chemical|LG화학,KR,OpenAlex
https://ror.org/02bez8p50,ArcelorMittal (Luxembourg),ArcelorMittal (Luxembourg),LU,OpenAlex
https://ror.org/01093z329,SAS Institute (United States),SAS Institute (United States)|SAS,US,OpenAlex
https://ror.org/01se7j361,nLIGHT (United States),nLIGHT (United States),US,OpenAlex
https://ror.org/03amxdk57,Capgemini (Netherlands),Capgemini (Netherlands),NL,OpenAlex
https://ror.org/03vmatd47,Safran Electronics (Canada),Safran Electronics (Canada),CA,OpenAlex
https://ror.org/0131hr478,Johnson Matthey (Germany),Johnson Matthey (Germany)|JM,DE,OpenAlex
https://ror.org/00r2mkt64,Weatherford (Norway),Weatherford (Norway)|Weatherford International,NO,OpenAlex
https://ror.org/02pp1v282,AntiCancer (United States),AntiCancer (United States),US,OpenAlex
https://ror.org/036wd5777,Group Sense (China),Group Sense (China)|權智集團|GSL,CN,OpenAlex
https://ror.org/03hrns542,Robert Bosch (Australia),Robert Bosch (Australia),AU,OpenAlex
https://ror.org/051659894,BP (United States),BP (United States)|British Petroleum,US,OpenAlex
https://ror.org/01kq4az79,Nitto (Japan),Nitto (Japan)|Nitto Denko|日東電工株式会社,JP,OpenAlex
https://ror.org/04azzhq34,Shanghai Construction Group (China),Shanghai Construction Group (China)|上海建工集团|SCG,CN,OpenAlex
https://ror.org/033ssdc55,Unisys (United States),Unisys (United States)|Unisys Corporation,US,OpenAlex
https://ror.org/0044cjb29,Clinical Investigation Support (Austria),CIS Clinical Investigation Support Pharmaforschung GmbH|Clinical Investigation Support (Austria)|CIS,AT,OpenAlex
https://ror.org/03jp8j090,Christie (Canada),Christie (Canada),CA,OpenAlex
https://ror.org/01nehjf29,Microsoft (Finland),Microsoft (Finland)|Microsoft Corporation,FI,OpenAlex
https://ror.org/00bardy64,Leidos Biomedical Research Inc. (United States),Leidos Biomedical Research|Leidos Biomedical Research Inc.|Leidos Biomedical Research Inc. (United States),,OpenAlex
https://ror.org/00ker7c87,TDK (Japan),TDK (Japan)|TDK Electronics|TDK Kabushiki-gaisha|TDK株式会社,JP,OpenAlex
https://ror.org/00ej99c12,Centre for Research and Development in Telecommunications (Brazil),Centre for Research and Development in Telecommunications (Brazil)|CPqD,BR,OpenAlex
https://ror.org/03kgyg741,General Mills (United States),General Mills (United States),US,OpenAlex
https://ror.org/02f8mda22,Quality and Reliability (Greece),Quality and Reliability (Greece),GR,OpenAlex
https://ror.org/05d5rz672,Quantum Technologies (Sweden),Quantum Technologies (Sweden),SE,OpenAlex
https://ror.org/04n0f2b96,China South Industries Group (China),China Ordnance Equipment Group|China South Industries Group (China)|中国兵器装备集团有限公司|CSGC,CN,OpenAlex
https://ror.org/03bc0qh53,Space Micro (United States),Space Micro (United States),US,OpenAlex
https://ror.org/04hkpfa76,Denso (Japan),Denso (Japan)|株式会社デンソー,JP,OpenAlex
https://ror.org/00bxsm637,MTU Aero Engines (Germany),MTU Aero Engines (Germany)|MTU München,DE,OpenAlex
https://ror.org/01cg3n190,Inner Mongolia Electric Power Survey & Design Institute (China),Inner Mongolia Electric Power Survey & Design Institute (China)|Inner Mongolia Institute of Technology|内蒙古电力勘测设计院|IMPSDI,CN,OpenAlex
https://ror.org/02e9qns56,Sustainable Innovation (Sweden),Sustainable Innovation (Sweden)|SUST,SE,OpenAlex
https://ror.org/05h1bjp83,High Throughput Biology (United States),High Throughput Biology (United States)|HTB,US,OpenAlex
https://ror.org/02d4qpq05,Transgene (France),Transgene (France),FR,OpenAlex
https://ror.org/03cw0ad25,Beijing Urban Construction Design & Development Group (China),Beijing Urban Construction Design & Development Group (China)|Beijing Urban Engineering Design & Research Institute,CN,OpenAlex
https://ror.org/02xyqwh78,FEV (Germany),FEV (Germany)|FEV Engine Technology|Forschungsgesellschaft for Energietechnik and Verbrennungsmotoren,DE,OpenAlex
https://ror.org/00pm7rm97,IBM (Germany),IBM (Germany)|International Business Machines Corporation,DE,OpenAlex
https://ror.org/04zbgcp34,Kantar Health (United States),Kantar Health (United States),US,OpenAlex
https://ror.org/03tah6c23,Ferro (United States),Ferro (United States),US,OpenAlex
https://ror.org/04vdmc602,Honda (United States),Honda (United States),US,OpenAlex
https://ror.org/02754py23,Mercator Ocean (France),Mercator Ocean (France),FR,OpenAlex
https://ror.org/028m8dj97,Kentucky imaging Technologies (United States),Kentucky imaging Technologies (United States)|KIT,US,OpenAlex
https://ror.org/04q43a127,IPS Research (United States),IPS Research (United States),US,OpenAlex
https://ror.org/049zatd98,Oxford Instruments (United Kingdom),Oxford Instruments (United Kingdom),GB,OpenAlex
https://ror.org/020emvx88,EP Analytics (United States),EP Analytics (United States),US,OpenAlex
https://ror.org/04jp1vs97,Hill Engineering (United States),Hill Engineering (United States),US,OpenAlex
https://ror.org/01mv6bt66,Chr. Hansen (Denmark),Chr. Hansen (Denmark),DK,OpenAlex
https://ror.org/02jsp2z03,Telenor (Norway),Telenor (Norway),NO,OpenAlex
https://ror.org/05c9p5b07,East Institute Refractories (Russia),East Institute Refractories (Russia)|Oriental Institute of Refractories|Восточный институт огнеупоров,RU,OpenAlex
https://ror.org/005mr0595,Technology Holding (United States),Technology Holding (United States),US,OpenAlex
https://ror.org/03ynt1573,Ansaldo (Italy),Ansaldo (Italy),IT,OpenAlex
https://ror.org/04kwfkk85,Nokia (France),Nokia (France),FR,OpenAlex
https://ror.org/01xm4wg91,Moderna Therapeutics (United States),Moderna Therapeutics (United States),US,OpenAlex
https://ror.org/013hwwd10,Surgical Specialties (Canada),Angiotech Pharmaceuticals|Surgical Specialties (Canada),CA,OpenAlex
https://ror.org/05xv38e59,Brf (Brazil),Brasil Foods|Brf (Brazil),BR,OpenAlex
https://ror.org/01b4hqa77,Changsha Mining and Metallurgy Research Institute (China),Changsha Mining and Metallurgy Research Institute (China)|长沙矿冶研究院有限责任公|CRIMM,CN,OpenAlex
https://ror.org/04qhq0392,D.V.Efremov Institute of Electrophysical Apparatus (Russia),D.V.Efremov Institute of Electrophysical Apparatus (Russia)|NIIEFA,RU,OpenAlex
https://ror.org/00edfym28,Bharat Electronics (India),Bharat Electronics (India)|Bhārat ilekṭrawnik|भारत इलेक्ट्रॉनिक लिमिटेड|BEL,IN,OpenAlex
https://ror.org/03z9zz970,Philip Morris International (Switzerland),Philip Morris International (Switzerland)|Philip Morris International Management|PMI,CH,OpenAlex
https://ror.org/04sdy1r02,Lund Science (Sweden),Lund Science (Sweden),SE,OpenAlex
https://ror.org/01v23xq73,Eaton (Taiwan),Eaton (Taiwan),TW,OpenAlex
https://ror.org/0474p4r72,Inspur (China),Inspur (China)|浪潮,CN,OpenAlex
https://ror.org/04enbdd69,Charles River Associates,Charles River Associates,US,OpenAlex
https://ror.org/05hk1wv51,Mazda Motor Corporation (Japan),Matsuda Kabushiki-gaisha|Mazda Motor Corporation (Japan)|マツダ株式会社,JP,OpenAlex
https://ror.org/03hp1m080,Ikerlan,Ikerlan,ES,OpenAlex
https://ror.org/01be2k939,Dai Nippon Printing (Japan),Dai Nippon Insatsu|Dai Nippon Printing (Japan)|大日本印刷|DPN,JP,OpenAlex
https://ror.org/01pz1d457,Quantum Devices (United States),Quantum Devices (United States)|Wisconsin corporation|QDI,US,OpenAlex
https://ror.org/04rxdpa15,Sprint (United States),Sprint (United States),US,OpenAlex
https://ror.org/045p8e908,Mochida Pharmaceutical (Japan),Mochida Pharmaceutical (Japan)|mochida seiyaku kabushiki gaisha|持田製薬株式会社,JP,OpenAlex
https://ror.org/056jgxp12,Helix (United States),Helix (United States),US,OpenAlex
https://ror.org/00yyvv226,Weichai Power (China),Weichai Power (China)|潍柴动力,CN,OpenAlex
https://ror.org/00shfq002,Syngenta (United States),Syngenta (United States),US,OpenAlex
https://ror.org/042t78q04,Nanjing Surveying and Mapping Research Institute (China),Nanjing Surveying and Mapping Research Institute (China)|南京市测绘勘察研究院股份有限公司,CN,OpenAlex
https://ror.org/04462nt90,Ross Laboratories (United States),Ross Laboratories (United States),US,OpenAlex
https://ror.org/01hqrb170,Synlab Czech (Czechia),Synlab Czech (Czechia),CZ,OpenAlex
https://ror.org/02xnraw58,NOF Corporation (Japan),NOF Corporation (Japan)|Nippon Oil & Fats|日油株式会社,JP,OpenAlex
https://ror.org/021wbbm64,ZF Friedrichshafen (Germany),ZF Friedrichshafen (Germany)|ZF Group,DE,OpenAlex
https://ror.org/01vp49361,Merck Serono S.A. (Switzerland),Merck Serono (Switzerland)|Merck Serono S.A.|Merck Serono S.A. (Switzerland),CH,OpenAlex
https://ror.org/02djppw35,China Steel (Taiwan),China Steel (Taiwan)|Zhōngguó Gāngtiě Gǔfèn Yǒuxiàn Gōngsī|中國鋼鐵股份有限公司|CSC,TW,OpenAlex
https://ror.org/01rk7mv85,Siemens (Hungary),Siemens (Hungary),HU,OpenAlex
https://ror.org/04bp8ss57,GEF Ingenieur (Germany),GEF Ingenieur (Germany)|GEF Ingenieurgesellschaft für Energietechnik und Fernwärme,DE,OpenAlex
https://ror.org/05hkjyh45,Alexion Pharma (Switzerland),Alexion Pharma (Switzerland),CH,OpenAlex
https://ror.org/05tzrdd39,Leo Pharma (Denmark),Leo Pharma (Denmark),DK,OpenAlex
https://ror.org/034b4g685,Nuclear Research and Consultancy Group,Nuclear Research and Consultancy Group|NRG,NL,OpenAlex
https://ror.org/05nzk9q32,Intelligent Machines (Sweden),Intelligent Machines (Sweden),SE,OpenAlex
https://ror.org/04zyzzh22,Saft (France),Saft (France),FR,OpenAlex
https://ror.org/02c9yny10,Pfizer (France),Pfizer (France),FR,OpenAlex
https://ror.org/02s3fnw45,Advanced Technology & Materials (China),Advanced Technology & Materials (China)|AT&M,CN,OpenAlex
https://ror.org/03r7fm174,KDDI (Japan),KDDI (Japan)|KDDI株式会社,JP,OpenAlex
https://ror.org/04a711r87,South African Nuclear Energy Corporation (South Africa),South African Nuclear Energy Corporation (South Africa)|Necsa,ZA,OpenAlex
https://ror.org/014tted12,Systems Control (United States),Systems Control (United States),US,OpenAlex
https://ror.org/02rhwc631,Chemical Dynamics (United States),Chemical Dynamics (United States),US,OpenAlex
https://ror.org/02ty1mz57,Nippon Electric Glass (Japan),Nippon Electric Glass (Japan)|日本電気硝子株式会社|NEG,JP,OpenAlex
https://ror.org/00sp0zs16,Compass (United States),Compass (United States),US,OpenAlex
https://ror.org/04aqg9s78,Beiersdorf (Germany),Beiersdorf (Germany),DE,OpenAlex
https://ror.org/0095dm157,Tsumura Research Institute (Japan),Tsumura Research Institute (Japan)|津村総合研究所,JP,OpenAlex
https://ror.org/026xyq320,Mikroelektronika (Czechia),Mikroelektronika (Czechia),CZ,OpenAlex
https://ror.org/05ppvf150,Impact Technology Development (United States),Impact|Impact Technology Development (United States),US,OpenAlex
https://ror.org/02w335z67,InterDigital (United States),InterDigital (United States),US,OpenAlex
https://ror.org/03s6cj295,Osaka Gas (Japan),Osaka Gas (Japan)|大阪瓦斯株式会社,JP,OpenAlex
https://ror.org/00hsg6w24,ET Enterprises (United Kingdom),ET Enterprises (United Kingdom),GB,OpenAlex
https://ror.org/02ey7f844,Pacific Medical (China),Pacific Medical (China),CN,OpenAlex
https://ror.org/0431b2v07,Air Liquide (France),Air Liquide (France),FR,OpenAlex
https://ror.org/0572j2882,Schlumberger (Canada),Schlumberger (Canada),CA,OpenAlex
https://ror.org/040xtvv41,Herbalife (Australia),Herbalife (Australia),AU,OpenAlex
https://ror.org/035n56j11,AstraZeneca (Finland),AstraZeneca (Finland),FI,OpenAlex
https://ror.org/0415cr103,Novo Nordisk (United Kingdom),Novo Nordisk (United Kingdom),GB,OpenAlex
https://ror.org/00nkkk791,Shanghai Tunnel Engineering (China),Shanghai Tunnel Engineering (China)|上海隧道工程|STEC,CN,OpenAlex
https://ror.org/0445yn719,Leonardo (United Kingdom),Finmeccanica|Leonardo (United Kingdom)|Leonardo-Finmeccanica,GB,OpenAlex
https://ror.org/020x0c621,Hewlett Packard Enterprise (United States),Hewlett Packard Enterprise (United States)|HPE,US,OpenAlex
https://ror.org/02xab7z06,Chery Automobile (China),Chery Automobile (China)|奇瑞,CN,OpenAlex
https://ror.org/03nqwhd11,Saudi Arabia Basic Industries (Saudi Arabia),Saudi Arabia Basic Industries (Saudi Arabia)|الشركة السعودية للصناعات الأساسية ، سابك|SABIC,SA,OpenAlex
https://ror.org/03m0mkk67,Gates (United States),Gates (United States),US,OpenAlex
https://ror.org/05pcyqv21,Petro-Canada,Petro-Canada,CA,OpenAlex
https://ror.org/02xqp7x96,Shenyang Institute of Computing Technology (China),Shenyang Computing|Shenyang Institute of Computing Technology (China)|中国科学院沈阳计算技术研究所|SICT,CN,OpenAlex
https://ror.org/04ks5c429,Analytical Services & Materials (United States),Analytical Services & Materials (United States)|AS&M,US,OpenAlex
https://ror.org/04vxc1c96,United Technologies Research Center,United Technologies Research Center|UTRC,IE,OpenAlex
https://ror.org/01wrnz920,Arcadis (United States),Arcadis (United States),US,OpenAlex
https://ror.org/026vtvm28,Boehringer Ingelheim (Austria),Boehringer Ingelheim (Austria),AT,OpenAlex
https://ror.org/054q96n74,AstraZeneca (Germany),AstraZeneca (Germany),DE,OpenAlex
https://ror.org/02rm87p82,"State Grid Hubei Electric Power Co., Ltd. (China)","State Grid Hubei Electric Power Co|State Grid Hubei Electric Power Co., Ltd. (China)|国网湖北省电力有限公司",CN,OpenAlex
https://ror.org/0511bn634,Chiesi (Italy),Chiesi (Italy),IT,OpenAlex
https://ror.org/006fm2278,Midea Group (China),Midea Group (China)|美的集团,CN,OpenAlex
https://ror.org/03b66v461,Jaguar Land Rover (United Kingdom),Jaguar Land Rover (United Kingdom),GB,OpenAlex
https://ror.org/00zbfm828,Cambridge Crystallographic Data Centre,Cambridge Crystallographic Data Centre|CCDC,GB,OpenAlex
https://ror.org/02hy2mb20,De Gezondheidsdienst voor Dieren,De Gezondheidsdienst voor Dieren|GD Animal Health,NL,OpenAlex
https://ror.org/02jheyr43,Hefei General Machinery Research Institute (China),Hefei General Machinery Research Institute (China)|合肥通用机械研究院,CN,OpenAlex
https://ror.org/03x92hw77,Beijing Municipal Engineering Design and Research Institute (China),Beijing Municipal Engineering Design and Research Institute (China)|Beijing Municipal General Hospital|北京市政工程设计研究院,CN,OpenAlex
https://ror.org/04f2n1245,Intel (India),Intel (India),IN,OpenAlex
https://ror.org/04tqd7s80,Otsuka Pharmaceutical (Spain),Otsuka Pharmaceutical (Spain),ES,OpenAlex
https://ror.org/02ksqdr49,General Sciences (United States),General Sciences (United States),US,OpenAlex
https://ror.org/00c9dk124,Forskning.no (Norway),Forskning.no (Norway),NO,OpenAlex
https://ror.org/04jwy1234,Shell (Japan),Royal Dutch Shell|Shell (Japan),JP,OpenAlex
https://ror.org/04cxegr21,Janssen (Netherlands),Janssen (Netherlands),NL,OpenAlex
https://ror.org/05rejmm18,DELL (United States),DELL (United States)|Dell EMC|EMC|EMC²,US,OpenAlex
https://ror.org/05fenky51,Interface (United Kingdom),Interface (United Kingdom),GB,OpenAlex
https://ror.org/049h4jd15,Biocon (Switzerland),Biocon (Switzerland),CH,OpenAlex
https://ror.org/011bwvz55,Waste Management (United States),WM Intellectual Property Holdings LLC|Waste Management|Waste Management (United States),US,OpenAlex
https://ror.org/032tp7158,Thales (Netherlands),Hollandse Signaalapparaten B.V.|Signaal|Thales (Netherlands),NL,OpenAlex
https://ror.org/04rcck644,Marcus (United States),Marcus (United States),US,OpenAlex
https://ror.org/04qh5fy32,Abbott (Sweden),Abbott (Sweden),SE,OpenAlex
https://ror.org/03sct1f35,Aluminum Corporation of China (China),Aluminum Corporation of China (China)|Chinalco|中国铝业公司,CN,OpenAlex
https://ror.org/00ryqe969,Engineering Associates (United States),Engineering Associates (United States),US,OpenAlex
https://ror.org/05hen7093,Sonatrach (Algeria),"Société Nationale pour la Recherche, la Production, le Transport, la Transformation, et la Commercialisation des Hydrocarbures|Sonatrach (Algeria)|المؤسسة الوطنية للتنقيب, صناعة, نقل, تحويل و تسويق المحروقات",DZ,OpenAlex
https://ror.org/0287e5797,Siemens (United Kingdom),Siemens (United Kingdom),GB,OpenAlex
https://ror.org/01ev5bj69,Finden (United Kingdom),Finden (United Kingdom),GB,OpenAlex
https://ror.org/04c1a3283,Samsung Display (South Korea),"Samsung Display (South Korea)|Samsung Display Co., Ltd.|三星显示|삼성디스플레이|SDC",KR,OpenAlex
https://ror.org/05rjsp326,KPMG (United Kingdom),KPMG (United Kingdom)|KPMG International Cooperative|Klynveld Peat Marwick Goerdeler,GB,OpenAlex
https://ror.org/006t2mw36,Shanxi Coal Transportation and Sales Group (China),Shanxi Coal Sales Group|Shanxi Coal Transportation and Sales Group (China)|山西煤炭运销集团有限公司 技术支持,CN,OpenAlex
https://ror.org/03vy1bn66,Woodside (Australia),Woodside (Australia),AU,OpenAlex
https://ror.org/001yedb91,Actelion (Switzerland),Actelion (Switzerland),CH,OpenAlex
https://ror.org/00pex3x41,Celanese (United States),Celanese (United States)|Hoechst Celanese,US,OpenAlex
https://ror.org/02ekwm539,Planet,Planet|Planungsgruppe Energie und Technik,DE,OpenAlex
https://ror.org/03zqwq749,ID-FISH Technology (United States),ID-FISH Technology (United States),US,OpenAlex
https://ror.org/05canvq15,Predictive Science (United States),Predictive Science (United States),US,OpenAlex
https://ror.org/02c5z9p32,Hella (Germany),Hella (Germany),DE,OpenAlex
https://ror.org/00xhkbc10,Frontiers Media SA (Switzerland),Frontiers|Frontiers Media|Frontiers Media SA|Frontiers Media SA (Switzerland),CH,OpenAlex
https://ror.org/01eb6s760,Electric Propulsion Laboratory (United States),Electric Propulsion Laboratory (United States)|EPL,US,OpenAlex
https://ror.org/03s918289,Halliburton (United States),Halliburton (United States),US,OpenAlex
https://ror.org/04wgf7387,Beijing Building Construction Research Institute (China),Beijing Building Construction Research Institute (China)|北京建筑科学研究院有限公司|BBCRI,CN,OpenAlex
https://ror.org/014mx8j54,Devon Energy (United States),Devon Energy (United States),US,OpenAlex
https://ror.org/03yt24h27,General Electric (United Kingdom),General Electric (United Kingdom)|GE,GB,OpenAlex
https://ror.org/0559db563,Xinjiang New Energy Research Institute (China),Xinjiang New Energy Research Institute (China),CN,OpenAlex
https://ror.org/051w1mx35,Thales (Portugal),Thales (Portugal),PT,OpenAlex
https://ror.org/00qw43163,Applied Research (United States),ARLLC|Applied Research (United States),US,OpenAlex
https://ror.org/03etg4523,Teva Pharmaceuticals (United States),Teva Pharmaceuticals (United States),US,OpenAlex
https://ror.org/031p65n62,Amorepacific (South Korea),Amorepacific (South Korea)|AP,KR,OpenAlex
https://ror.org/0338ntq56,AVIC Optronics (China),AVIC Optronics (China)|航空工业光电所,CN,OpenAlex
https://ror.org/02s9tm513,Indian Oil Corporation (India),Indian Oil Corporation (India)|IOCL,IN,OpenAlex
https://ror.org/02hqwnx33,Western Digital (United States),Western Digital|Western Digital (United States)|Western Digital Corporation|WD|WDC,US,OpenAlex
https://ror.org/037r2ff59,Wells Fargo (United States),Wells Fargo (United States),US,OpenAlex
https://ror.org/00k3gyk15,China National Pharmaceutical Group Corporation (China),China National Pharmaceutical Group|China National Pharmaceutical Group Corporation (China)|Sinopharm|中国医药集团总公司|CNPGC,CN,OpenAlex
https://ror.org/01p8dnv11,Israel Electric (Israel),Israel Electric (Israel)|חברת החשמל לישראל|IEC,IL,OpenAlex
https://ror.org/03mwypp50,Veolia (France),Compagnie Générale des Eaux|Veolia (France)|Veolia Environnement,FR,OpenAlex
https://ror.org/02tdmp521,Health Solutions (Sweden),Health Solutions (Sweden),SE,OpenAlex
https://ror.org/050wwwp73,Yunnan Metallurgical Group (China),Yunnan Metallurgical Group (China)|云南冶金集团股份有限公司,CN,OpenAlex
https://ror.org/01v791m31,NEC (United States),NEC (United States)|NEC Corporation of America,US,OpenAlex
https://ror.org/016qv5070,AstraZeneca (France),AstraZeneca (France),FR,OpenAlex
https://ror.org/022xahy44,Furukawa Electric (United Kingdom),Furukawa Electric (United Kingdom),GB,OpenAlex
https://ror.org/04srd9d93,Lenovo (China),Lenovo (China)|联想中国,CN,OpenAlex
https://ror.org/01g1xae87,KBR (United States),KBR (United States)|Kellogg Brown & Root,US,OpenAlex
https://ror.org/02wykja76,Theranostics (New Zealand),Theranostics (New Zealand),NZ,OpenAlex
https://ror.org/047979f88,Águas de Portugal (Portugal),AdP Group|Águas de Portugal (Portugal),PT,OpenAlex
https://ror.org/03cjntr43,Bio-Rad (United States),Bio-Rad (United States),US,OpenAlex
https://ror.org/04k7xq042,Jiangxi Copper (China),Jiangxi Copper (China)|江西铜业,CN,OpenAlex
https://ror.org/0564r0810,AU Optronics (Taiwan),AU Optronics (Taiwan)|AUO,TW,OpenAlex
https://ror.org/00m7gt169,Thomson Reuters (United States),Thomson Reuters (United States),US,OpenAlex
https://ror.org/05qkm5r52,21c Consultancy (United Kingdom),21c Consultancy (United Kingdom),GB,OpenAlex
https://ror.org/015pwzh41,Weyerhaeuser (United States),Weyerhaeuser (United States),US,OpenAlex
https://ror.org/02veezx93,Transport Research Laboratory (United Kingdom),Road Research Laboratory|Transport Research Laboratory|Transport Research Laboratory (United Kingdom)|TRL,GB,OpenAlex
https://ror.org/04b25wb90,Anhanguera (Brazil),Anhanguera (Brazil),BR,OpenAlex
https://ror.org/031rnv444,Goldman Sachs (United States),"Goldman Sachs (United States)|The Goldman Sachs Group, Inc.",US,OpenAlex
https://ror.org/05cwghy20,Zen-Noh (Japan),National Federation of Agricultural Co-operative Associations|Zen-Noh (Japan)|Zenkoku Nōgyō Kyōdō Kumiai Rengōkai|Zennō|全国農業協同組合連合会,JP,OpenAlex
https://ror.org/00ahnj653,Hindustan Aeronautics Limited (India),Hindustan Aeronautics Limited (India)|Hindustan Aircraft|हिंदुस्तान एरोनॉटिक्स लिमिटेड|HAL,IN,OpenAlex
https://ror.org/00bv2aa44,STCube (United States),"STCube (United States)|STCube Pharmaceuticals|STCube Pharmaceuticals, Inc.",US,OpenAlex
https://ror.org/00t1pfq43,Shanghai CASB Biotechnology (China),CAS Research Center of Biotechnology|Shanghai CASB Biotechnology (China)|Shanghai Research Center of Biotechnology|上海中科伍佰豪生物工程有限公司|CASB|SRCB,CN,OpenAlex
https://ror.org/04djdz725,State Grid Tianjin Electric Power Company (China),"State Grid Tianjin Electric Power Company (China)|Tianjin Electric Power Company, State Grid|国网天津市电力公司|国网天津电力公司",CN,OpenAlex
https://ror.org/04xrarz80,Deutsche Bahn (Germany),Deutsche Bahn (Germany)|DB|DBAG,DE,OpenAlex
https://ror.org/03aw8az69,Biomedical Research Laboratories (United States),Biomedical Research Laboratories (United States)|BRL,US,OpenAlex
https://ror.org/01a5v8x09,JDSU (United States),JDS Uniphase|JDSU (United States),US,OpenAlex
https://ror.org/049nnjd96,GlaxoSmithKline (Spain),GlaxoSmithKline (Spain)|GSK,ES,OpenAlex
https://ror.org/05sqbw136,Panasonic (China),Matsushita Electric Industrial|Panasonic (China)|松下电器,CN,OpenAlex
https://ror.org/05mmvmh32,Thermo Fisher Scientific (Israel),Thermo Fisher Scientific (Israel),IL,OpenAlex
https://ror.org/01v376g59,Fresenius (Germany),Fresenius (Germany)|Fresenius SE & Co. KGaA,DE,OpenAlex
https://ror.org/05sgwan27,Ecosystem (Spain),Ecosystem (Spain),ES,OpenAlex
https://ror.org/027b0sp52,Kema International (Netherlands),Kema International (Netherlands)|Keuring van Elektrotechnische Materialen te Arnhem,NL,OpenAlex
https://ror.org/01w6gjq94,Samsung (United Kingdom),Samsung (United Kingdom),GB,OpenAlex
https://ror.org/04tmzke54,Innovative Scientific Solutions (United States),Innovative Scientific Solutions (United States)|ISSI,US,OpenAlex
https://ror.org/02gcshf78,Natura (Brazil),Natura (Brazil)|Natura Cosméticos,BR,OpenAlex
https://ror.org/05s030550,Ablynx (Belgium),Ablynx (Belgium),BE,OpenAlex
https://ror.org/04dec0k98,Innovative Research (United States),Innovative Research (United States),US,OpenAlex
https://ror.org/005ksdp35,Systems Analytics (United States),Systems Analytics (United States),US,OpenAlex
https://ror.org/02av1as94,Phoenix Contact (United States),Phoenix Contact (United States),US,OpenAlex
https://ror.org/001m9wh67,Taiyo Yuden (Japan),Taiyo Yuden (Japan)|Taiyō Yūden Kabushiki-gaisha|太陽誘電株式会社,JP,OpenAlex
https://ror.org/03tf9y485,Semiconductor Manufacturing International (China),Semiconductor Manufacturing International (China)|中芯国际集成电路制造有限公司|SMIC,CN,OpenAlex
https://ror.org/05phbf047,Micro Focus (United States),Micro Focus (United States)|Novell,US,OpenAlex
https://ror.org/02j44zw77,Arianespace (France),Arianespace (France),FR,OpenAlex
https://ror.org/05jvg6713,Hollister (United States),Hollister (United States),US,OpenAlex
https://ror.org/00aphdz18,Morgan Stanley (United States),Morgan Stanley (United States)|MS,US,OpenAlex
https://ror.org/00thqng93,Open Knowledge (United Kingdom),Open Knowledge (United Kingdom),GB,OpenAlex
https://ror.org/03whnfd14,GlobalFoundries (Singapore),GlobalFoundries (Singapore),SG,OpenAlex
https://ror.org/00467td76,Mallinckrodt (Ireland),Mallinckrodt (Ireland),IE,OpenAlex
https://ror.org/0017kmw32,Eletrobras (Brazil),Centrais Elétricas Brasileiras S.A.|Eletrobras (Brazil),BR,OpenAlex
https://ror.org/04rgfzt17,Advanced Semiconductor Engineering (Taiwan),ASE Group|Advanced Semiconductor Engineering (Taiwan)|日月光集团|ASE,TW,OpenAlex
https://ror.org/04jj4c328,AECOM (China),AECOM (China),CN,OpenAlex
https://ror.org/057aydj06,Robert Bosch (Netherlands),Robert Bosch (Netherlands),NL,OpenAlex
https://ror.org/05crb7x25,Shaanxi Yanchang Petroleum (China),"Shaanxi Yanchang Petroleum (China)|Shaanxi Yanchang Petroleum (Group) Co., Ltd.|陕西延长石油有限责任公司|陕西延长石油（集团）有限责任公司",CN,OpenAlex
https://ror.org/00z0d6447,Kikkoman (Japan),Kikkoman (Japan)|Kikkōman Kabushiki-gaisha|キッコーマン株式会社,JP,OpenAlex
https://ror.org/014f9c269,Google (Switzerland),Google (Switzerland),CH,OpenAlex
https://ror.org/00gvw5y42,Amgen (Canada),Amgen (Canada)|Applied Molecular Genetics,CA,OpenAlex
https://ror.org/01sjx9496,Pharmaceutical Product Development (United States),Pharmaceutical Product Development (United States)|PPD,US,OpenAlex
https://ror.org/02fyxhe35,LinkedIn (United States),LinkedIn (United States),US,OpenAlex
https://ror.org/031ywxc85,Alexion Pharmaceuticals (United States),Alexion Pharmaceuticals (United States),US,OpenAlex
https://ror.org/02hbhxa68,Airbus (United Kingdom),Airbus (United Kingdom),GB,OpenAlex
https://ror.org/01ms40349,Knowledge Centre for Agriculture,Knowledge Centre for Agriculture|SEGES,DK,OpenAlex
https://ror.org/03ktyvw44,Zydus Lifesciences Limited (India),Cadila Healthcare|Cadila Healthcare India|Zydus|Zydus Cadila|Zydus Group|Zydus Lifesciences Limited|Zydus Lifesciences Limited (India)|Zydus Lifesciences Ltd.,IN,OpenAlex
https://ror.org/0428exr50,Environmental Systems Research Institute (United States),Environmental Systems Research Institute (United States)|Esri,US,OpenAlex
https://ror.org/01jpp1g73,Sulzer (Switzerland),Sulzer (Switzerland)|Sulzer Brothers Ltd,CH,OpenAlex
https://ror.org/017f0cd82,Continental (United Kingdom),Continental (United Kingdom),GB,OpenAlex
https://ror.org/01zxe4w25,Innovative Research (United States),InRes|Innovative Research (United States),US,OpenAlex
https://ror.org/01qw4g764,Mitsui (Japan),Mitsui (Japan)|Mitsui Gurūpu|三井グループ,JP,OpenAlex
https://ror.org/02rxq9s71,Wright Materials Research (United States),Wright Materials Research (United States),US,OpenAlex
https://ror.org/03d9q1m75,Petroleum Technology Company (Norway),Petroleum Technology Company (Norway)|PTC,NO,OpenAlex
https://ror.org/01a5ymr35,Global Science & Technology (United States),Global Science & Technology (United States)|GST,US,OpenAlex
https://ror.org/05cbf4214,Nippon Kayaku (Japan),Nippon Kayaku (Japan)|日本化薬株式会社,JP,OpenAlex
https://ror.org/01zje5g50,Fugro (Norway),Fugro (Norway)|Fugro Oceanor,NO,OpenAlex
https://ror.org/013kv6j49,Bureau Veritas (France),Bureau Veritas (France),FR,OpenAlex
https://ror.org/0475zhg63,Suez (France),Suez (France)|Suez Environnement,FR,OpenAlex
https://ror.org/03af7p216,Cosmo Oil (Japan),Cosmo Oil (Japan)|Kosumo Sekiyu Kabushiki-gaisha|コスモ石油株式会社,JP,OpenAlex
https://ror.org/04571v857,Metsähallitus (Finland),Metsähallitus (Finland),FI,OpenAlex
https://ror.org/05dwehn62,Physiol (Belgium),Physiol (Belgium),BE,OpenAlex
https://ror.org/05njgh475,Genomic Health (United States),Genomic Health (United States),US,OpenAlex
https://ror.org/00b1tsa05,Tata Motors (India),Tata Engineering and Locomotive Company|Tata Motors (India)|TELCO,IN,OpenAlex
https://ror.org/0575pmh72,Reykjavík Energy (Iceland),Orkuveita Reykjavíkur|Reykjavík Energy (Iceland),IS,OpenAlex
https://ror.org/028v4fg64,Vattenfall (Sweden),Kungliga Vattenfallstyrelsen|Vattenfall (Sweden),SE,OpenAlex
https://ror.org/0231mbz86,Anglo American (United Kingdom),Anglo American (United Kingdom),GB,OpenAlex
https://ror.org/04gf6zh40,System Simulation (United Kingdom),System Simulation (United Kingdom)|SSL,GB,OpenAlex
https://ror.org/045072k07,Cowi (Denmark),Cowi (Denmark),DK,OpenAlex
https://ror.org/03tx9ef16,Materia (United States),Materia (United States),US,OpenAlex
https://ror.org/05d84mm26,Neurocrine Biosciences (United States),Neurocrine Biosciences (United States),US,OpenAlex
https://ror.org/00aj77a24,Danone (France),Danone (France),FR,OpenAlex
https://ror.org/045jad561,GlobalFoundries (Germany),GlobalFoundries (Germany),DE,OpenAlex
https://ror.org/02y5rmj89,Xuzhou Construction Machinery Group (China),Xuzhou Construction Machinery Group (China)|Xúgōng Jítuán|徐工集团|XCMG,CN,OpenAlex
https://ror.org/013g16z83,Accenture (United States),Accenture (United States)|Andersen Consulting,US,OpenAlex
https://ror.org/0446d5v35,Geely (China),Geely (China)|Zhejiang Geely Holding Group|吉利,CN,OpenAlex
https://ror.org/01eccwj82,Siemens Energy,Siemens Energy|Siemens Energy AG|Siemens Energy Global GmbH & Co. KG,DE,OpenAlex
https://ror.org/00pgy4f30,China Electric Equipment Group (China),China Electric Equipment Group (China)|Ministry of Energy|中电电气集团有限公司|CEEG,CN,OpenAlex
https://ror.org/01c0x3431,OSRAM (Germany),OSRAM (Germany),DE,OpenAlex
https://ror.org/03jqyh750,IDEX Corporation (United States),IDEX Corporation (United States),US,OpenAlex
https://ror.org/05qepn613,Merrill (United States),Merrill (United States),US,OpenAlex
https://ror.org/03b1qgn79,Silicon Austria Labs (Austria),Silicon Austria Labs (Austria)|SAL,AT,OpenAlex
https://ror.org/048j11q41,Rohde & Schwarz (Germany),Rohde & Schwarz (Germany),DE,OpenAlex
https://ror.org/03f1b8d27,Foundry (United Kingdom),Foundry (United Kingdom),GB,OpenAlex
https://ror.org/04ayvvz32,Jiangsu Hengrui Medicine (China),Jiangsu Hengrui Medicine (China)|江苏恒瑞医药,CN,OpenAlex
https://ror.org/01qjmkr85,Fonterra (New Zealand),Fonterra (New Zealand),NZ,OpenAlex
https://ror.org/01v6k8e31,Matís (Iceland),Matís (Iceland),IS,OpenAlex
https://ror.org/029pnek19,Institute for Rheumatic Diseases (Japan),Collagen Disease Research Institute|Institute for Rheumatic Diseases (Japan)|株式会社膠原病研究所,JP,OpenAlex
https://ror.org/00cyfck94,Parsons Brinckerhoff,Parsons Brinckerhoff,US,OpenAlex
https://ror.org/036wrr275,Occidental Petroleum (United States),Occidental Petroleum (United States)|Oxy,US,OpenAlex
https://ror.org/046as2g47,Robert Bosch (Taiwan),Bosch|Robert Bosch (Taiwan),TW,OpenAlex
https://ror.org/04gfyef21,Guangzhou Metro Group (China),Guangzhou Metro Group (China),CN,OpenAlex
https://ror.org/055ar4y96,Dongfeng Motor Group (China),"Dongfeng Automobile Industry Investment|Dongfeng Motor Co., Ltd.|Dongfeng Motor Group (China)|DFG",CN,OpenAlex
https://ror.org/00s9ea398,Asahi Chemical & Industry (Japan),Asahi Chemical & Industry (Japan),JP,OpenAlex
https://ror.org/00wthd003,Allergan (Ireland),Allergan (Ireland),IE,OpenAlex
https://ror.org/00khy9f46,Sonoma Technology (United States),Sonoma Technology (United States)|STI,US,OpenAlex
https://ror.org/016s82z56,Photonic Systems (United States),Photonic Systems (United States)|PSI,US,OpenAlex
https://ror.org/01dra3713,Promega (United States),Promega (United States),US,OpenAlex
https://ror.org/00t01w369,Simcere Pharmaceutical (China),Simcere Pharmaceutical (China)|先声药业,CN,OpenAlex
https://ror.org/03jaff633,Denka (Japan),Denka (Japan)|Denki Kagaku Kogyo Kabushiki Kaisha|電気化学工業株式会社,JP,OpenAlex
https://ror.org/00sxp6h30,Jinchuan (China),Jinchuan (China)|Jinchuan Group International Resources Co. Ltd|Jinchuan International|金川集团,CN,OpenAlex
https://ror.org/044qwkx83,Vodafone (Germany),Vodafone (Germany),DE,OpenAlex
https://ror.org/01msdga41,Dornier Flugzeugwerke (Germany),Dornier Flugzeugwerke (Germany),DE,OpenAlex
https://ror.org/004m2d892,Impact Assessment,Impact Assessment|IAI,US,OpenAlex
https://ror.org/0289e7422,JFE Holdings (Japan),JFE Holdings (Japan)|Jeiefuī Hōrudingusu Kabushiki-gaisha|ホールディングス株式会社,JP,OpenAlex
https://ror.org/03qfyes53,Interaction Design (United Kingdom),Interaction Design (United Kingdom),GB,OpenAlex
https://ror.org/01qe7ag50,Euroimmun Medizinische Labordiagnostika (Germany),Euroimmun Medizinische Labordiagnostika (Germany),DE,OpenAlex
https://ror.org/00dcjap62,Nitto Chemical Industry (Japan),Nitto Chemical Industry (Japan),JP,OpenAlex
https://ror.org/00qg8pm87,Line Corporation (Japan),Hangame Japan|Line Corporation (Japan),JP,OpenAlex
https://ror.org/02htdjb57,Bial (Portugal),Bial (Portugal),PT,OpenAlex
https://ror.org/02nw6hx08,Janssen (United Kingdom),Janssen (United Kingdom)|Janssen Pharmaceutica,GB,OpenAlex
https://ror.org/03x2xt559,Pfizer (Spain),Pfizer (Spain),ES,OpenAlex
https://ror.org/00qxrgg46,Deutsche Telekom (United Kingdom),Deutsche Telekom (United Kingdom)|DT,GB,OpenAlex
https://ror.org/00qhe6a56,Miltenyi Biotec (Germany),Miltenyi Biotec (Germany),DE,OpenAlex
https://ror.org/038mzt421,Nerviano Medical Sciences,Nerviano Medical Sciences|NMS,IT,OpenAlex
https://ror.org/04dd9ss52,General Electric (India),General Electric (India)|GE,IN,OpenAlex
https://ror.org/048jw1p35,Intel (Malaysia),Intel (Malaysia),MY,OpenAlex
https://ror.org/04y784b90,Precision Research (United States),Precision Research (United States),US,OpenAlex
https://ror.org/04gxnqr83,Humana (United States),Humana (United States),US,OpenAlex
https://ror.org/04brysy78,Masteel (China),Maanshan Iron & Steel Company Limited|Magang (Group) Holding Company Limited|Masteel (China)|马钢集团,CN,OpenAlex
https://ror.org/018skgq22,Sellafield (United Kingdom),Sellafield (United Kingdom)|Windscale,GB,OpenAlex
https://ror.org/01bvfdq42,Lantiq (Germany),Lantiq (Germany),DE,OpenAlex
https://ror.org/00v64s089,Lexicon Pharmaceuticals (United States),Lexicon Pharmaceuticals (United States),US,OpenAlex
https://ror.org/00p3egw50,The Hyve (Netherlands),The Hyve (Netherlands),NL,OpenAlex
https://ror.org/004te6z45,Shanghai Nuclear Engineering Research and Design Institute (China),Shanghai Nuclear Engineering Research & Design Institute|Shanghai Nuclear Engineering Research and Design Institute|Shanghai Nuclear Engineering Research and Design Institute (China)|上海核工程研究设计院|上海核工程研究设计院股份有限公司|SNERDI,CN,OpenAlex
https://ror.org/03k3w8z68,Sumitomo Osaka Cement (Japan),Sumitomo Osaka Cement (Japan)|住友大阪セメント,JP,OpenAlex
https://ror.org/02b00s810,eBay (Ireland),eBay (Ireland),IE,OpenAlex
https://ror.org/03h6x6x11,Curtiss-Wright (United States),Curtiss-Wright (United States),US,OpenAlex
https://ror.org/05pm71w80,Pfizer (Japan),Pfizer (Japan)|ファイザ,JP,OpenAlex
https://ror.org/00k98ea94,Hokuriku Electric Power Company (Japan),Hokuriku Denryoku|Hokuriku Electric Power Company (Japan)|北陸電力,JP,OpenAlex
https://ror.org/02p7bfx81,Donaldson (United States),Donaldson (United States),US,OpenAlex
https://ror.org/02kd9ve64,Kerntechnische Entsorgung Karlsruhe (Germany),Energiewerke Nord|Gesellschaft zur Wiederaufarbeitung von Kernbrennstoffen|Kerntechnische Entsorgung Karlsruhe (Germany)|Wiederaufarbeitungsanlage Karlsruhe Rückbau- und Entsorgungs|EWN|WAK|kurz KTE,DE,OpenAlex
https://ror.org/00a1e9e96,Horiba (Japan),Horiba (Japan)|株式会社堀場製作所,JP,OpenAlex
https://ror.org/05x7k6a83,Dr. Reddy's Laboratories (United States),Dr. Reddy's Laboratories (United States),US,OpenAlex
https://ror.org/03538jp08,AbbVie (Germany),AbbVie (Germany),DE,OpenAlex
https://ror.org/0580qje17,United Microelectronics (Taiwan),United Microelectronics (Taiwan)|聯華電子|UMC,TW,OpenAlex
https://ror.org/05wyn3p10,Nippon Shinyaku (Japan),Nippon Shinyaku (Japan)|日本新薬株式会社,JP,OpenAlex
https://ror.org/04m2bcn74,System Equipment (China),"System Equipment (China)|System Equipment Co.,Ltd. Of the 28th Research Institute (Liyang)|系统设备",CN,OpenAlex
https://ror.org/05rpz9q70,Myriad Genetics,Myriad|Myriad Genetics,US,OpenAlex
https://ror.org/03z28c516,Rio Tinto (Australia),Rio Tinto (Australia),AU,OpenAlex
https://ror.org/02he16z20,NGK Insulators (Japan),NGK Insulators (Japan)|nippon gaishi kabushikigaisha|日本碍子株式会社,JP,OpenAlex
https://ror.org/014aeyd41,Asahi Breweries (Japan),Asahi Breweries (Japan)|Asahi Bīru Kabushiki Gaisha|Asahi Group Holdings|アサヒビール株式会社,JP,OpenAlex
https://ror.org/01vpeym60,Apple (United Kingdom),Apple (United Kingdom)|Apple UK,GB,OpenAlex
https://ror.org/01skwyh03,Nissan Chemical Corporation (Japan),Nissan Chemical|Nissan Chemical Corporation (Japan)|Nissan Chemical Industries|日産化学株式会社,JP,OpenAlex
https://ror.org/03qsven24,Almirall (Spain),Almirall (Spain),ES,OpenAlex
https://ror.org/00zbcgj92,Embraer (Brazil),Embraer (Brazil),BR,OpenAlex
https://ror.org/0380k9k47,Genopole (France),Genopole (France),FR,OpenAlex
https://ror.org/04kw5s604,Tektronix (United States),Tektronix (United States),US,OpenAlex
https://ror.org/01eeehv22,Bell Helicopter Textron (Canada),Bell Helicopter Textron (Canada),CA,OpenAlex
https://ror.org/03y28aj90,Cummins (United States),Cummins (United States)|Cummins Engine,US,OpenAlex
https://ror.org/053mfvp43,Informa (United Kingdom),Informa (United Kingdom),GB,OpenAlex
https://ror.org/03htten57,Westinghouse Electric (Sweden),Westinghouse Electric (Sweden),SE,OpenAlex
https://ror.org/01gd3da15,Stantec (Canada),Stantec (Canada),CA,OpenAlex
https://ror.org/01mjdf856,EarthTech International (United States),EarthTech International (United States)|Institute for Advanced Studies|ETI,US,OpenAlex
https://ror.org/04s8hyg48,Pancreas Centre (Canada),Pancreas Centre (Canada),CA,OpenAlex
https://ror.org/03q3bdj78,Ericsson (United States),Ericsson (United States)|Telefonaktiebolaget LM Ericsson,US,OpenAlex
https://ror.org/04s3xvj56,Petroleum Geo-Services (United Kingdom),Petroleum Geo-Services (United Kingdom)|PGS,GB,OpenAlex
https://ror.org/032av0b93,Expert System (Italy),Expert System (Italy),IT,OpenAlex
https://ror.org/047dt4g31,Meidensha (Japan),Meiden Kabushiki Kaisha|Meidensha (Japan)|明電舎株式会社,JP,OpenAlex
https://ror.org/01yp7yc97,Urban Planning & Design Institute of Shenzhen (China),Shenzhen Institute of Planning|Urban Planning & Design Institute of Shenzhen (China)|深圳市城市规划设计研究院|UPDIS,CN,OpenAlex
https://ror.org/00thr3w71,Alnylam Pharmaceuticals (United States),Alnylam Pharmaceuticals (United States),US,OpenAlex
https://ror.org/02cmpxr83,CNPC Tubular Goods Research Institute (China),CNPC Tubular Goods Research Institute|CNPC Tubular Goods Research Institute (China)|NPC Tubular Goods Research Center|PetroChina Tubular Goods Research Institute|中国石油集团工程材料研究院有限公司|石油管工程技术研究院|TGRI,CN,OpenAlex
https://ror.org/02n9cgn70,SRA International (United States),CSRA|SRA International (United States),US,OpenAlex
https://ror.org/00tc4ja06,Economia (Czechia),Economia (Czechia),CZ,OpenAlex
https://ror.org/00e17m144,State Grid Hunan Electric Power Company Limited,State Grid Hunan Electric Power Co. Ltd.|State Grid Hunan Electric Power Company Limited|国网湖南省电力有限公司|SGHEPCL,CN,OpenAlex
https://ror.org/03qwqnb95,Deutsche Bank (Germany),Deutsche Bank (Germany),DE,OpenAlex
https://ror.org/045vsv086,"China Yangtze Power Co., Ltd. (China)","China Yangtze Power|China Yangtze Power Co., Ltd. (China)|中国长江电力股份有限公司|长江电力|CYPC",CN,OpenAlex
https://ror.org/00ej6x457,Emerson (Sweden),Emerson (Sweden),SE,OpenAlex
https://ror.org/01hgdcb87,China Architecture Design & Research Group (China),China Architecture Design & Research Group (China)|China Architecture Design and Research Institute|中国建筑设计研究院|CAG,CN,OpenAlex
https://ror.org/0553df340,S. P. Korolev Rocket and Space Corporation Energia (Russia),RKK “Energiya”|RSC Energia|Raketno-kosmicheskaya korporatsiya “Energiya” im. S. P. Koroleva|S. P. Korolev Rocket and Space Corporation Energia (Russia)|РКК «Энергия|Ракетно-космическая корпорация «Энергия» им. С. П. Королёва,RU,OpenAlex
https://ror.org/02a8kfj58,Epistem (United Kingdom),Epistem (United Kingdom),GB,OpenAlex
https://ror.org/04zwxgg32,Nexen (Canada),Nexen (Canada),CA,OpenAlex
https://ror.org/03eh15043,Pirelli (Italy),Pirelli (Italy),IT,OpenAlex
https://ror.org/03q50jp21,Colgate-Palmolive (United States),Colgate-Palmolive (United States),US,OpenAlex
https://ror.org/04r2bq949,Kaplan (United States),Kaplan (United States)|Kaplan international colleges,US,OpenAlex
https://ror.org/05p4pn188,Mead Johnson (United States),Mead Johnson (United States)|Mead Johnson Nutrition Company,US,OpenAlex
https://ror.org/05wyfzv25,Tissue Dynamics (Israel),Tissue Dynamics (Israel),IL,OpenAlex
https://ror.org/041ppys11,Hesse (Germany),Hesse (Germany),DE,OpenAlex
https://ror.org/01x8pzm10,Harley-Davidson (United States),Harley|Harley-Davidson (United States)|H-D,US,OpenAlex
https://ror.org/02r0g0093,Southern Company (United States),Southern Company (United States),US,OpenAlex
https://ror.org/01ezy0w74,Bayer (New Zealand),Bayer (New Zealand),NZ,OpenAlex
https://ror.org/02rcsxq19,Eneos (Japan),Eneos (Japan)|JXTG Nippon Oil & Energy Corporation|エネオス,JP,OpenAlex
https://ror.org/01x5y8335,Granta Design (United Kingdom),Granta Design (United Kingdom),GB,OpenAlex
https://ror.org/05qfbhd78,Piaggio Aerospace (Italy),Piaggio Aero Industries|Piaggio Aerospace (Italy)|Rinaldo Piaggio,IT,OpenAlex
https://ror.org/032msy923,Santen (Japan),Novagali|Santen (Japan)|Santen Pharmaceutical|Santen Seiyaku Kabushiki-gaisha|参天製薬株式会社,JP,OpenAlex
https://ror.org/004yv2z91,Ping An (China),China Ping An|Ping An|Ping An (China)|中国平安|中国平安保险集团|中国平安保险（集团）股份有限公司|平安金融,,OpenAlex
https://ror.org/03e278q38,Vinci (France),Vinci (France),FR,OpenAlex
https://ror.org/05t1cnz26,Optimal Solutions (United States),Optimal Solutions (United States),US,OpenAlex
https://ror.org/00m8w3m39,Pfizer (Germany),Pfizer (Germany),DE,OpenAlex
https://ror.org/01c5aqt35,Danone (Netherlands),Danone (Netherlands),NL,OpenAlex
https://ror.org/02yr91f43,Hainan Center for Disease Control & Prevention,Hainan Center for Disease Control & Prevention|Hainan Provincial Center for Disease Control and Prevention|海南省疾病预防控制中心,CN,OpenAlex
https://ror.org/04t1f4f50,Swisscom (Switzerland),Swisscom (Switzerland),CH,OpenAlex
https://ror.org/022c1xk47,Honda (Germany),Honda (Germany),DE,OpenAlex
https://ror.org/028310354,Social Policy Research Associates (United States),Social Policy Research Associates (United States)|SPR,US,OpenAlex
https://ror.org/03c0yyz21,Ericsson (Hungary),Ericsson (Hungary)|Telefonaktiebolaget L. M. Ericsson,HU,OpenAlex
https://ror.org/013z4s422,Guardant (United States),Guardant (United States),US,OpenAlex
https://ror.org/02wq0b665,Short and Associates (United States),Short and Associates (United States),US,OpenAlex
https://ror.org/024e3wj88,Shaanxi Provincial Land Engineering Construction Group,Shaanxi Provincial Land Engineering Construction Group|陕西省土地工程建设集团有限责任公司|SPLECGC,CN,OpenAlex
https://ror.org/01pmvz131,Eli Lilly (Germany),Eli Lilly (Germany),DE,OpenAlex
https://ror.org/04sm16305,Mitsui Engineering and Shipbuilding (Japan),Mitsui Engineering and Shipbuilding (Japan)|Mitsui Shipbuilding & Engineering|三井造船,JP,OpenAlex
https://ror.org/024kx0v68,Seat (Spain),Seat (Spain)|Sociedad Española de Automóviles de Turismo,ES,OpenAlex
https://ror.org/0059xpe44,Kaken Pharmaceutical (Japan),Kaken Pharmaceutical (Japan)|科研製薬株式会社,JP,OpenAlex
https://ror.org/03jvjps27,Keihin (Japan),Keihin (Japan)|株式会社ケーヒン,JP,OpenAlex
https://ror.org/00f975e16,Genesys (United States),Genesys (United States)|Genesys Telecommunications Laboratories,US,OpenAlex
https://ror.org/05kxbz959,Hyundai Motor Group (South Korea),Hyundai Motor Group (South Korea),KR,OpenAlex
https://ror.org/001s4dh65,Cambridge Scientific (United States),Cambridge Scientific (United States)|IBM Scientific Center,US,OpenAlex
https://ror.org/03symbb61,Quanta Technology (United States),Quanta Technology (United States),US,OpenAlex
https://ror.org/01vw57x46,Rosneft (Russia),Rosneft (Russia)|Росне́фть,RU,OpenAlex
https://ror.org/00m2wsh37,PricewaterhouseCoopers (Canada),PricewaterhouseCoopers (Canada)|PwC,CA,OpenAlex
https://ror.org/01h95gp06,FMC (United States),FMC (United States)|FMC Corporation|Food Machinery Corporation,US,OpenAlex
https://ror.org/02hxk7x55,Beijing Institute of Power Machinery (China),Beijing Institute of Power Machinery (China)|北京动力机械研究所,CN,OpenAlex
https://ror.org/03bxtpd68,Sigma Tau (Italy),Sigma Tau (Italy),IT,OpenAlex
https://ror.org/03pwpr214,Hitachi (United States),Hitachi (United States)|Kabushiki-gaisha Hitachi Seisakusho,US,OpenAlex
https://ror.org/05bntm267,Lear (United States),Lear (United States),US,OpenAlex
https://ror.org/038sc5x72,Dassault Systèmes (France),Dassault Systèmes (France)|3DS,FR,OpenAlex
https://ror.org/05g9jck81,MediaTek (Taiwan),Liánfā Kējì Gǔfèn Yǒuxiàn Gōngsī|MediaTek (Taiwan)|聯發科技股份有限公司,TW,OpenAlex
https://ror.org/024daed65,Social and Scientific Systems (United States),Social and Scientific Systems (United States)|SSS,US,OpenAlex
https://ror.org/05yeg2858,ABB (Germany),ABB (Germany)|ASEA Brown Boveri,DE,OpenAlex
https://ror.org/05939ef94,Altair Engineering (United States),Altair Engineering (United States),US,OpenAlex
https://ror.org/0065gjh60,Institut für Umwelttechnologien und Strahlenschutz (Germany),Institut für Umwelttechnologien und Strahlenschutz (Germany)|iUS,DE,OpenAlex
https://ror.org/05hessd06,Sekisui Chemical (Japan),Sekisui Chemical (Japan)|積水化学工業株式会社,JP,OpenAlex
https://ror.org/00dy5wm60,Fidia Farmaceutici (Italy),Fidia Farmaceutici (Italy),IT,OpenAlex
https://ror.org/02anzyy56,Natera (United States),Natera (United States),US,OpenAlex
https://ror.org/04p8ejq70,BAE Systems (United Kingdom),BAE Systems (United Kingdom),GB,OpenAlex
https://ror.org/03fmvqd28,BioMarin (United States),BioMarin (United States),US,OpenAlex
https://ror.org/00bywv891,Roquette Frères (France),Roquette Frères (France),FR,OpenAlex
https://ror.org/044pgyv50,Research!America (United States),Research!America (United States),US,OpenAlex
https://ror.org/01607kg94,Nokia (China),Nokia (China),CN,OpenAlex
https://ror.org/04hp86393,National Grid (United Kingdom),National Grid (United Kingdom),GB,OpenAlex
https://ror.org/05q0b6266,Lombardia Informatica (Italy),Lispa|Lombardia Informatica (Italy),IT,OpenAlex
https://ror.org/05we1n045,Adnet Systems (United States),Adnet Systems (United States),US,OpenAlex
https://ror.org/04vcx5150,Applied Energetics (United States),Applied Energetics (United States)|Ionatron,US,OpenAlex
https://ror.org/01e2dpk50,Yuntianhua Group (China),Yuntianhua Group (China),CN,OpenAlex
https://ror.org/02c8ctc21,Beijing Institute of Radio Metrology and Measurement,Beijing Institute of Radio Measurement|Beijing Institute of Radio Metrology and Measurement|北京无线电测量研究所|BIRM,,OpenAlex
https://ror.org/00mne8d28,Institut für Angewandte Funksystemtechnik (Germany),Institut für Angewandte Funksystemtechnik (Germany)|IAF,DE,OpenAlex
https://ror.org/01rm78x24,Applied Photonics (United Kingdom),Applied Photonics (United Kingdom),GB,OpenAlex
https://ror.org/03mngpd27,Health Strat (Kenya),Health Strat (Kenya),KE,OpenAlex
https://ror.org/00vrhw316,United Microelectronics (United States),United Microelectronics (United States)|UMC,US,OpenAlex
https://ror.org/00etypk41,Institut für Umformtechnik (Germany),Institut für Umformtechnik (Germany)|Institut für Umformtechnik der Mittelständischen Wirtschaft GmbH|IFU,DE,OpenAlex
https://ror.org/04e4j5d46,Galapagos (Belgium),Galapagos (Belgium)|Galapagos Genomics,BE,OpenAlex
https://ror.org/01hc8k527,Yazaki (United States),Yazaki (United States)|Yazaki Sōgyō Kabushiki Kaisha,US,OpenAlex
https://ror.org/013vgsx18,Protein Express (United States),Protein Express (United States)|PX,US,OpenAlex
https://ror.org/0294j1w75,Bendix Field Engineering Corporation (United States),Bendix Field Engineering Corporation (United States),US,OpenAlex
https://ror.org/008yah456,TARH (Portugal),"TARH (Portugal)|TARH – Earth, Environment and Water Resources|Terra, Ambiente e Recursos Hídricos foi constituída",PT,OpenAlex
https://ror.org/04gecbm52,Lam Research (United States),Lam Research (United States),US,OpenAlex
https://ror.org/04pfhpy42,Beijing Drainage Group (China),Beijing Drainage Group (China)|北京排水集团,CN,OpenAlex
https://ror.org/00zdzyj46,Citizen (Japan),Citizen (Japan)|Citizen Holdings|シチズンホールディングス株式会社,JP,OpenAlex
https://ror.org/036mae937,Cereal Research (Hungary),Cereal Research (Hungary)|Gabonakutató,HU,OpenAlex
https://ror.org/03s3xa281,Forthnet (Greece),Forthnet (Greece),GR,OpenAlex
https://ror.org/04ssfcp90,Spectra Research (United States),Spectra Research (United States),US,OpenAlex
https://ror.org/04hyfx005,Oxford Nanopore Technologies (United Kingdom),Oxford Nanopore Technologies (United Kingdom),GB,OpenAlex
https://ror.org/0001w5c47,GMV Innovating Solutions (Spain),GMV Innovating Solutions (Spain)|GMV,ES,OpenAlex
https://ror.org/019rsbe67,Jazz Pharmaceuticals (United States),Jazz Pharmaceuticals (United States),US,OpenAlex
https://ror.org/01ep6qy98,TransCanada (Canada),TransCanada (Canada),CA,OpenAlex
https://ror.org/0534wbh79,Geomechanica (Canada),Geomechanica (Canada),CA,OpenAlex
https://ror.org/055ysan77,Klein Buendel (United States),Klein Buendel (United States),US,OpenAlex
https://ror.org/041y80p71,Dow Chemical (Japan),Dow|Dow Chemical (Japan)|ダウ・ケミカル日本株式会社,JP,OpenAlex
https://ror.org/005sbaa41,Align Technology (United States),Align Technology (United States),US,OpenAlex
https://ror.org/04jhyte11,Edwards Lifesciences (United States),Edwards Lifesciences (United States),US,OpenAlex
https://ror.org/00ac5t267,Daimler (United Kingdom),Daimler (United Kingdom)|Daimler-Benz|DaimlerChrysler,GB,OpenAlex
https://ror.org/05fy6my48,Prudential Financial (United States),Prudential Financial (United States),US,OpenAlex
https://ror.org/027t2s119,Intel (Israel),Intel (Israel),IL,OpenAlex
https://ror.org/02fwb6r86,Intelligent Automation (United States),Intelligent Automation (United States)|IAI,US,OpenAlex
https://ror.org/04vb0yp97,Mitsui Chemicals (Germany),Mitsui Chemicals (Germany)|Mitsui-Kagaku Kabushiki-Gaisha,DE,OpenAlex
https://ror.org/01hfye903,Framatome (Germany),Framatome (Germany),DE,OpenAlex
https://ror.org/02w528w58,Fuji Xerox (Japan),Fuji Xerox (Japan)|Fuji Zerokkusu Kabushiki-gaisha|富士ゼロックス株式会社,JP,OpenAlex
https://ror.org/03tre7r66,Isotopen Technologien München (Germany),Isotopen Technologien München (Germany)|ITM,DE,OpenAlex
https://ror.org/05t1nkw30,Xiamen Tobacco Industry (China),Xiamen Cigarette Factory|Xiamen Tobacco Industry (China),CN,OpenAlex
https://ror.org/00925cq50,Tata Steel (Netherlands),Corus Group plc|Tata Steel (Netherlands),NL,OpenAlex
https://ror.org/03hw14970,Synlab (Germany),Synlab (Germany),DE,OpenAlex
https://ror.org/04b2ymn76,"Toray Research Center, Inc. (Japan)","Toray Research Center|Toray Research Center, Inc.|Toray Research Center, Inc. (Japan)|株式会社東レリサーチセンター",JP,OpenAlex
https://ror.org/023s2h905,JGC (Japan),JGC (Japan)|Japan Gasoline|日揮株式会社,JP,OpenAlex
https://ror.org/00nas2c56,Ericsson (Canada),Ericsson (Canada),CA,OpenAlex
https://ror.org/01gpw0445,Kompetenzzentrum Holz,Kompetenzzentrum Holz,AT,OpenAlex
https://ror.org/035w78024,Robotic Research (United States),Robotic Research (United States),US,OpenAlex
https://ror.org/01rvpy991,Hayashibara (Japan),Hayashibara (Japan)|Hayashibara Shoten|株式会社 林原,JP,OpenAlex
https://ror.org/054xfn086,Supercon (United States),Supercon (United States),US,OpenAlex
https://ror.org/00805ky43,The Centre for Health (New Zealand),The Centre for Health (New Zealand),NZ,OpenAlex
https://ror.org/04pc85e11,Dynavax Technologies (Germany),Dynavax Technologies (Germany),DE,OpenAlex
https://ror.org/03stcpv37,Cummins (United Kingdom),Cummins (United Kingdom)|Cummins Engine,GB,OpenAlex
https://ror.org/05xnsth60,Network Technologies (United States),Network Technologies (United States)|NTI,US,OpenAlex
https://ror.org/038rd9v60,Janssen (Germany),Janssen (Germany),DE,OpenAlex
https://ror.org/0505he277,Central Japan Railway (Japan),Central Japan Railway (Japan)|JR Central|Tōkai Ryokaku Tetsudō Kabushiki-gaisha|東海旅客鉄道株式会社,JP,OpenAlex
https://ror.org/03v4j1n69,WRc (United Kingdom),WRc (United Kingdom)|Water Research Centre,GB,OpenAlex
https://ror.org/04185av43,IHI Corporation (United States),"IHI Corporation (United States)|Ishikawajima Harima Jūkōgyō Kabushiki-gaisha|Ishikawajima-Harima Heavy Industries Co., Ltd",US,OpenAlex
https://ror.org/014775w70,Renesas Electronics (United States),Renesas Electronics (United States),US,OpenAlex
https://ror.org/039ywcc21,Fukuda Denshi (Japan),Fukuda|Fukuda Denshi (Japan),JP,OpenAlex
https://ror.org/05rs7tq63,Fresenius Medical Care North America (United States),"Fresenius Medical Care|Fresenius Medical Care Holdings, Inc.|Fresenius Medical Care North America|Fresenius Medical Care North America (United States)|FMCNA",US,OpenAlex
https://ror.org/03kzp5v39,Johnson & Johnson (Israel),Johnson & Johnson (Israel)|J&J,IL,OpenAlex
https://ror.org/01c6ft524,"Sinopec Beijing Research Institute of Chemical Industry Co., Ltd. (China)","SINOPEC (Beijing) Research Institute of Chemical Industry Co., Ltd.|SINOPEC Beijing Research Institute of Chemical Industry|Sinopec Beijing Research Institute of Chemical Industry Co., Ltd.|Sinopec Beijing Research Institute of Chemical Industry Co., Ltd. (China)|中国石化北京化工研究院|中石化（北京）化工研究院有限公司|BRICI",CN,OpenAlex
https://ror.org/00wvn7664,Abterra Biosciences (United States),Abterra Biosciences|Abterra Biosciences (United States)|Digital Proteomics,US,OpenAlex
https://ror.org/0268h4j55,NXP (Germany),NXP (Germany)|NXP Semiconductors,DE,OpenAlex
https://ror.org/03smbm342,Surgical Specialties (United States),Angiotech Pharmaceuticals|Surgical Specialties (United States),US,OpenAlex
https://ror.org/01wgkjr48,Dynamic Research (United States),Dynamic Research (United States)|DRI,US,OpenAlex
https://ror.org/009pwww24,IFlyTek (China),Anhui Ustc Iflytek Science and Technology Co Ltd|IFlyTek|IFlyTek (China)|Iflytek Co Ltd|Keda Xunfei Co Ltd|科大讯飞|科大讯飞股份有限公司,,OpenAlex
https://ror.org/01gbymr57,Tempus Labs (United States),Tempus Labs (United States),US,OpenAlex
https://ror.org/00s730510,Soitec (France),Soitec (France),FR,OpenAlex
https://ror.org/00443vb41,NeoPhotonics (United States),NanoGram|NeoPhotonics (United States),US,OpenAlex
https://ror.org/05sb05859,Pharmacoeconomics and Health Outcomes Research Iberia (Spain),Farmacoeconomía e Investigación de Resultados en Salud|Pharmacoeconomics and Health Outcomes Research Iberia (Spain)|PORIB,ES,OpenAlex
https://ror.org/033a1rv92,Hitachi High-Tech (Japan),Hitachi High-Tech|Hitachi High-Tech (Japan)|日立ハイテクノロジーズ,JP,OpenAlex
https://ror.org/02dtzq355,Endesa (Spain),Empresa Nacional de Electricidad|Endesa (Spain),ES,OpenAlex
https://ror.org/008d47791,Novem (Netherlands),Netherlands Agency for Energy and the Environment|Novem (Netherlands),NL,OpenAlex
https://ror.org/057r09725,McKesson (United States),McKesson (United States),US,OpenAlex
https://ror.org/04k7gd586,"Systems, Applications & Products in Data Processing (United Kingdom)","Systeme, Anwendungen und Produkte in der Datenverarbeitung|Systems, Applications & Products in Data Processing (United Kingdom)|SAP",GB,OpenAlex
https://ror.org/03fz1e596,Radiant Research (United States),Radiant Research (United States),US,OpenAlex
https://ror.org/018nw3344,AstraZeneca (Australia),AstraZeneca (Australia),AU,OpenAlex
https://ror.org/023kbzw23,BioEnergetics (United States),BioEnergetics (United States),US,OpenAlex
https://ror.org/049ba1e57,Rho (United States),Rho (United States)|Rho Federal Systems|Rho Inc,US,OpenAlex
https://ror.org/056wdsj76,Research Institute for Pharmacy and Biochemistry (Czechia),Research Institute for Pharmacy and Biochemistry (Czechia)|Výzkumný Ustav pro Farmacii a Biochemii|VUFB,CZ,OpenAlex
https://ror.org/02jg74102,Elanco (United States),Elanco (United States),US,OpenAlex
https://ror.org/05cv56b48,Arkema (France),Arkema (France),FR,OpenAlex
https://ror.org/02j8sxk20,Polymer Competence Center Leoben (Austria),Polymer Competence Center Leoben (Austria)|PCCL,AT,OpenAlex
https://ror.org/0234wz714,Environmental Technologies (United States),Environmental Technologies (United States),US,OpenAlex
https://ror.org/02he3zy15,Bentham Science Publishers (China),Bentham Science Publishers (China),CN,OpenAlex
https://ror.org/05efb1x79,Western Metal Materials (China),Western China Advanced Rare Metal Materials Co.|Western Metal Materials (China),CN,OpenAlex
https://ror.org/00kdez258,Maxwell Technologies (United States),Maxwell Laboratories Inc.|Maxwell Technologies (United States),US,OpenAlex
https://ror.org/034rhks82,AstraZeneca (Switzerland),AstraZeneca (Switzerland),CH,OpenAlex
https://ror.org/05fss0456,National Security Technologies (United States),National Security Technologies (United States)|NSTec,US,OpenAlex
https://ror.org/01pcq0j68,Cargill (United States),Cargill (United States),US,OpenAlex
https://ror.org/01866ja76,Bentham Science Publishers (United Arab Emirates),Bentham Science Publishers|Bentham Science Publishers (United Arab Emirates),,OpenAlex
https://ror.org/00jpdke94,"Proterial, Ltd. (Japan)","Hitachi Kinzoku|Hitachi Metals|Hitachi Metals, Ltd.|Proterial|Proterial, Ltd.|Proterial, Ltd. (Japan)|プロテリアル|日立金属株式会社|株式会社プロテリアル",JP,OpenAlex
https://ror.org/051tn6h07,Heraeus (Germany),Heraeus (Germany)|Heraeus Konzern,DE,OpenAlex
https://ror.org/01k9rsw84,Shell (Canada),Shell (Canada)|Shell Canada Limitée,CA,OpenAlex
https://ror.org/01kz55g98,Toppan (Japan),Toppan (Japan)|Toppan Printing Co|凸版印刷株式会社,JP,OpenAlex
https://ror.org/03bngxz45,Advanced Energy Materials (United States),Advanced Energy Materials (United States)|ADEM,US,OpenAlex
https://ror.org/00pkt4594,Autodesk (United States),Autodesk (United States),US,OpenAlex
https://ror.org/045g15j06,Chevron (China),Chevron (China)|雪佛龍香港有限公司,CN,OpenAlex
https://ror.org/02gvvc992,Amgen (United Kingdom),Amgen (United Kingdom)|Applied Molecular Genetics,GB,OpenAlex
https://ror.org/010ezwq65,Praxis (United States),Praxis (United States),US,OpenAlex
https://ror.org/05pkeac16,UCB Pharma (Germany),UCB Pharma (Germany)|Union chimique belge,DE,OpenAlex
https://ror.org/0232wt504,RAG Aktiengesellschaft (Germany),RAG Aktiengesellschaft (Germany)|Ruhrkohle AG|RAG AG,DE,OpenAlex
https://ror.org/00h64t852,SAIC-GM (China),SAIC-GM (China)|Shanghai GM|Shanghai General Motors Company|上汽通用汽车,CN,OpenAlex
https://ror.org/00bwfrq04,Chengdu Institute of Information Technology (China),Chengdu Institute of Information Technology (China)|中科院成都信息技术有限公司,CN,OpenAlex
https://ror.org/03rrqwf50,PAREXEL International (United Kingdom),PAREXEL International (United Kingdom),GB,OpenAlex
https://ror.org/0311ams29,Tun Abdul Razak Research Centre,British Rubber Producers' Research Association|Tun Abdul Razak Research Centre|BRPRA|TARRC,GB,OpenAlex
https://ror.org/037gt0k77,Univar (United Kingdom),Univar (United Kingdom),GB,OpenAlex
https://ror.org/03xxhjp07,Electro Optical Systems (Germany),Electro Optical Systems (Germany)|EOS,DE,OpenAlex
https://ror.org/05mq12850,Neste Oil (Finland),Neste Oil (Finland)|Neste Oil Corporation|Neste Oyj,FI,OpenAlex
https://ror.org/00vttj605,ROHM,ROHM|Rōmu Kabushiki-gaisha|Toyo Electronics Industry Corporation|ローム株式会社,JP,OpenAlex
https://ror.org/024bc3e07,Google (United Kingdom),Google (United Kingdom),GB,OpenAlex
https://ror.org/02zrmae98,China Guodian Corporation (China),China Guodian Corporation (China)|中国国电集团公司,CN,OpenAlex
https://ror.org/023sxys58,Purdue Pharma (Canada),Purdue Pharma (Canada),CA,OpenAlex
https://ror.org/02adgag39,Aixtron (Germany),Aixtron (Germany),DE,OpenAlex
https://ror.org/04t7p9y73,Pohang TechnoPark (South Korea),(재)포항테크노파크|Pohang TechnoPark (South Korea)|PTP,KR,OpenAlex
https://ror.org/05sdssj84,New England Research (United States),New England Research (United States),US,OpenAlex
https://ror.org/04g2nab09,Snam (Italy),Snam (Italy),IT,OpenAlex
https://ror.org/012pww143,Logos Technologies (United States),Logos Technologies (United States),US,OpenAlex
https://ror.org/00xa9v334,Equinor (United Kingdom),Equinor (United Kingdom),GB,OpenAlex
https://ror.org/04fg2k993,Biogen (Switzerland),Biogen (Switzerland)|Biogen Idec,CH,OpenAlex
https://ror.org/05mt7ye26,Invitae (United States),Invitae (United States),US,OpenAlex
https://ror.org/028aqvb72,ConocoPhillips (Canada),ConocoPhillips (Canada),CA,OpenAlex
https://ror.org/00bve7358,Imperial Oil (Canada),Imperial Oil (Canada)|La Pétrolière Impériale,CA,OpenAlex
https://ror.org/027rt1g28,Radiation Monitoring Devices (United States),Radiation Monitoring Devices (United States)|RMD,US,OpenAlex
https://ror.org/05sa17k06,Roth and Rau (Germany),Roth and Rau (Germany),DE,OpenAlex
https://ror.org/027smmx64,Materials Systems (United States),Materials Systems (United States)|MSI,US,OpenAlex
https://ror.org/03dqqhs56,Nippon Steel Chemical and Material (Japan),Nippon Steel Chemical and Material (Japan)|日鉄ケミカル&マテリアル,JP,OpenAlex
https://ror.org/04ej2a140,Tecnologia Energia Ambiente Materiali (Italy),Tecnologia Energia Ambiente Materiali (Italy),IT,OpenAlex
https://ror.org/03td4yf75,Weatherford (United States),Weatherford (United States)|Weatherford International,US,OpenAlex
https://ror.org/047kynf18,Biocon (India),Biocon (India),IN,OpenAlex
https://ror.org/037ch9n61,Collaborative Group (United States),Collaborative Group (United States),US,OpenAlex
https://ror.org/00a7sva26,Renfe Operadora (Spain),Red Nacional de los Ferrocarriles Españoles|Renfe Operadora (Spain)|RENFE,ES,OpenAlex
https://ror.org/01wzc4m50,Aurobindo Pharma (India),Aurobindo Pharma (India),IN,OpenAlex
https://ror.org/01k458340,Vancouver Biotech (Canada),Vancouver Biotech (Canada)|VBL,CA,OpenAlex
https://ror.org/04n8fbz89,AstraZeneca (Canada),AstraZeneca (Canada),CA,OpenAlex
https://ror.org/04hy75g65,"Morinaga Milk Industry Co., Ltd. (Japan)","Morinaga Milk|Morinaga Milk Industry|Morinaga Milk Industry Co., Ltd.|Morinaga Milk Industry Co., Ltd. (Japan)|Morinaga Nyūgyō Kabushiki-gaisha|森永乳業|森永乳業株式会社",JP,OpenAlex
https://ror.org/01k8sh332,Isotop (Israel),Isotop (Israel),IL,OpenAlex
https://ror.org/05dp7m259,Integrated Software (United States),Integrated Software (United States),US,OpenAlex
https://ror.org/049vpfq31,Hoya (Japan),Hoya (Japan)|Hoya Kabushiki-gaisha|Hoya株式会社,JP,OpenAlex
https://ror.org/0483ewd92,Inpex (Japan),Inpex (Japan)|国際石油開発帝石株式会社,JP,OpenAlex
https://ror.org/042fkva46,Graphic Science (United Kingdom),Graphic Science (United Kingdom),GB,OpenAlex
https://ror.org/049tb1q96,Varian Medical Systems (Switzerland),Varian Medical Systems (Switzerland)|VAR,CH,OpenAlex
https://ror.org/03zp7nb85,Active Technologies (Italy),Active Technologies (Italy),IT,OpenAlex
https://ror.org/04172zb59,IDEXX Laboratories (United States),IDEXX Laboratories (United States),US,OpenAlex
https://ror.org/05k6zrs81,Metallurgical Corporation of China (China),Metallurgical Corporation of China (China)|中国冶金科工股份有限公司|MCC,CN,OpenAlex
https://ror.org/024xs2z82,ArcelorMittal (France),ArcelorMittal (France),FR,OpenAlex
https://ror.org/04vxvsq82,Spectrum Research (United States),Spectrum Research (United States),US,OpenAlex
https://ror.org/049mrbr98,Intuit (United States),Intuit (United States),US,OpenAlex
https://ror.org/01x6ma944,BC Hydro (Canada),BC Hydro (Canada)|British Columbia Hydro and Power Authority|BCHPA,CA,OpenAlex
https://ror.org/04jjp2118,Serco (United Kingdom),Serco (United Kingdom),GB,OpenAlex
https://ror.org/03bh5kx55,Camber Collective (United States),Camber Collective (United States)|SwitchPoint LLC,US,OpenAlex
https://ror.org/05kpczz35,Hexagon (United Kingdom),Hexagon (United Kingdom)|Hexagon Manufacturing Intelligence,GB,OpenAlex
https://ror.org/02vz36p73,Prevention Group,Prevention Group,US,OpenAlex
https://ror.org/03fwraz06,Applied Technologies (United States),Applied Technologies (United States),US,OpenAlex
https://ror.org/040nc8096,Teknoloji Arastirma ve Gelistirme Endustriyel Urunler Bilisim Teknolojileri San Tic,Industry & Information Technologies Research Development and Implementation Inc|Teknoloji Arastirma ve Gelistirme Endustriyel Urunler Bilisim Teknolojileri San Tic|TAGES,TR,OpenAlex
https://ror.org/00n893e13,Environmental Institute,"Environmental Institute|Environmental Institute, s.r.o.|EI",SK,OpenAlex
https://ror.org/00rn0n724,Kanion Pharmaceutical (China),Jiangsu Kanion Pharmaceutical|Kanion Pharmaceutical (China)|江苏康缘药业股份有限公司,CN,OpenAlex
https://ror.org/05b5jha84,Toyota Motor North America Research & Development (United States),"Toyota Motor North America R&D|Toyota Motor North America Research & Development|Toyota Motor North America Research & Development (United States)|Toyota Research Institute North America|Toyota Research Institute of North America|Toyota Research Institute, North America|TMNA R&D|TRINA",US,OpenAlex
https://ror.org/003x8h913,Eastman Chemical Company (Germany),Eastman|Eastman Chemical Company (Germany),DE,OpenAlex
https://ror.org/05a9nb826,CNS Research (United States),CNS Research (United States),US,OpenAlex
https://ror.org/03ky7jj30,Ensco (United States),Ensco (United States),US,OpenAlex
https://ror.org/00gwcs664,Técnicas y Servicios de Ingeniería (Spain),Técnicas y Servicios de Ingeniería (Spain)|TSI,ES,OpenAlex
https://ror.org/01k0xxh86,Green Cross (South Korea),Green Cross (South Korea),KR,OpenAlex
https://ror.org/000gm1k91,John Wiley & Sons (Germany),John Wiley & Sons (Germany)|Wiley,DE,OpenAlex
https://ror.org/01cxdpf04,Cambridge Electronics (United States),Cambridge Electronics (United States)|CEI,US,OpenAlex
https://ror.org/04dmca004,Vesuvius (United Kingdom),Vesuvius (United Kingdom),GB,OpenAlex
https://ror.org/026xdv168,De Gruyter Brill (Germany),De Gruyter Brill|De Gruyter Brill (Germany)|Verlag Walter de Gruyter|Walter de Gruyter,DE,OpenAlex
https://ror.org/05ve6g218,China National Building Materials Group (China),"China National Building Material Group Co.|China National Building Material Group Co., Ltd.|China National Building Materials Group|China National Building Materials Group (China)|Sinoma|CNBM",CN,OpenAlex
https://ror.org/030bh9196,X-Fab (Germany),X-Fab (Germany),DE,OpenAlex
https://ror.org/05t1tdx84,Tissue Genetics (United States),Tissue Genetics (United States),US,OpenAlex
https://ror.org/02vq4f039,Mitsubishi Research Institute (Japan),Mitsubishi Research Institute (Japan)|三菱総合研究所|MRI,JP,OpenAlex
https://ror.org/000jewp25,GEOMAR Technologie GmbH - GTG,GEOMAR Technologie|GEOMAR Technologie GmbH - GTG,DE,OpenAlex
https://ror.org/05ww4z228,ESI Group (France),ESI Group (France)|Engineering System International|ESI,FR,OpenAlex
https://ror.org/00sf52z42,Truven Health Analytics (United States),Truven Health Analytics (United States),US,OpenAlex
https://ror.org/05xvgy636,MediaTek (China),MediaTek (China)|聯發科技股份有限公司,CN,OpenAlex
https://ror.org/02yyv4c82,Spire Corporation (United States),Spire Corporation (United States),US,OpenAlex
https://ror.org/01y2qtb13,Janssen (Switzerland),Janssen (Switzerland)|Janssen Schweiz|Janssen Suisse,CH,OpenAlex
https://ror.org/020pyx735,Danieli (Italy),Danieli & C. Officine Meccaniche SpA|Danieli (Italy),IT,OpenAlex
https://ror.org/03r3ww479,Grünenthal Group (Germany),Grünenthal Group (Germany),DE,OpenAlex
https://ror.org/04g047260,Telstra (Australia),Telstra (Australia),AU,OpenAlex
https://ror.org/04z9w5078,Xerox (Canada),Haloid Photographic Company|Xerox (Canada),CA,OpenAlex
https://ror.org/01bdtz792,Burning Rock Biotech (China),Burning Rock Biotech (China),CN,OpenAlex
https://ror.org/01bt8n520,Lion Corporation (Japan),Lion Corporation (Japan)|ライオン株式会社,JP,OpenAlex
https://ror.org/009r6as98,Technology Applications (United States),Technology Applications (United States)|TAI,US,OpenAlex
https://ror.org/0254y9b08,BEST - Bioenergy and Sustainable Technologies (Austria),BEST - Bioenergy and Sustainable Technologies (Austria)|BIOENERGY 2020+|BEST,AT,OpenAlex
https://ror.org/01zm94433,John Wiley & Sons (United Kingdom),John Wiley & Sons (United Kingdom)|Wiley,GB,OpenAlex
https://ror.org/055mrxn09,Early Warning (United States),Early Warning (United States),US,OpenAlex
https://ror.org/00xzdzk88,Nanostring Technologies (United States),Nanostring Technologies (United States)|NSTG,US,OpenAlex
https://ror.org/04mzbw652,Ariadne Diagnostics (United States),Ariadne Diagnostics (United States),US,OpenAlex
https://ror.org/047vmzn25,Digital Equipment (Germany),Digital Equipment (Germany),DE,OpenAlex
https://ror.org/02r1d7x68,Boehringer Ingelheim (Japan),Boehringer Ingelheim (Japan)|日本ベーリンガーインゲルハイム株式会社,JP,OpenAlex
https://ror.org/033mgm122,China Datang Corporation (China),China Datang Corporation (China)|China Datang Corporation Science and Technology Research Institute|中国大唐集团科技研究院有限公司|CDT,CN,OpenAlex
https://ror.org/04y08pq82,CCCC Wuhan Harbour Engineering Design and Research (China),CCCC Wuhan Harbour Engineering Design and Research (China)|中交武汉港湾工程设计研究院,CN,OpenAlex
https://ror.org/03hjfdx24,Quotient Clinical (United Kingdom),Quotient Clinical (United Kingdom),GB,OpenAlex
https://ror.org/04trbvb35,Bridgestone (Japan),Bridgestone (Japan)|Kabushiki-gaisha Burijisuton|株式会社ブリヂストン,JP,OpenAlex
https://ror.org/0560q5470,Rosatom (Russia),Rosatom (Russia)|Rosatom State Atomic Energy Corporation|Росатом,RU,OpenAlex
https://ror.org/003xjza53,Sugarcane Research Center (Brazil),Centro de Tecnologia Canavieira|Sugarcane Research Center (Brazil)|CTC,BR,OpenAlex
https://ror.org/042hp4645,Stratasys (Israel),Stratasys (Israel),IL,OpenAlex
https://ror.org/02jv94566,Canon (United States),Canon (United States),US,OpenAlex
https://ror.org/02c3ywg26,Edison (Italy),Edison (Italy),IT,OpenAlex
https://ror.org/008yqe287,RINA Consulting - Centro Sviluppo Materiali S.p.A. (Italy),Centro Sviluppo Materiali|RINA Consulting - Centro Sviluppo Materiali S.p.A.|RINA Consulting - Centro Sviluppo Materiali S.p.A. (Italy)|CSM,IT,OpenAlex
https://ror.org/04n0rvp85,Tech-X Corporation (United States),Tech-X Corporation (United States),US,OpenAlex
https://ror.org/030zc7t66,Sunovion (United States),Sepracor|Sunovion (United States),US,OpenAlex
https://ror.org/02mavrn48,Toshiba (South Korea),Kabushiki-gaisha Tōshiba|Toshiba (South Korea)|株式会社東芝,KR,OpenAlex
https://ror.org/03cz13y64,British Steel (United Kingdom),British Steel (United Kingdom)|BSC,GB,OpenAlex
https://ror.org/025mtxh67,FrieslandCampina (Netherlands),FrieslandCampina (Netherlands),NL,OpenAlex
https://ror.org/03h5jx394,TWI (United Kingdom),TWI (United Kingdom)|TWI Ltd|TWI,GB,OpenAlex
https://ror.org/040cmp171,Asahi Kasei (Germany),Asahi Kasei (Germany),DE,OpenAlex
https://ror.org/048knfw55,Gesundes Kinzigtal (Germany),Gesundes Kinzigtal (Germany),DE,OpenAlex
https://ror.org/017vgxg86,Ford (Germany),Ford (Germany),DE,OpenAlex
https://ror.org/001kwas94,Knowledge Integration (United Kingdom),Knowledge Integration (United Kingdom),GB,OpenAlex
https://ror.org/02wat9f69,IBM (United Kingdom),IBM (United Kingdom)|International Business Machines,GB,OpenAlex
https://ror.org/03j1srb55,Laser- und Medizin-Technologie (Germany),Laser- und Medizin-Technologie (Germany),DE,OpenAlex
https://ror.org/01s49js04,Kraft Heinz (United States),Kraft Heinz (United States)|KHC,US,OpenAlex
https://ror.org/02va37h22,Chugoku Electric Power (Japan),Chugoku Electric Power (Japan)|Chūgoku Denryoku Kabushiki-gaisha|中国電力株式会社,JP,OpenAlex
https://ror.org/021tyky57,Evidence Based Research (United States),Evidence Based Research (United States)|EBR,US,OpenAlex
https://ror.org/04djzj803,Signature Research (United States),Signature Research (United States),US,OpenAlex
https://ror.org/03pcb7145,Sigma Research (United States),Sigma Research (United States),US,OpenAlex
https://ror.org/02ktfc112,Digital Science (United Kingdom),Digital Science & Research Limited|Digital Science (United Kingdom),GB,OpenAlex
https://ror.org/02qp62108,Plansee (Austria),Lake Plansee|Plansee (Austria),AT,OpenAlex
https://ror.org/052193f04,Biolog (United States),Biolog (United States),US,OpenAlex
https://ror.org/04b33je61,InterScience (United States),InterScience (United States),US,OpenAlex
https://ror.org/000w7cv19,Toto (Japan),TOTO株式会社|Toto (Japan),JP,OpenAlex
https://ror.org/01xn7cv95,Logistics Management Institute (United States),Logistics Management Institute (United States)|LMI,US,OpenAlex
https://ror.org/033911096,Eli Lilly (Spain),Eli Lilly (Spain),ES,OpenAlex
https://ror.org/01fp77380,Nichia Corporation (Japan),Nichia Corporation (Japan)|Nichia Kagaku Kōgyō Kabushiki-gaisha|日亜化学工業株式会社,JP,OpenAlex
https://ror.org/01jce8981,Mitsubishi Corporation (United States),Kowa Jitsugyo Kaisha|Mitsubishi Corporation (United States)|Mitsubishi Shōji Kabushiki-gaisha|MC,US,OpenAlex
https://ror.org/00pdfdm61,Specialty Materials (United States),Specialty Materials (United States),US,OpenAlex
https://ror.org/02k55qr52,Cambridge Cognition (United Kingdom),Cambridge Cognition (United Kingdom),GB,OpenAlex
https://ror.org/045wjte67,Amgen (Switzerland),Amgen (Switzerland)|Applied Molecular Genetics,CH,OpenAlex
https://ror.org/012d6re71,Brotherhood (United States),Brotherhood (United States),US,OpenAlex
https://ror.org/04y5qg507,ITPEnergised Group (India),ITP India|ITPEnergised Group (India)|ITPI,IN,OpenAlex
https://ror.org/04wf6rg14,MACOM (United States),MACOM (United States),US,OpenAlex
https://ror.org/03t0k7069,McDonald's (United States),McDonald's (United States)|McDonald's Corporation,US,OpenAlex
https://ror.org/05s2dce75,Center for Information and Numerical Data Analysis and Synthesis (United States),Center for Information and Numerical Data Analysis and Synthesis (United States)|CINDAS,US,OpenAlex
https://ror.org/03pq0dv21,Vecima Technology (United Kingdom),Root6|Vecima Technology (United Kingdom),GB,OpenAlex
https://ror.org/05am9gt90,Deutsche Rentenversicherung Bund,DRV Bund|Deutsche Rentenversicherung Bund|German Statutory Pension Insurance Scheme|DRV,DE,OpenAlex
https://ror.org/0523jgb37,"Semiconductor Leading Edge Technologies, Inc (Japan)","Semiconductor Leading Edge Technologies|Semiconductor Leading Edge Technologies, Inc|Semiconductor Leading Edge Technologies, Inc (Japan)|株式会社半導体先端テクノロジーズ|SELETE",JP,OpenAlex
https://ror.org/023jrwe36,Sany (China),"Sany (China)|Sany Heavy Industry Co., Ltd|三一重工股份有限公司",CN,OpenAlex
https://ror.org/04gaaqn72,National Cooperative for the Disposal of Radioactive Waste (Switzerland),Nagra|National Cooperative for the Disposal of Radioactive Waste (Switzerland),CH,OpenAlex
https://ror.org/05mkxvs25,Vector Oncology (United States),ACORN Research|Vector Oncology (United States),US,OpenAlex
https://ror.org/01s8ddd88,United Imaging Intelligence (China),Shanghai United Imaging Intelligence Co. Ltd|United Imaging Intelligence (China)|United Imaging Intelligence Co. Ltd|上海联影智能科技股份有限公司（“联影智能”)|联影智能|UII,CN,OpenAlex
https://ror.org/027kczr92,Asahi Glass (Belgium),Asahi Glass (Belgium)|AGC,BE,OpenAlex
https://ror.org/03d66dp54,Clínica MEDS (Chile),Clínica MEDS (Chile)|MEDS Clinic,CL,OpenAlex
https://ror.org/05a2v3w63,Under Armour (United States),Under Armour (United States),US,OpenAlex
https://ror.org/02c00bp33,Ernst & Young (United States),Ernst & Young (United States)|EY,US,OpenAlex
https://ror.org/025pdmt14,Severn Trent (United Kingdom),Severn Trent (United Kingdom),GB,OpenAlex
https://ror.org/0187pm092,Sunesis (United States),Sunesis (United States),US,OpenAlex
https://ror.org/0076knn86,Toyota Motor North America (United States),Toyota Jidōsha|Toyota Motor Corporation (United States)|Toyota Motor North America|Toyota Motor North America (United States)|トヨタ自動車北米技術製造会社,US,OpenAlex
https://ror.org/02e385c51,Amec Foster Wheeler (United States),Amec Foster Wheeler (United States),US,OpenAlex
https://ror.org/012d0ge65,AC2T Research (Austria),AC2T Research (Austria)|Austrian Tribology Society|Österreichisches Kompetenzzentrum für Tribologie,AT,OpenAlex
https://ror.org/00h1xaa75,AstraZeneca (South Korea),AstraZeneca (South Korea)|한국아스트라제네카,KR,OpenAlex
https://ror.org/05htw5381,Organogenesis (United States),Organogenesis (United States),US,OpenAlex
https://ror.org/02e1wjw63,Abcam (United States),Abcam (United States),US,OpenAlex
https://ror.org/029rcz204,Nanya Technology (Taiwan),Nanya Technology (Taiwan)|南亞科技|NTC,TW,OpenAlex
https://ror.org/034d3kf40,Telekom Srbija (Serbia),Mts|Telekom Srbija (Serbia),RS,OpenAlex
https://ror.org/02c684e48,Elbit Systems (Israel),Elbit Systems (Israel),IL,OpenAlex
https://ror.org/02paapn48,Air Liquide (United Kingdom),Air Liquide (United Kingdom),GB,OpenAlex
https://ror.org/0197qw696,Netflix (United States),Netflix (United States),US,OpenAlex
https://ror.org/002adfz67,Lonza (Switzerland),Lonza (Switzerland),CH,OpenAlex
https://ror.org/04s1anr92,Innova (Italy),Innova (Italy),IT,OpenAlex
https://ror.org/05w6t8s34,NIIT (India),NIIT (India),IN,OpenAlex
https://ror.org/04rccsv84,FORCE Technology (Norway),FORCE Technology (Norway),NO,OpenAlex
https://ror.org/056k8rb32,OGT Amenity (Ireland),OGT Amenity (Ireland)|Oilean Glas Teoranta,IE,OpenAlex
https://ror.org/030shh572,Future Science Group (United Kingdom),Future Science Group (United Kingdom)|FSG,GB,OpenAlex
https://ror.org/01a3qdh08,Synthego (United States),Synthego (United States),US,OpenAlex
https://ror.org/05wd66v55,Sanofi (Mexico),Sanofi (Mexico)|Sanofi-Aventis,MX,OpenAlex
https://ror.org/02h9td068,BD Biosciences (United States),BD Biosciences|BD Biosciences (United States)|Becton Dickinson Biosciences,US,OpenAlex
https://ror.org/03346b772,Daiichi Sankyo (India),Daiichi Sankyo (India),IN,OpenAlex
https://ror.org/043wc6127,Northrop Grumman (Germany),Northrop Grumman (Germany),DE,OpenAlex
https://ror.org/00azwtc53,Swedish Nuclear Fuel and Waste Management (Sweden),Svensk Kärnbränslehantering Aktiebolag|Swedish Nuclear Fuel and Waste Management (Sweden)|SKB,SE,OpenAlex
https://ror.org/04428zn91,Thermo Fisher Scientific (Germany),Thermo Fisher Scientific (Germany),DE,OpenAlex
https://ror.org/03wjptj96,Bracco (Italy),Bracco (Italy),IT,OpenAlex
https://ror.org/05g2n4m79,Intuitive Surgical (United States),Intuitive Surgical (United States),US,OpenAlex
https://ror.org/00vj56071,Mathys (Netherlands),Mathys (Netherlands),NL,OpenAlex
https://ror.org/02nx6st79,Eloret (United States),Eloret (United States),US,OpenAlex
https://ror.org/03bjdat74,Design Science (United Kingdom),Design Science (United Kingdom),GB,OpenAlex
https://ror.org/00gfstq19,Sysmex (Japan),Shisumekkusu Kabushiki-gaisha|Sysmex (Japan)|TOA Medical Electronics|シスメックス株式会社,JP,OpenAlex
https://ror.org/00mnrxf72,Alibaba Group (Cayman Islands),Alibaba Group (Cayman Islands),KY,OpenAlex
https://ror.org/004b0n253,Applied Optimization (United States),Applied Optimization (United States)|AO,US,OpenAlex
https://ror.org/00rwwx648,Thales (Italy),Thales (Italy),IT,OpenAlex
https://ror.org/05wh5fw51,Mitsui Chemicals (Japan),Mitsui Chemicals (Japan)|Mitsui-Kagaku Kabushiki-Gaisha|三井化学株式会社,JP,OpenAlex
https://ror.org/01x51st25,Cognizant (India),Cognizant (India)|Cognizant Technology Solutions,IN,OpenAlex
https://ror.org/03c09ma81,Bristol-Myers Squibb (Belgium),Bristol-Myers Squibb (Belgium),BE,OpenAlex
https://ror.org/00fmedr36,NTT Advanced Technology Corporation (Japan),NTT Advanced Technology|NTT Advanced Technology Corporation|NTT Advanced Technology Corporation (Japan)|NTTアドバンステクノロジ株式会社,JP,OpenAlex
https://ror.org/05fa63r36,Daido Steel (Japan),Daido Steel (Japan)|大同特殊鋼,JP,OpenAlex
https://ror.org/01jsrac29,Broadcom (Israel),Avago Technologies|Broadcom (Israel),IL,OpenAlex
https://ror.org/02kxjqp24,Certara (United States),Certara (United States),US,OpenAlex
https://ror.org/035ytfy75,British Nuclear Fuel Limited (United Kingdom),British Nuclear Fuel Limited (United Kingdom)|BNFL,GB,OpenAlex
https://ror.org/013b57229,Bristol-Myers Squibb (France),Bristol-Myers Squibb (France)|BMS,FR,OpenAlex
https://ror.org/02xnwme44,Ulvac (Japan),Ulvac (Japan)|株式会社アルバック,JP,OpenAlex
https://ror.org/0089sg868,Risk Management Solutions (United Kingdom),Risk Management Solutions (United Kingdom)|RMS,GB,OpenAlex
https://ror.org/05eer5n81,Wiss Janney Elstner Associates,Wiss Janney Elstner Associates|WJE,US,OpenAlex
https://ror.org/008hpge95,Shenzhen Metro (China),Shenzhen Metro (China)|深圳市地铁|SZMC,CN,OpenAlex
https://ror.org/03tghjn41,Ocular Surface Center,Ocular Surface Center,US,OpenAlex
https://ror.org/031ghq268,Color (United States),Color (United States)|Color Genomics,US,OpenAlex
https://ror.org/03yjg6e54,Motion Control (United States),Motion Control (United States),US,OpenAlex
https://ror.org/02jtr7413,Takasago (United States),Takasago (United States),US,OpenAlex
https://ror.org/05qcea723,Nike (United States),"Blue Ribbon Sports|Nike (United States)|Nike, Inc.",US,OpenAlex
https://ror.org/049j15k39,Dongfeng Motor (China),Dongfeng Motor (China)|Dongfeng Motor Company Limited|DFL,CN,OpenAlex
https://ror.org/03znz6n75,Jungheinrich (Germany),Jungheinrich (Germany),DE,OpenAlex
https://ror.org/03fbkqs26,Bombardier (Canada),Bombardier (Canada),CA,OpenAlex
https://ror.org/045zbxg02,ECSI Fibrotools (United States),ECSI Fibrotools|ECSI Fibrotools (United States)|ElectroChemical Systems|ECSI,US,OpenAlex
https://ror.org/050wxgw75,ATEbank (Greece),ATEbank (Greece)|Agricultural Bank of Greece|Αγροτική Τράπεζα της Ελλάδος,GR,OpenAlex
https://ror.org/054gx0587,PETRONAS Research Sdn Bhd (Malaysia),PETRONAS Research Sdn Bhd|PETRONAS Research Sdn Bhd (Malaysia)|PETRONAS Research Sdn. Bhd.|PRSB,MY,OpenAlex
https://ror.org/0058p8h34,Korea Gas Corporation (South Korea),Korea Gas Corporation (South Korea)|KOGAS,KR,OpenAlex
https://ror.org/04phyf746,Wolters Kluwer Health,Lippincott|Lippincott Williams & Wilkins|Wolters Kluwer Health|Wolters Kluwer Health (United States)|LWW,US,OpenAlex
https://ror.org/038ckz871,Kaneka (Japan),Kaneka (Japan)|株式会社カネカ,JP,OpenAlex
https://ror.org/03pd82777,Cardinal Health (United States),Cardinal Health (United States),US,OpenAlex
https://ror.org/03j9hxf30,Nissin Kogyo (Japan),Nissin Kogyo (Japan)|日信工業株式会社,JP,OpenAlex
https://ror.org/01400tq86,CSL (Switzerland),CSL (Switzerland)|ZLB Behring,CH,OpenAlex
https://ror.org/00svp7168,Capital One (United States),Capital One (United States)|Capital One Financial Corporation,US,OpenAlex
https://ror.org/053qwyf63,Japan Tobacco (United States),Japan Tobacco (United States)|JT,US,OpenAlex
https://ror.org/00w4cxg78,Breakthrough,Breakthrough,US,OpenAlex
https://ror.org/01g08q774,SAIC-GM-Wuling (China),SAIC-GM-Wuling (China)|上汽通用五菱汽车股份有限公司|SGMW,CN,OpenAlex
https://ror.org/048kv9325,Applications Research (United States),Applications Research (United States),US,OpenAlex
https://ror.org/038b1qn73,Hyundai Mobis (South Korea),Hyundai Mobis (South Korea)|Hyundai Precision & Industries Corporation|현대모비스 주식회사,KR,OpenAlex
https://ror.org/05e9bbe04,GEI Consultants,"GEI Consultants|Geotechnical Engineers, Inc",US,OpenAlex
https://ror.org/05xcp0f40,Heidelberg (Poland),Heidelberg (Poland)|Heidelberg Polska Spółka z oo,PL,OpenAlex
https://ror.org/055c4qx71,Bühler (United Kingdom),Bühler (United Kingdom),GB,OpenAlex
https://ror.org/03dsk4d59,Springer Nature (United Kingdom),Springer Nature (United Kingdom),GB,OpenAlex
https://ror.org/01bggjn73,Macronix International (Taiwan),Macronix International (Taiwan),TW,OpenAlex
https://ror.org/04asvbz37,Swedish Orphan Biovitrum (Sweden),Swedish Orphan Biovitrum (Sweden),SE,OpenAlex
https://ror.org/05tq4a167,ShinEtsu Chemical (Japan),Shin'etsu Kagaku Kōgyō Kabushiki-gaisha|Shin-Etsu Nitrogen Fertilizer|ShinEtsu Chemical (Japan)|信越化学工業株式会社,JP,OpenAlex
https://ror.org/00qajw440,SK Group (United States),Hynix Semiconductors|Hyundai Electronics|SK Group (United States)|SK Hynix|Sunkyong Group,US,OpenAlex
https://ror.org/007c5ag63,Star Technology and Research (United States),Star Technology and Research (United States)|STAR,US,OpenAlex
https://ror.org/0185z7g17,Vifor Pharma (Switzerland),Vifor Pharma (Switzerland),CH,OpenAlex
https://ror.org/02h39wj34,Showa Corporation,Showa Corporation|株式会社ショーワ,JP,OpenAlex
https://ror.org/04ea9m912,Cellular Therapeutics (United Kingdom),Cellular Therapeutics (United Kingdom),GB,OpenAlex
https://ror.org/05ejpyv46,Applied Materials (Germany),Applied Materials (Germany),DE,OpenAlex
https://ror.org/05dt0hn88,Orange (Poland),Orange (Poland)|Telekomunikacja Polska,PL,OpenAlex
https://ror.org/02as1sh25,Dassault Aviation (France),Dassault Aviation (France),FR,OpenAlex
https://ror.org/03vsr5p38,BioScience Laboratories (United States),BioScience Laboratories (United States),US,OpenAlex
https://ror.org/05hre1985,Lux Research (United States),Lux Research (United States),US,OpenAlex
https://ror.org/01wm02973,Foster-Miller (United States),Foster-Miller (United States),US,OpenAlex
https://ror.org/014y40p65,H.B. Fuller (United States),H.B. Fuller (United States),US,OpenAlex
https://ror.org/01df3an44,"Genertec Shenyang Machine Tool Co., Ltd. (China)","Genertec Shenyang Machine Tool Co.|Genertec Shenyang Machine Tool Co., Ltd.|Genertec Shenyang Machine Tool Co., Ltd. (China)|Shenyang Machine Tool Co.|Shenyang Machine Tool Co., Ltd.|沈阳机床股份有限公司保|通用技术沈阳机床股份有限公司官网|SMTCL",CN,OpenAlex
https://ror.org/04gndp242,Genentech,Genentech,,OpenAlex
https://ror.org/00qzn0672,Egis Pharmaceuticals (Hungary),Egis Gyógyszergyár|Egis Pharmaceuticals (Hungary),HU,OpenAlex
https://ror.org/012ddpd05,Givaudan (Switzerland),Givaudan (Switzerland),CH,OpenAlex
https://ror.org/013nb7b55,Terna (Italy),Terna (Italy),IT,OpenAlex
https://ror.org/0422rme67,Integrated Systems Solutions (United States),Integrated Systems Solutions (United States)|ISSI,US,OpenAlex
https://ror.org/04zd6dy90,Applied Sciences (United States),Applied Sciences (United States)|ASI,US,OpenAlex
https://ror.org/041zepm54,Applied Genetic Technologies (United States),Applied Genetic Technologies (United States)|AGTC,US,OpenAlex
https://ror.org/02h694m69,PharmaMar (Spain),PharmaMar (Spain),ES,OpenAlex
https://ror.org/04cwjv178,"Tohoku Electric Power Co., Inc. (Japan)","Tohoku Electric Power|Tohoku Electric Power Co., Inc.|Tohoku Electric Power Co., Inc. (Japan)|Tōhoku Denryoku Kabushiki Kaisha|東北電力株式会社|Tohoku EPCO",JP,OpenAlex
https://ror.org/0518yg160,ZTE (United States),ZTE (United States)|Zhongxing Telecommunication Equipment Corporation,US,OpenAlex
https://ror.org/03bw04561,Gleason (United States),Gleason (United States),US,OpenAlex
https://ror.org/01v392555,Koo & Associates International (United States),Koo & Associates International (United States)|KAI,US,OpenAlex
https://ror.org/02b08tk40,Fahrenheit (Germany),Fahrenheit (Germany),DE,OpenAlex
https://ror.org/03pzt8k43,Ankara (Czechia),Ankara (Czechia),CZ,OpenAlex
https://ror.org/0105k4695,Novogene Bioinformatics Institute,Novogene Bioinformatics Institute,CN,OpenAlex
https://ror.org/036nr5945,Applied Biomathematics (United States),Applied Biomathematics (United States)|AB,US,OpenAlex
https://ror.org/039qfhr69,Polaroid (United States),Polaroid (United States),US,OpenAlex
https://ror.org/01n9aef16,Sikorsky Aircraft Corporation (United States),Sikorsky Aircraft Corporation (United States),US,OpenAlex
https://ror.org/04j9acc95,Infrared Laboratories (United States),Infrared Laboratories (United States),US,OpenAlex
https://ror.org/02ky6c719,Johnson Controls (United States),Johnson Controls (United States),US,OpenAlex
https://ror.org/04bpb0r34,Aerospace Institute (Germany),Aerospace Innovation|Aerospace Institut|Aerospace Institute (Germany)|AI,DE,OpenAlex
https://ror.org/05tq5rp50,Focus (Germany),Focus (Germany),DE,OpenAlex
https://ror.org/03hbpmj07,ResearchWorks (United States),ResearchWorks (United States),US,OpenAlex
https://ror.org/04zxf4256,General Tire (United States),"GenCorp|GenCorp, Inc.|General Tire|General Tire & Rubber Company|General Tire (United States)|General Tire and Rubber Company|The General Tire & Rubber Company",US,OpenAlex
https://ror.org/05skkwg31,Digestive Care (United States),Digestive Care (United States)|DCI,US,OpenAlex
https://ror.org/038ehsm73,Tanabe Pharma Corporation (Japan),Mitsubishi Tanabe Pharma Corporation|Tanabe Pharma|Tanabe Pharma Corporation|Tanabe Pharma Corporation (Japan)|たなべみつびしせいやくかぶしきがいしゃ|たなべファー|たなべファーマかぶしきがいしゃ|タナベファー|タナベファーマカブシキガイシャ|タナベミツビシセイヤクカブシキガイシャ|田辺ファー|田辺ファーマ株式会社|田辺三菱製薬株式会社|MTPC,JP,OpenAlex
https://ror.org/04arzfe69,Centro Agricoltura Ambiente (Italy),Centro Agricoltura Ambiente (Italy)|CAA,IT,OpenAlex
https://ror.org/00xtmkg39,Taiwan Power (Taiwan),Taipower|Taiwan Power (Taiwan)|台灣電力公司,TW,OpenAlex
https://ror.org/02hwyte29,Albemarle (United States),Albemarle (United States),US,OpenAlex
https://ror.org/05rv8ev82,Kia Motors (South Korea),Kia Motors (South Korea)|기아자동차|KMC,KR,OpenAlex
https://ror.org/01e3jga91,Exelixis (United States),Exelixis (United States),US,OpenAlex
https://ror.org/02bskft61,Atotech (United States),Atotech (United States),US,OpenAlex
https://ror.org/03cc5yw72,Health Awareness (United States),Health Awareness (United States),US,OpenAlex
https://ror.org/05n6np283,GfK (Germany),Gesellschaft für Konsumforschung|GfK (Germany)|Society for Consumer Research,DE,OpenAlex
https://ror.org/01jxhxv92,CSL (United States),CSL (United States)|ZLB Behring,US,OpenAlex
https://ror.org/00praab34,Energias de Portugal (Portugal),Electricidade de Portugal|Energias de Portugal (Portugal)|EDP,PT,OpenAlex
https://ror.org/0467ep474,Herrenknecht (Germany),Herrenknecht (Germany),DE,OpenAlex
https://ror.org/03y9hjd03,Structural Integrity Associates (United States),Structural Integrity Associates (United States),US,OpenAlex
https://ror.org/05q054h21,Syngenta (China),Syngenta (China),CN,OpenAlex
https://ror.org/05jeza980,Rolls-Royce (Germany),BMW Rolls-Royce|Rolls-Royce (Germany),DE,OpenAlex
https://ror.org/030tp6t18,Discovery Air (Canada),Discovery Air (Canada)|DA,CA,OpenAlex
https://ror.org/00kjw1h22,Itasca Consultants (Germany),Itasca Consultants (Germany),DE,OpenAlex
https://ror.org/042fpk261,Freudenberg (Germany),Freudenberg (Germany),DE,OpenAlex
https://ror.org/001ccf545,Wipro (India),Western India Palm Refined Oils Limited|Western India Products Limited|Wipro (India),IN,OpenAlex
https://ror.org/018whpc62,MEP Equine Solutions (United States),MEP Equine Solutions (United States),US,OpenAlex
https://ror.org/05269ja13,Advanced Laser Technology (United Kingdom),Advanced Laser Technology (United Kingdom)|ALT,GB,OpenAlex
https://ror.org/02y910088,Medizinisches Laserzentrum Lübeck (Germany),Medizinisches Laserzentrum Lübeck (Germany)|MLL,DE,OpenAlex
https://ror.org/03fd44j44,Beike Biotechnology (China),Beike Biotechnology (China)|北科生物科技,CN,OpenAlex
https://ror.org/00tcejj11,State Oil Company of Azerbaijan Republic (Azerbaijan),Azərbaycan Respublikası Dövlət Neft Şirkəti|State Oil Company of Azerbaijan Republic (Azerbaijan)|SOCAR,AZ,OpenAlex
https://ror.org/04qae1p49,DoCoMo Communications Laboratories Europe GmbH,DoCoMo Communications Laboratories Europe GmbH,DE,OpenAlex
https://ror.org/05x3tad86,Inotek Pharmaceuticals (United States),Inotek Pharmaceuticals (United States)|ITEK,US,OpenAlex
https://ror.org/02v616z87,BNP Paribas (France),BNP Paribas (France)|Banque Nationale de Paris,FR,OpenAlex
https://ror.org/04dzjva98,TCL (China),TCL (China)|TCL科技集团|Telephone Communication Limited,CN,OpenAlex
https://ror.org/03y90jx90,Manitoba Hydro,Manitoba Hydro,CA,OpenAlex
https://ror.org/00r8j9489,Thales (United Kingdom),Thales (United Kingdom),GB,OpenAlex
https://ror.org/01b330649,Nova Research Company (United States),Nova Research Company (United States),US,OpenAlex
https://ror.org/02a4gss26,Sasol (South Africa),Sasol (South Africa),ZA,OpenAlex
https://ror.org/04690g322,Eilenburger Elektrolyse - und Umwelttechnik (Germany),Eilenburger Electrolysis and Environmental Engineering|Eilenburger Elektrolyse - und Umwelttechnik (Germany)|EUT ,DE,OpenAlex
https://ror.org/05a5w4v67,Foton Motors (China),"Beiqi Foton Motor Co., Ltd|Foton Motor|Foton Motors (China)|北汽福田",CN,OpenAlex
https://ror.org/01ncz4303,Sinosteel (China),Sinosteel (China)|Zhōngguó Zhōnggāng Jítuán Gōngsī|中国中钢集团公司,CN,OpenAlex
https://ror.org/04thqez65,MSD (Spain),MSD (Spain)|Merck Sharp & Dohme|MSD,ES,OpenAlex
https://ror.org/002td9r73,Laboklin (Germany),Laboklin (Germany),DE,OpenAlex
https://ror.org/02sn4rb40,Peregrine Power (United States),Peregrine Power (United States),US,OpenAlex
https://ror.org/00bfx7n30,Tamedia (Switzerland),Tamedia (Switzerland),CH,OpenAlex
https://ror.org/000mrza07,AVEO Oncology (United States),AVEO Oncology (United States)|AVEO Pharmaceuticals,US,OpenAlex
https://ror.org/001ydyr37,Técnicas Reunidas (Spain),Técnicas Reunidas (Spain)|TRSA,ES,OpenAlex
https://ror.org/04yt64d76,Informa (Sweden),Informa (Sweden),SE,OpenAlex
https://ror.org/051b9ta18,SAIC Motor (China),SAIC Motor (China)|Shanghai Automotive Industry Corporation|Shanghai Internal Combustion Engine Components|上汽集团,CN,OpenAlex
https://ror.org/04sme7s65,Altria (United States),Altria (United States)|Philip Morris Companies Inc.,US,OpenAlex
https://ror.org/04pcnys31,Numerical Algorithms Group (United Kingdom),Numerical Algorithms Group (United Kingdom)|NAG,GB,OpenAlex
https://ror.org/01ffb7n67,Outokumpu (Finland),Outokumpu (Finland)|OTK,FI,OpenAlex
https://ror.org/016pgbd19,Éditions Gallimard (France),Éditions Gallimard (France),FR,OpenAlex
https://ror.org/006fc7318,Cemka-Eval (France),Cemka-Eval (France),FR,OpenAlex
https://ror.org/028qka468,UCB Pharma (United States),UCB Pharma (United States),US,OpenAlex
https://ror.org/03yxyad36,ABS Consulting (United States),ABS Consulting (United States),US,OpenAlex
https://ror.org/00n7rz703,South China Municipal Engineering Design and Research Institute (China),South China Municipal Engineering Design and Research Institute (China)|Zhongnan Municipal College|中国市政工程中南设计研究总院有限公,CN,OpenAlex
https://ror.org/01resg468,Nokia (Netherlands),Nokia (Netherlands),NL,OpenAlex
https://ror.org/02dhkpg18,Center for Visual Communication (United States),Center for Visual Communication (United States),US,OpenAlex
https://ror.org/03f0b2d64,Evans Analytical Group (United States),Evans Analytical Group (United States)|EAG,US,OpenAlex
https://ror.org/05x0kmy47,Shaanxi Yulin Energy Group,Shaanxi Yulin Energy Group,CN,OpenAlex
https://ror.org/00zwdnt53,Umicore (Belgium),Umicore (Belgium)|Union Minière,BE,OpenAlex
https://ror.org/03gwgww50,Rolls-Royce (United States),Rolls-Royce (United States),US,OpenAlex
https://ror.org/033573j20,Kyowa Hakko Kirin (Singapore),Kyowa Hakko Kirin (Singapore),SG,OpenAlex
https://ror.org/04a2yjk98,Lundbeck (United States),Lundbeck (United States),US,OpenAlex
https://ror.org/00darzp70,Health Innovations (United States),Health Innovations (United States)|HI,US,OpenAlex
https://ror.org/000ahf130,Hillenbrand (United States),Hillenbrand (United States),US,OpenAlex
https://ror.org/05ygj1d20,Gaertner (United States),Gaertner (United States)|Gartner Group,US,OpenAlex
https://ror.org/01gh6ja41,Alltech (United States),Alltech (United States),US,OpenAlex
https://ror.org/02fywtq82,Organisation de Coordination pour la lutte contre les Endémies en Afrique Centrale,Organisation de Coordination pour la lutte contre les Endémies en Afrique Centrale|OCEAC,CM,OpenAlex
https://ror.org/031sxg258,Boehringer Ingelheim (Canada),Boehringer Ingelheim (Canada),CA,OpenAlex
https://ror.org/04dwrr446,Optics Technology (United States),Optics Technology (United States),US,OpenAlex
https://ror.org/007anfg84,GS Engineering (United States),GS Engineering (United States),US,OpenAlex
https://ror.org/0164jks53,Anaconda (United States),Anaconda (United States),US,OpenAlex
https://ror.org/054j7wb83,Eisai (United Kingdom),Eisai (United Kingdom),GB,OpenAlex
https://ror.org/03ge13j80,Analogic (United States),Analogic (United States),US,OpenAlex
https://ror.org/02mh2b743,Princip (Czechia),Princip (Czechia),CZ,OpenAlex
https://ror.org/04mdfaw94,US Biologic (United States),US Biologic (United States),US,OpenAlex
https://ror.org/02xyxvc90,VRVis GmbH (Austria),VRVis|VRVis GmbH|VRVis GmbH (Austria)|VRVis Zentrum für Virtual Reality und Visualisierung Forschungs-GmbH,AT,OpenAlex
https://ror.org/00hnd8b56,Applied Research Corporation (United States),Applied Research Corporation (United States),US,OpenAlex
https://ror.org/051ae8e94,Ambry Genetics (United States),Ambry Genetics (United States),US,OpenAlex
https://ror.org/03t7fbx42,Wroclaw Research Centre EIT+ (Poland),Wroclaw Research Centre EIT+ (Poland),PL,OpenAlex
https://ror.org/00basdj35,Lexmark (United States),Lexmark (United States),US,OpenAlex
https://ror.org/03ymf7q07,Sun Pharma Advanced Research (India),Sun Pharma Advanced Research (India)|SPARC,IN,OpenAlex
https://ror.org/04q9w3z30,Siemens (France),Siemens (France),FR,OpenAlex
https://ror.org/05yhgzh28,Vaisala (Finland),Vaisala (Finland)|ʋæi̯sælæ,FI,OpenAlex
https://ror.org/010t34638,Insight (China),Insight (China),CN,OpenAlex
https://ror.org/02gzaeb51,Alliance Data (United States),Alliance Data (United States)|Alliance Data Systems Corporation,US,OpenAlex
https://ror.org/01ny43313,Orion Corporation (United Kingdom),Orion Corporation (United Kingdom),GB,OpenAlex
https://ror.org/01qbmc548,Syncrude (Canada),Syncrude (Canada),CA,OpenAlex
https://ror.org/03jb89v85,W. L. Gore & Associates (Germany),W. L. Gore & Associates (Germany),DE,OpenAlex
https://ror.org/00tq8h369,Elisa (Finland),Elisa (Finland)|HPY HTF,FI,OpenAlex
https://ror.org/013xmn143,Baxter (Austria),Baxter (Austria),AT,OpenAlex
https://ror.org/0187tsx41,Sigma Space (United States),Sigma Space (United States),US,OpenAlex
https://ror.org/040asb018,American Electric Power (United States),American Electric Power|American Electric Power (United States)|American Electric Power Company Inc.|AEP,US,OpenAlex
https://ror.org/01d7h6313,Enzo Life Sciences (United States),Enzo Life Sciences (United States),US,OpenAlex
https://ror.org/034ahpr11,IBM (India),IBM (India)|International Business Machines Corporation,IN,OpenAlex
https://ror.org/02xc43e34,John Deere (Germany),Deere & Company|John Deere (Germany),DE,OpenAlex
https://ror.org/00yc8qw13,Coca Cola (United States),Coca Cola (United States),US,OpenAlex
https://ror.org/046qmva50,SA Technologies (United States),SA Technologies (United States),US,OpenAlex
https://ror.org/010wkqn50,Microsoft Research New England (United States),Microsoft Research New England|Microsoft Research New England (United States)|MSR-NE,US,OpenAlex
https://ror.org/05fvfp460,Kanadevia (Japan),Hitachi Zosen|Hitachi Zosen Corporation|Hitachi Zōsen Kabushiki-kaisha|Kanadevia|Kanadevia (Japan)|Kanadevia Corporation|カナデビア|カナデビア株式会社,JP,OpenAlex
https://ror.org/03hmm9666,Tianjin Energy Investment Group (China),Tianjin Energy Investment Group (China)|天津能源投资集团有限公司,CN,OpenAlex
https://ror.org/0258as409,Kuaishou (China),Beijing Kuaishou Technology Ltd|Kuaishou|Kuaishou (China)|Kuaishou Technology|Kwai Inc|北京快手科技有限公司|快手,,OpenAlex
https://ror.org/01w78qg15,Daicel (Japan),Daicel (Japan)|Kabushiki Gaisha Daiseru|株式会社ダイセル,JP,OpenAlex
https://ror.org/017977v32,Alstom (Switzerland),Alstom (Switzerland),CH,OpenAlex
https://ror.org/03htt2d69,Pfizer (Italy),Pfizer (Italy),IT,OpenAlex
https://ror.org/00q62jx03,23andMe (United States),23andMe (United States),US,OpenAlex
https://ror.org/05hgx8v86,Elixir Medical (United States),Elixir Medical (United States),US,OpenAlex
https://ror.org/01zwphm70,Yokohama Rubber (Japan),Yokohama Gomu Kabushiki-gaisha|Yokohama Rubber (Japan)|横浜ゴム株式会社,JP,OpenAlex
https://ror.org/03qxge436,Mary Kay (United States),Mary Kay (United States),US,OpenAlex
https://ror.org/055nq3844,Electronic Product Services (Czechia),Electronic Product Services (Czechia)|EPS,CZ,OpenAlex
https://ror.org/03tt6x206,Shimadzu (China),Shimadzu (China),CN,OpenAlex
https://ror.org/00wg75m45,Thermo Fisher Scientific (Japan),FEI Company Japan|Thermo Fisher Scientific (Japan)|FEI,JP,OpenAlex
https://ror.org/02cghc635,Buchang Pharma (China),Buchang Pharma (China),CN,OpenAlex
https://ror.org/02jkzvy92,Continental (Canada),Continental (Canada),CA,OpenAlex
https://ror.org/041710805,Pierre Fabre (Germany),Pierre Fabre (Germany),DE,OpenAlex
https://ror.org/006s3gt16,Hearst (United States),Hearst (United States)|Hearst Communications,US,OpenAlex
https://ror.org/04vwbmb32,Sumitomo Dainippon Pharma (United States),Sumitomo Dainippon Pharma (United States),US,OpenAlex
https://ror.org/01v4kb744,Larsen & Toubro (India),L&T India|Larsen & Toubro (India)|L&T,IN,OpenAlex
https://ror.org/01xbk7a82,ACTA (United States),ACTA (United States),US,OpenAlex
https://ror.org/010ees266,Sweco (Sweden),Sweco (Sweden),SE,OpenAlex
https://ror.org/025y1g718,Kyocera (Japan),Kyocera (Japan)|Kyōsera Kabushiki-gaisha|京セラ株式会社,JP,OpenAlex
https://ror.org/01aq0x225,Luxel (United States),Luxel (United States),US,OpenAlex
https://ror.org/000cytz87,Weatherford (Switzerland),Weatherford (Switzerland)|Weatherford International|Weatherford Oil Tool Company|WOTCO,CH,OpenAlex
https://ror.org/05gedqb32,GlaxoSmithKline (Germany),GlaxoSmithKline (Germany)|GSK,DE,OpenAlex
https://ror.org/04g46sd34,"Shanghai Municipal Engineering Design Institute (Group) Co., Ltd (China)","Shanghai Municipal Engineering Design Institute (Group) Co., Ltd|Shanghai Municipal Engineering Design Institute (Group) Co., Ltd (China)|上海市政工程设计研究总院(集团)有限公司",CN,OpenAlex
https://ror.org/05f2ewd15,Nokia (Australia),Nokia (Australia),AU,OpenAlex
https://ror.org/00qpbjw91,Fujikura (United States),Fujikura (United States),US,OpenAlex
https://ror.org/01dwnnm75,Shanghai Aerospace Automobile Electromechanical (China),Shanghai Aerospace Automobile Electromechanical (China)|上海航天汽车机电股份有限公司|HS-SAAE,CN,OpenAlex
https://ror.org/033xh9c11,Scientific Systems (United States),Scientific Systems (United States)|SSCI,US,OpenAlex
https://ror.org/04ty78924,Karyopharm Therapeutics (United States),Karyopharm Therapeutics (United States),US,OpenAlex
https://ror.org/04vr78v16,General Electric (Norway),General Electric (Norway)|GE,NO,OpenAlex
https://ror.org/0568rcd29,Kharkov Technologies,Kharkov Technologies,UA,OpenAlex
https://ror.org/019tkx431,Kraftanlagen (Germany),Kraftanlagen (Germany),DE,OpenAlex
https://ror.org/01kaqxm37,MSD K.K. (Japan),MSD K.K.|MSD K.K. (Japan)|Merck Sharp & Dohme|MSD,JP,OpenAlex
https://ror.org/04qhpqj38,Altran (France),Altran (France),FR,OpenAlex
https://ror.org/021gh4f04,Pola Chemical Industries (Japan),Pola Chemical Industries (Japan),JP,OpenAlex
https://ror.org/001nxvg84,"Otsuka Pharmaceutical Development & Commercialization, Inc. (United States)","Otsuka Pharmaceutical Development & Commercialization, Inc.|Otsuka Pharmaceutical Development & Commercialization, Inc. (United States)|Otsuka Pharmaceutical Development and Commercialization|OPDC",US,OpenAlex
https://ror.org/03n87wv50,Applied BioPhysics (United States),Applied BioPhysics (United States)|ABP,US,OpenAlex
https://ror.org/057epqv46,Centro de Tecnologías Aeronauticas (Spain),Centro de Tecnologías Aeronauticas (Spain)|CTA,ES,OpenAlex
https://ror.org/046qe5448,MS-Schramberg (Germany),MS-Schramberg (Germany),DE,OpenAlex
https://ror.org/04rmh9q90,Thornton Tomasetti (United States),LZA Technology|Lev Zetlin & Associates|Thornton Tomasetti (United States)|Thornton Tomasetti Engineers|Thornton-Tomasetti Group,US,OpenAlex
https://ror.org/052hdh182,"China Energy Engineering Group Guangdong Electric Power Design Institute Co., Ltd. (China)","China Energy Engineering Group Guangdong Electric Power Design Institute Co., Ltd.|China Energy Engineering Group Guangdong Electric Power Design Institute Co., Ltd. (China)|Guangdong Electric Power Design Institute|中国能源建设集团广东省电力设计研究院有限公司|GEDI",CN,OpenAlex
https://ror.org/05kk1a757,Daikin (United States),Daikin (United States)|ダイキン工業株式会社,US,OpenAlex
https://ror.org/00jfs8131,Reliance Industries (United States),Reliance Industries (United States)|RIL,US,OpenAlex
https://ror.org/01wqdsj65,Professional Services Group (United States),Professional Services Group (United States),US,OpenAlex
https://ror.org/05bsjqt55,Philips (Belgium),Philips (Belgium)|Royal Philips,BE,OpenAlex
https://ror.org/0562x8a64,Daewoo Shipbuilding and Marine Engineering (South Korea),Daewoo Shipbuilding and Marine Engineering (South Korea)|대우조선해양|DSME,KR,OpenAlex
https://ror.org/005h28707,Versar (United States),Versar (United States),US,OpenAlex
https://ror.org/01cfmz593,NOK Corporation (Japan),NOK Corporation (Japan)|NOK株式会社,JP,OpenAlex
https://ror.org/033qhvk72,Metabolon (United States),Metabolon (United States),US,OpenAlex
https://ror.org/03sd2pz70,Waterborne Environmental (United States),Waterborne Environmental (United States),US,OpenAlex
https://ror.org/010eh3243,Acentech (United States),Acentech (United States),US,OpenAlex
https://ror.org/03c5ds320,Oticon Medical (Denmark),Oticon Medical (Denmark),DK,OpenAlex
https://ror.org/00xhffh65,Nirma (India),Nirma (India),IN,OpenAlex
https://ror.org/02xa0er70,21st Century Oncology (United States),21st Century Oncology (United States),US,OpenAlex
https://ror.org/00mhkcm52,Olin Corporation (United States),Olin Corporation (United States),US,OpenAlex
https://ror.org/036dfq243,Vion Pharmaceuticals (United States),Vion Pharmaceuticals (United States),US,OpenAlex
https://ror.org/055wa9133,Innate Pharma (France),Innate Pharma (France),FR,OpenAlex
https://ror.org/0220wzg80,South Australian Water Corporation,SA Water|South Australian Water Corporation,AU,OpenAlex
https://ror.org/0325nt175,Biobase (Germany),Biobase (Germany),DE,OpenAlex
https://ror.org/039pgdx28,Danfoss (Denmark),Danfoss (Denmark),DK,OpenAlex
https://ror.org/028070c57,NaMLab (Germany),NaMLab (Germany),DE,OpenAlex
https://ror.org/04rjtde10,Perceptronics Solutions (United States),Perceptronics Solutions (United States),US,OpenAlex
https://ror.org/00nqjkj48,NCR (United States),AT&T Global Information Solutions|NCR (United States)|National Cash Register,US,OpenAlex
https://ror.org/00z1h3j87,GlaxoSmithKline (France),GlaxoSmithKline (France)|GSK,FR,OpenAlex
https://ror.org/03wgxjb31,United Therapeutics (United States),United Therapeutics (United States),US,OpenAlex
https://ror.org/04xprjz26,Geometric (India),Geometric (India),IN,OpenAlex
https://ror.org/024njzv49,Chiesi (France),Chiesi (France),FR,OpenAlex
https://ror.org/01q1dy966,HeidelbergCement (Germany),HeidelbergCement (Germany),DE,OpenAlex
https://ror.org/03cgz8503,Wardell Armstrong (United Kingdom),Wardell Armstrong (United Kingdom),GB,OpenAlex
https://ror.org/02bwvpt98,Hyosung Corporation (South Korea),Hyosung Corporation (South Korea)|효성,KR,OpenAlex
https://ror.org/01qb09m39,Lincoln Agritech (New Zealand),Lincoln Agritech (New Zealand),NZ,OpenAlex
https://ror.org/04xxthg27,Science et Médecine (France),Science et Médecine (France)|SEM,FR,OpenAlex
https://ror.org/05rtsja45,NanoScale Corporation (United States),NanoScale Corporation (United States),US,OpenAlex
https://ror.org/05qjgkw66,Cosmos Corporation (United States),Cosmos Corporation (United States),US,OpenAlex
https://ror.org/012f7tj07,Telefónica (Spain),Telefónica (Spain),ES,OpenAlex
https://ror.org/013p9v583,Daikin (Japan),Daikin (Japan)|Daikin Kōgyō Kabushiki-gaisha|ダイキン工業株式会社,JP,OpenAlex
https://ror.org/015w62071,Iran Khodro (Iran),Iran Khodro (Iran)|Iran National|ایران خودرو‎‎|IKCO,IR,OpenAlex
https://ror.org/00p4ry522,Nomura Research Institute,Nomura Research Institute|株式会社野村総合研究所|NRI,JP,OpenAlex
https://ror.org/00jprdp28,GfK (United States),GfK (United States)|Society for Consumer Research,US,OpenAlex
https://ror.org/01gbt6a54,Adaptive Biotechnologies (United States),Adaptive Biotechnologies (United States),US,OpenAlex
https://ror.org/02r10ma13,IHI Corporation (Czechia),"IHI Corporation (Czechia)|Ishikawajima Harima Jūkōgyō Kabushiki-gaisha|Ishikawajima-Harima Heavy Industries Co., Ltd",CZ,OpenAlex
https://ror.org/0039sga55,Mahle (Austria),Mahle (Austria),AT,OpenAlex
https://ror.org/057f25d66,Sinovac Biotech,Sinovac Biotech|北京科兴生物制品有限公司,CN,OpenAlex
https://ror.org/01cmpkr67,Materials Modification (United States),Materials Modification (United States)|MMI,US,OpenAlex
https://ror.org/01818mf51,Messerschmitt-Bölkow-Blohm (Germany),Messerschmitt-Bölkow-Blohm (Germany)|MBB,DE,OpenAlex
https://ror.org/01qwdc951,Bayer (Switzerland),Bayer (Switzerland),CH,OpenAlex
https://ror.org/02vszc135,Semiconductor Energy Laboratory (Japan),Semiconductor Energy Laboratory (Japan)|株式会社半導体エネルギー研究所|SEL,JP,OpenAlex
https://ror.org/018jj2831,Nanomed (Brazil),Nanomed (Brazil),BR,OpenAlex
https://ror.org/00vsv8c52,China Electronics Corporation (China),China Electronics Corporation (China)|中國電子公司|CEC,CN,OpenAlex
https://ror.org/037x16a12,Kaketsuken (Japan),Chemo-Sero-Therapeutic Research Institute|Kaketsuken (Japan)|一般財団法人化学及血清療法研究所,JP,OpenAlex
https://ror.org/03kq1sq34,Barber-Nichols (United States),Barber-Nichols (United States)|BNI,US,OpenAlex
https://ror.org/02kbrsj34,Companhia Energética de Minas Gerais (Brazil),Companhia Energética de Minas Gerais (Brazil)|CEMIG,BR,OpenAlex
https://ror.org/02rvfjx92,Taiwan Semiconductor Manufacturing Company (United States),TSMC North America|Taiwan Semiconductor Manufacturing Company (United States)|TSMC,US,OpenAlex
https://ror.org/01tasya06,Charles River Laboratories (Netherlands),Charles River Laboratories (Netherlands)|CRL,NL,OpenAlex
https://ror.org/01eppzd87,LKSoftWare (Germany),LKSoftWare (Germany),DE,OpenAlex
https://ror.org/01wfv3m53,Teva Pharmaceuticals (Israel),"Teva Pharmaceuticals (Israel)|טבע תעשיות פרמצבטיות בע""מ|صناعات تيفا الصيدلية",IL,OpenAlex
https://ror.org/0250p1d07,Phenikaa (Vietnam),A & A Green Phoenix Group|Phenikaa (Vietnam)|Phenikaa Group,VN,OpenAlex
https://ror.org/05rg8s453,Laser Scan Engineering (United Kingdom),Laser Scan Engineering (United Kingdom)|LSE,GB,OpenAlex
https://ror.org/009z2z347,Kowa (Japan),Kowa (Japan)|興和株式会社,JP,OpenAlex
https://ror.org/02s7nat60,Nihon Nohyaku (Japan),Nihon Nohyaku (Japan)|日本農薬株式会社,JP,OpenAlex
https://ror.org/043z38488,Laryngograph (United Kingdom),Laryngograph (United Kingdom),GB,OpenAlex
https://ror.org/058bza610,Angiologica (Italy),Angiologica (Italy),IT,OpenAlex
https://ror.org/00m1n2078,CAE (Canada),CAE (Canada)|Canadian Aviation Electronics,CA,OpenAlex
https://ror.org/02hv5e369,Roche (China),Hoffmann-La Roche|Roche (China),CN,OpenAlex
https://ror.org/05mxb6722,CD-adapco (United Kingdom),CD-adapco (United Kingdom)|Computational Dynamics-Analysis & Design Application Company,GB,OpenAlex
https://ror.org/00qj1mf81,"Schulman, Ronca & Bucuvalas","Abt Associates|Schulman, Ronca & Bucuvalas|SRBI",US,OpenAlex
https://ror.org/00c0gj024,Research Square (United States),Research Square (United States),US,OpenAlex
https://ror.org/02a8cv967,Procter & Gamble (United Kingdom),Procter & Gamble (United Kingdom)|P&G,GB,OpenAlex
https://ror.org/016thfw32,Kjemi (Norway),Kjemi (Norway),NO,OpenAlex
https://ror.org/039swsa61,ProQuest (United States),ProQuest (United States),US,OpenAlex
https://ror.org/044tc0x05,CSL (Australia),CSL (Australia)|ZLB Behring,AU,OpenAlex
https://ror.org/00tncdw10,West Japan Railway Company (Japan),West Japan Railway Company|West Japan Railway Company (Japan)|西日本旅客鉄道株式会社,JP,OpenAlex
https://ror.org/00mgrqp66,Jiuquan Iron & Steel (China),Jiuquan Iron & Steel (China)|酒泉钢铁,CN,OpenAlex
https://ror.org/0355p2e87,Agilent Technologies (Germany),Agilent Technologies (Germany),DE,OpenAlex
https://ror.org/03rks9355,Naval Group (France),DCNS|Direction des Constructions Navales|Naval Group (France),FR,OpenAlex
https://ror.org/01ayhb353,ATS Sardegna (Italy),ATS Sardegna (Italy),IT,OpenAlex
https://ror.org/05hp2t033,Lufthansa (Germany),Deutsche Lufthansa AG|Lufthansa (Germany)|Lufthansa German Airlines,DE,OpenAlex
https://ror.org/00s3fdw25,Telekom Malaysia Berhad (Malaysia),Telekom Malaysia Berhad (Malaysia)|TM,MY,OpenAlex
https://ror.org/028gkfr23,Kissei Pharmaceutical (Japan),Kissei Pharmaceutical (Japan)|キッセイ薬品工業,JP,OpenAlex
https://ror.org/0405fd303,Medica (United States),Medica (United States),US,OpenAlex
https://ror.org/05pgv5n44,John Snow (United States),John Snow (United States)|JSI,US,OpenAlex
https://ror.org/02v4yxp84,State Grid Hebei Electric Power Company,State Grid Hebei Electric Power Company|国网河北省电力有限公司,,OpenAlex
https://ror.org/00ew7rg06,MorphoSys (Germany),MorphoSys (Germany),DE,OpenAlex
https://ror.org/03rjyqh36,Communication Disorders Technology (United States),Communication Disorders Technology (United States)|CDT,US,OpenAlex
https://ror.org/003dqcp70,Fujirebio (Belgium),Fujirebio (Belgium)|Innogenetics,BE,OpenAlex
https://ror.org/05jh79p16,American Airlines (United States),American Airlines (United States),US,OpenAlex
https://ror.org/01pk3tm20,Kommunedata (Denmark),Kommunedata (Denmark)|KMD,DK,OpenAlex
https://ror.org/049k0qb06,Information Systems Laboratories (United States),Information Systems Laboratories (United States)|ISL,US,OpenAlex
https://ror.org/05hczvf86,Boehringer Ingelheim (China),Boehringer Ingelheim (China)|勃林格殷格翰,CN,OpenAlex
https://ror.org/04adbw927,Inner Mongolia Yili Industrial Group (China),Inner Mongolia Yili Industrial Group (China)|Yili Group|Yīlì Jítuán|伊利集团,CN,OpenAlex
https://ror.org/05w630g93,PG&E Corporation (United States),PG&E Corporation|PG&E Corporation (United States)|Pacific Gas and Electric Company,,OpenAlex
https://ror.org/01estnb82,Nippon Soda (Japan),Nihonsōda Kabushiki-kaisha|Nippon Soda (Japan)|日本曹達株式会社,JP,OpenAlex
https://ror.org/002ysmy84,Takeda (Switzerland),Takeda (Switzerland),CH,OpenAlex
https://ror.org/03459qp74,TRUMPF (Germany),TRUMPF (Germany),DE,OpenAlex
https://ror.org/047dzr841,"China Tobacco Yunnan Industrial Co., Ltd. (China)","China Tobacco Yunnan Industrial Co., Ltd. (China)|China Tobacco Yunnan Industrial Corp|Yunnan Tobacco Industry Co|云南中烟工业公司|云南中烟工业有限责任公司",CN,OpenAlex
https://ror.org/00geaen61,Global Strategy Group,Global Strategy Group,US,OpenAlex
https://ror.org/029zp7d63,Shanghai Liangyou (China),Shanghai Liangyou (China)|上海良友,CN,OpenAlex
https://ror.org/05t0e1a79,Mannesmann Demag (Germany),Mannesmann Demag (Germany),DE,OpenAlex
https://ror.org/01sv7f575,Eli Lilly (Japan),Eli Lilly (Japan)|日本イーライリリー株式会社,JP,OpenAlex
https://ror.org/033ypzd50,Medical & Biological Laboratories (Japan),Medical & Biological Laboratories (Japan)|MBL,JP,OpenAlex
https://ror.org/01kg37d11,Deutz (Germany),Deutz (Germany),DE,OpenAlex
https://ror.org/01z0h5j41,Sunrise Medical (United States),Sunrise Medical (United States),US,OpenAlex
https://ror.org/04b47hp24,Temper (United States),Temper (United States)|Thermally Enhanced Material Processing at Elevated Rates,US,OpenAlex
https://ror.org/03hhbk905,Lloyd's Register (United Kingdom),Lloyd's Register (United Kingdom)|Lloyd's Register Group Limited|Lloyd's Register Group Ltd|LR,GB,OpenAlex
https://ror.org/032nt3q40,Nikken Sekkei (Japan),Nikken Sekkei (Japan)|日建設計,JP,OpenAlex
https://ror.org/00p24re17,Zhongji Test Equipment (China),Changchun Machinery Science Research Institute|Changchun Test Machine Research Institute|China Machine Test Equipment|Zhongji Test Equipment (China)|中机试验装备股份有限公司|SINOTEST,CN,OpenAlex
https://ror.org/012v2c923,BeiGene (China),BeiGene (China),CN,OpenAlex
https://ror.org/03j6gjn98,Daiichi Kogyo Seiyaku (Japan),Daiichi Kogyo Seiyaku (Japan)|第一工業製薬株式会社|DKS,JP,OpenAlex
https://ror.org/00t3nxd66,Samjin Pharm (South Korea),Samjin Pharm (South Korea)|삼진제약,KR,OpenAlex
https://ror.org/015rq8k57,Doosan Heavy Industries & Construction (South Korea),Doosan Heavy Industries & Construction (South Korea),KR,OpenAlex
https://ror.org/01pa88s49,Diamond Materials (United States),Diamond Materials (United States),US,OpenAlex
https://ror.org/01zd5r820,Energostal (Ukraine),Energostal (Ukraine)|Giprostal|UkrNIIMet|Ukrainean Research & Technology Center of Metallurgy Industry|Ukrainian State Scientific and Research Institute of Metals|УКРАИНСКИЙ НАУЧНО-ТЕХНИЧЕСКИЙ ЦЕНТР МЕТАЛЛУРГИЧЕСКОЙ ПРОМЫШЛЕННОСТИ|ЭНЕРГОСТАЛЬ,UA,OpenAlex
https://ror.org/01hgxez56,Arla Foods (Denmark),Arla Foods (Denmark),DK,OpenAlex
https://ror.org/04sgnw557,Novartis (Ireland),Novartis (Ireland),IE,OpenAlex
https://ror.org/040c8fa41,OYO Corporation (Japan),OYO Corporation|OYO Corporation (Japan)|応用地質株式会社,JP,OpenAlex
https://ror.org/04gmtb593,United Technologies Corporation (Poland),United Technologies Corporation (Poland)|UTC,PL,OpenAlex
https://ror.org/03rt9jf88,Austrian Competence Centre of Food Safety,Austrian Competence Centre of Food Safety|Lebensmittelversuchsanstalt|LVA,AT,OpenAlex
https://ror.org/04qnzk495,Spital Thurgau (Switzerland),Spital Thurgau (Switzerland),CH,OpenAlex
https://ror.org/045nvsg67,Athena Group (United States),Athena Group (United States),US,OpenAlex
https://ror.org/05sz2wg38,Technical Solutions (United States),Logical Technologies|Technical Solutions (United States),US,OpenAlex
https://ror.org/00fed8j81,Laser Operations (United States),Laser Operations (United States),US,OpenAlex
https://ror.org/02ja8nd79,Alcon (China),Alcon (China),CN,OpenAlex
https://ror.org/02t80dd48,Teem Photonics (France),Teem Photonics (France),FR,OpenAlex
https://ror.org/02ct12k14,Network Rail,Network Rail|Railtrack,GB,OpenAlex
https://ror.org/02fs2bc65,Discovery Laboratories (United States),Discovery Laboratories (United States),US,OpenAlex
https://ror.org/041d7hq08,Advance (Japan),Advance (Japan),JP,OpenAlex
https://ror.org/00vse3055,NHK Spring (Japan),NHK Nippatsu|NHK Spring (Japan)|Nippon Hatsujō Kabushiki-gaisha|日本発条株式会社,JP,OpenAlex
https://ror.org/048q66y67,BP (Germany),BP (Germany)|BP Amoco|The British Petroleum Company,DE,OpenAlex
https://ror.org/02vm8jd66,RT-RK Institute for Computer Based Systems (Serbia),RT-RK Institute for Computer Based Systems (Serbia)|RT-RK,RS,OpenAlex
https://ror.org/0113rr846,Analytical Engineering (United States),Analytical Engineering (United States)|AEI,US,OpenAlex
https://ror.org/02127h732,"Wolfspeed, Inc. (United States)","Cree|Wolfspeed, Inc.|Wolfspeed, Inc. (United States)",US,OpenAlex
https://ror.org/04h1th525,DigitalSpace (United States),DigitalSpace (United States),US,OpenAlex
https://ror.org/00yzvve44,Nippon Paper Industries (Japan),Nippon Paper Industries (Japan)|日本製紙株式会社,JP,OpenAlex
https://ror.org/05tcasm11,National Infrastructures for Research and Technology -  GRNET S.A,GRNET S.A|National Infrastructures for Research and Technology|National Infrastructures for Research and Technology -  GRNET S.A|ΕΔΥΤΕ Α.Ε. – GRNET|Εθνικό Δίκτυο Υποδομών Τεχνολογίας και Έρευνα|Εθνικό Δίκτυο Υποδομών Τεχνολογίας και Έρευνας Α.Ε. – GRNET|GRNET,GR,OpenAlex
https://ror.org/02aqatz67,Xiangtan Electric Manufacturing Group (China),"Xiangtan Electric Manufacturing Group|Xiangtan Electric Manufacturing Group (China)|Xiangtan Electric Manufacturing Group Co.|Xiangtan Electric Manufacturing Group Co., Ltd.|湘潭电机股份有限公司|湘电集团|XEMC",CN,OpenAlex
https://ror.org/059mrwr24,The Medical Device (United Kingdom),The Medical Device (United Kingdom)|MDC,GB,OpenAlex
https://ror.org/03fef0h61,Luminex (United States),Luminex (United States),US,OpenAlex
https://ror.org/0012hsk21,ViGYAN (United States),ViGYAN (United States),US,OpenAlex
https://ror.org/058q8kz50,CTI Engineering (Japan),CTI Engineering (Japan)|株式会社建設技術研究所,JP,OpenAlex
https://ror.org/05m4zpg77,Materials Development (United States),Materials Development (United States)|MDI,US,OpenAlex
https://ror.org/00twdhr48,Korea Hydro and Nuclear Power (Korea),"Korea Hydro & Nuclear Power|Korea Hydro & Nuclear Power Co Ltd|Korea Hydro & Nuclear Power Co.|Korea Hydro and Nuclear Power (Korea)|Korea Hydro and Nuclear Power Corporation|Korea Hydro and Nuclear Power Corporation Co., Ltd|한국수력원자력|KHNP",KR,OpenAlex
https://ror.org/02ga7kh69,Freddie Mac (United States),Federal Home Loan Mortgage Corporation|Freddie Mac (United States)|FHLMC,US,OpenAlex
https://ror.org/04y922n71,Daiseung Medics (South Korea),"Daiseung Medics (South Korea)|K.C.R. Trading Co., Ltd.|대승의료기기(주)",KR,OpenAlex
https://ror.org/00jb92367,Foxconn (China),Foxconn (China)|Foxconn Technology Group|Hon Hai Precision Industry|鴻海科技集團,CN,OpenAlex
https://ror.org/02p1xqf92,Centro Laser,Centro Laser,IT,OpenAlex
https://ror.org/054f2wp19,Sarepta Therapeutics (United States),AVI BioPharma|AntiVirals|Sarepta Therapeutics (United States)|Sarepta Therapeutics and SRPT,US,OpenAlex
https://ror.org/059b1px42,Freelancer (Portugal),Freelancer (Portugal),PT,OpenAlex
https://ror.org/00fq2kn23,Associated Research (United States),Associated Research (United States),US,OpenAlex
https://ror.org/05czqyh70,Electron (Ukraine),Electron (Ukraine)|Електрон,UA,OpenAlex
https://ror.org/05spbxe41,Gamma Remote Sensing (Switzerland),Gamma Remote Sensing (Switzerland),CH,OpenAlex
https://ror.org/04xwv0715,PTT Exploration and Production Public Company Limited (Thailand),PTT Exploration and Production|PTT Exploration and Production Public Company Limited (Thailand)|บริษัท ปตท.สำรวจและผลิตปิโตรเลียม จำกัด (มหาชน)|PTTEP,TH,OpenAlex
https://ror.org/017c2y429,Informa (Italy),Informa (Italy),IT,OpenAlex
https://ror.org/027kpf759,Mitsui Mining & Smelting (Japan),Mitsui Kinzoku|Mitsui Mining & Smelting (Japan)|三井金属鉱業株式会社,JP,OpenAlex
https://ror.org/048wd7x80,Waters (United Kingdom),Waters (United Kingdom),GB,OpenAlex
https://ror.org/047khcd84,Jacobs (United Kingdom),Jacobs (United Kingdom),GB,OpenAlex
https://ror.org/04f07ep24,Corona (Poland),Corona (Poland),PL,OpenAlex
https://ror.org/006z2nm40,Newport (United States),Newport (United States),US,OpenAlex
https://ror.org/01w8n3n62,Schneider Electric (Germany),Schneider Electric (Germany),DE,OpenAlex
https://ror.org/04xmgtd15,Invenia (Norway),Invenia (Norway),NO,OpenAlex
https://ror.org/037qwc103,Yaskawa Electric (Japan),Yaskawa Electric (Japan)|安川電機,JP,OpenAlex
https://ror.org/04md3b668,Astronautics Corporation of America,Astronautics Corporation of America|ACA,US,OpenAlex
https://ror.org/00gsbmb44,Renewable Energy Systems (United Kingdom),RES Group|Renewable Energy Systems (United Kingdom)|RES,GB,OpenAlex
https://ror.org/059dt4t68,HistoGenetics (United States),HistoGenetics (United States),US,OpenAlex
https://ror.org/0155ctq43,BGI Genomics,BGI Genomics|华大基因股份有限公司,,OpenAlex
https://ror.org/02ty5cy83,Infinera (United States),Infinera (United States)|Infinera Corporation,US,OpenAlex
https://ror.org/02tetyt18,CISDI Group (China),"CISDI Group|CISDI Group (China)|CISDI Group Co., Ltd.|Chongqing Iron and Steel Designing Institute|中冶赛迪集团有限公司|CISDI",CN,OpenAlex
https://ror.org/01gjnjy30,Medical Diagnostic Laboratories (United States),Medical Diagnostic Laboratories (United States)|MDL,US,OpenAlex
https://ror.org/00615jn62,Walgreens (United States),Walgreens (United States),US,OpenAlex
https://ror.org/03t95yr58,BioClinica (United States),Bio-Imaging Technologies|BioClinica (United States),US,OpenAlex
https://ror.org/058wnr349,Cardialysis (Netherlands),Cardialysis (Netherlands),NL,OpenAlex
https://ror.org/05h8dpx23,RWE (Germany),RWE (Germany)|Rheinisch-Westfälisches Elektrizitätswerk Aktiengesellschaft|Rhine-Westfalia Electricity Factory|RWE,DE,OpenAlex
https://ror.org/02k3grx88,KazMunayGas (Kazakhstan),KazMunayGas (Kazakhstan)|ҚазМұнайГаз|KMG,KZ,OpenAlex
https://ror.org/03np5z244,DermResearch (United States),DermResearch (United States),US,OpenAlex
https://ror.org/059vag305,Covance (United Kingdom),Covance (United Kingdom),GB,OpenAlex
https://ror.org/00prpaj09,Alion Science and Technology (United States),Alion Science and Technology (United States),US,OpenAlex
https://ror.org/04ftb9f20,YKK (Japan),YKK (Japan)|Yoshida Kōgyō Kabushiki Gaisha|吉田工業株式会社,JP,OpenAlex
https://ror.org/040pjdm93,Creative Technology (Singapore),Creative Technology (Singapore),SG,OpenAlex
https://ror.org/0225qq424,Nippon Suisan Kaisha (Japan),Nippon Suisan Kaisha (Japan)|Nissui|日本水産株式会社,JP,OpenAlex
https://ror.org/04f2ksb75,Fundação Estadual de Produção e Pesquisa em Saúde,Fundação Estadual de Produção e Pesquisa em Saúde|FEPPS,BR,OpenAlex
https://ror.org/0529ecj14,Institut für Solartechnologien (Germany),Institut für Solartechnologien (Germany)|IST,DE,OpenAlex
https://ror.org/05mgcmd27,Medpace (United States),Medpace (United States),US,OpenAlex
https://ror.org/01r89aa81,CME Group (United States),CME Group (United States)|Chicago Mercantile Exchange & Chicago Board of Trade,US,OpenAlex
https://ror.org/002g3kz75,Zürich Airport (Switzerland),Flughafen Zürich|Kloten Airport|Zürich Airport (Switzerland)|LSZH|ZRH,CH,OpenAlex
https://ror.org/02h0hx086,Predict (France),Predict (France),FR,OpenAlex
https://ror.org/01crbbm32,Central Research Institute of Building and Construction (China),": Central Research Institute of Building and Construction|Central Research Institute of Building and Construction (China)|Central Research Institute of Building and Construction Co., Ltd.|MCC Central Research Institute of Building and Construction|中冶建筑研究总院有限公司|CRIBC",CN,OpenAlex
https://ror.org/01t305n31,Texas Instruments (India),Texas Instruments (India)|TI,IN,OpenAlex
https://ror.org/049kt3f30,Ernst & Young (Israel),Ernst & Young (Israel)|EY,IL,OpenAlex
https://ror.org/02s04h872,D. E. Shaw Research,D. E. Shaw Research|DESRES,US,OpenAlex
https://ror.org/00dv9aw81,Experimental Pathology Laboratories,Experimental Pathology Laboratories|EPL,US,OpenAlex
https://ror.org/01w2qw957,Shanghai Research Institute of Building Sciences (China),Shanghai Research Institute of Building Sciences (China)|上海建筑科学研究院|SRIBS,CN,OpenAlex
https://ror.org/04bsh3r03,Ericsson (Croatia),Ericsson (Croatia)|Ericsson Nikola Tesla,HR,OpenAlex
https://ror.org/04er97976,Nanotherapeutics (United States),Nanocoat Technologies|Nanotherapeutics (United States),US,OpenAlex
https://ror.org/042dp4138,Technology Service Corporation (United States),Technology Service Corporation (United States)|TSC,US,OpenAlex
https://ror.org/006hrz834,Roche (Canada),Roche (Canada),CA,OpenAlex
https://ror.org/045xx6g59,Time Warner (United States),AOL Time Warner|Time Warner (United States)|TimeWarner,US,OpenAlex
https://ror.org/03bm3h723,Bristol Laboratories (United Kingdom),Bristol Laboratories (United Kingdom),GB,OpenAlex
https://ror.org/02sj0zy88,SELEX Sistemi Integrati,SELEX Sistemi Integrati,IT,OpenAlex
https://ror.org/02pwct569,Juniper Networks (United States),Juniper Networks (United States),US,OpenAlex
https://ror.org/013x1pp52,Hanmi Pharmaceutical (South Korea),Hanmi Pharmaceutical (South Korea)|한미약품,KR,OpenAlex
https://ror.org/0142eak56,Blueprint Medicines (United States),Blueprint Medicines (United States),US,OpenAlex
https://ror.org/02vf5zz47,Ford Motor Company (Czechia),Ford Motor Company (Czechia),CZ,OpenAlex
https://ror.org/041p8ws46,Chrysler (Canada),Chrysler (Canada)|FCA Canada,CA,OpenAlex
https://ror.org/02pf50490,Immunomedics (United States),Immunomedics (United States),US,OpenAlex
https://ror.org/029j6tp05,Zimmer Biomet (France),Biomet|Zimmer Biomet (France),FR,OpenAlex
https://ror.org/031g2ej16,Dow Chemical (Canada),Dow|Dow Chemical (Canada),CA,OpenAlex
https://ror.org/03ywzsn05,Wen's Food Group (China),Wen's Food Group (China)|Wen's stock|温氏食品集团股份有限公司,CN,OpenAlex
https://ror.org/05p50vw42,Viva Biotech (China),Viva Biotech (China),CN,OpenAlex
https://ror.org/02jekkw18,"Kyushu Electric Power Co., Inc. (Japan)","Kyushu Electric Power Co.|Kyushu Electric Power Co., Inc.|Kyushu Electric Power Co., Inc. (Japan)|九州電力株式会社",JP,OpenAlex
https://ror.org/00wjx1428,Ambulance Care (Sweden),Ambulance Care (Sweden)|Ambulance care in Greater Stockholm|Ambulanssjukvården i Storstockholm|AISAB,SE,OpenAlex
https://ror.org/04ng6c812,Buffalo BioLabs,Buffalo BioLabs|BBL,US,OpenAlex
https://ror.org/01jwfv926,Korean Register (South Korea),Korean Register (South Korea)|한국선급|KR,KR,OpenAlex
https://ror.org/02qsqdv65,Alstom (United Kingdom),Alsthom|Alstom (United Kingdom),GB,OpenAlex
https://ror.org/032ap5553,Ecological Consulting (Czechia),Ecological Consulting (Czechia),CZ,OpenAlex
https://ror.org/03tarb191,Akamai (United States),Akamai (United States)|Akamai Technologies,US,OpenAlex
https://ror.org/04vz9vy80,Japan Display (Japan),Japan Display (Japan)|Kabushiki-gaisha Japan Disupurei|株式会社ジャパンディスプレイ|JDI,JP,OpenAlex
https://ror.org/01gyw2394,Gestione Sistemi per l’Informatica (Italy),Gestione Sistemi per l’Informatica (Italy)|GESI,IT,OpenAlex
https://ror.org/02v6jgb22,Creativ-Ceutical (France),Creativ-Ceutical (France),FR,OpenAlex
https://ror.org/01rswjc57,Philips (Spain),Philips (Spain),ES,OpenAlex
https://ror.org/043rrkc78,Dr Willmar Schwabe (Germany),Dr Willmar Schwabe (Germany),DE,OpenAlex
https://ror.org/01few5909,Barclays (United Kingdom),Barclays (United Kingdom),GB,OpenAlex
https://ror.org/04ff4e804,Eiken Chemical (Japan),Eiken Chemical (Japan)|栄研化学株式会社,JP,OpenAlex
https://ror.org/03ex1m609,Satimo (France),Satimo (France)|Société d’Applications Technologiques de l’Imagerie Micro-Onde,FR,OpenAlex
https://ror.org/0463agq55,Brown and Caldwell (United States),Brown and Caldwell (United States),US,OpenAlex
https://ror.org/028q7hc55,Limagrain (France),Limagrain (France),FR,OpenAlex
https://ror.org/0276vcd78,Hisense (China),Hisense (China)|海信集团,CN,OpenAlex
https://ror.org/03wbses72,Polyus Research Institute of M.F.Stelmakh (Russia),Polyus Research Institute of M.F.Stelmakh (Russia),RU,OpenAlex
https://ror.org/059xksf83,Balfour Beatty (United Kingdom),Balfour Beatty (United Kingdom),GB,OpenAlex
https://ror.org/05c4cm338,NetApp (United States),NetApp (United States),US,OpenAlex
https://ror.org/025nszc09,Canadian Natural Resources,Canadian Natural|Canadian Natural Resources|CNRL,CA,OpenAlex
https://ror.org/01j9g7106,Korea Innotech (South Korea),Korea Innotech (South Korea)|고려이노테크,KR,OpenAlex
https://ror.org/04brs8j34,Bionetics (United States),Bionetics (United States),US,OpenAlex
https://ror.org/04qgd6703,Hyundai Engineering (South Korea),Hyundai Engineering (South Korea)|현대엔지니어링|HEC,KR,OpenAlex
https://ror.org/05h634p83,Credit Suisse (Switzerland),Credit Suisse (Switzerland)|Schweizerische Kreditanstalt,CH,OpenAlex
https://ror.org/04mmhzs81,ARM (United Kingdom),ARM (United Kingdom),GB,OpenAlex
https://ror.org/00qxm3x60,Biological E (India),Biological E (India)|Biological Products|BE,IN,OpenAlex
https://ror.org/058646248,Gemini Computers (United States),Gemini Computers (United States),US,OpenAlex
https://ror.org/036gec653,Futurewei Technologies (United States),"Futurewei|Futurewei Technologies (United States)|Futurewei Technologies Inc.|Futurewei Technologies, Inc.",US,OpenAlex
https://ror.org/054grzz74,Virtual Technology (United States),Virtual Technology (United States)|VTLLC,US,OpenAlex
https://ror.org/059g90c15,Pfizer (Canada),Pfizer (Canada),CA,OpenAlex
https://ror.org/00w3adw05,Ramboll (Denmark),Ramboll (Denmark)|Ramboll Group|Rambøll & Hannemann,DK,OpenAlex
https://ror.org/03hm8w204,Pharmacyclics (United States),Pharmacyclics (United States),US,OpenAlex
https://ror.org/05hxvc906,Solvay (Netherlands),Solvay (Netherlands),NL,OpenAlex
https://ror.org/02z602v88,Daewoo Electronics (South Korea),Daewoo Electronics (South Korea)|Dongbu Daewoo Electronics,KR,OpenAlex
https://ror.org/051eg6511,Energy International (United States),Energy International (United States),US,OpenAlex
https://ror.org/05bf2vj98,Sanofi (United Kingdom),Sanofi (United Kingdom),GB,OpenAlex
https://ror.org/03qxrge70,Fiat Chrysler Automobiles (United States),Fiat Chrysler Automobiles (United States)|Fiat Group Automobiles|FCA,US,OpenAlex
https://ror.org/05pvryz52,IQ Solutions,IQ Solutions,US,OpenAlex
https://ror.org/01kc9n234,BGC Engineering (Canada),BGC Engineering (Canada),CA,OpenAlex
https://ror.org/05e41x347,MED-EL (Austria),MED-EL (Austria),AT,OpenAlex
https://ror.org/038hqfn26,Alkermes (United States),Alkermes (United States),US,OpenAlex
https://ror.org/038147z68,Promotora de Informaciones (Spain),Promotora de Informaciones (Spain)|PRISA,ES,OpenAlex
https://ror.org/020gf7g55,Mosaiques Diagnostics and Therapeutics (Germany),Mosaiques Diagnostics and Therapeutics (Germany),DE,OpenAlex
https://ror.org/02zn9x324,INTRASOFT International (Luxembourg),INTRASOFT International (Luxembourg),LU,OpenAlex
https://ror.org/018ry6c52,"Japan Petroleum Exploration Co., Ltd. (Japan)","Japan Petroleum Exploration|Japan Petroleum Exploration Co., Ltd.|Japan Petroleum Exploration Co., Ltd. (Japan)|石油資源開発株式会社|JAPEX",JP,OpenAlex
https://ror.org/000466g76,Techniker Krankenkasse (Germany),Techniker Krankenkasse (Germany)|TK,DE,OpenAlex
https://ror.org/001641630,Thames Water (United Kingdom),Thames Water (United Kingdom)|Thames Water Utilities,GB,OpenAlex
https://ror.org/00c6xam17,Gezhouba Group (China),China Gezhouba Group Company|Gezhouba Group (China)|中国葛洲坝集团股份有限公司,CN,OpenAlex
https://ror.org/01mbh6s37,PricewaterhouseCoopers (South Korea),PricewaterhouseCoopers (South Korea)|PwC,KR,OpenAlex
https://ror.org/01z9k3j07,Ramboll (United Kingdom),Ramboll (United Kingdom)|Ramboll Group|Rambøll & Hannemann,GB,OpenAlex
https://ror.org/05mw5ed57,Baxter (Sweden),Baxter (Sweden),SE,OpenAlex
https://ror.org/0562tzd79,Rina Services (Italy),Registro Italiano Navale|Rina Services (Italy)|RINA,IT,OpenAlex
https://ror.org/031e3n874,Hellenic Telecommunications Organization (Greece),Hellenic Telecommunications Organization (Greece)|Organismos Tilepikinonion Ellados AE|OTE,GR,OpenAlex
https://ror.org/01j7j0055,Lear (Spain),Lear (Spain),ES,OpenAlex
https://ror.org/03j7mxz67,Omega Optics (United States),Omega Optics (United States),US,OpenAlex
https://ror.org/04dgkhg68,Snap (United States),Snap (United States)|Snapchat,US,OpenAlex
https://ror.org/04zh2hd39,Yunnan Investment Group (China),Yunnan Investment Group (China)|云投集团,CN,OpenAlex
https://ror.org/001gbdr73,Beijing VDJBio (China),Beijing VDJBio (China)|Beijing-Djemba Biotechnology Limited,CN,OpenAlex
https://ror.org/02vkbzw76,PAREXEL International (United States),PAREXEL International (United States),US,OpenAlex
https://ror.org/05rbhea42,Centre for Advanced Study,Centre for Advanced Study|CAS,NO,OpenAlex
https://ror.org/021wvan87,Qi2,Flow Research|Qi2,US,OpenAlex
https://ror.org/02pf7bx90,Arrow International (United States),Arrow International (United States),US,OpenAlex
https://ror.org/02ztwrd91,JAC Motors (China),Anhui Jianghuai Automobile|Hefei Jianghuai Automobile|JAC Motors (China)|江淮汽车,CN,OpenAlex
https://ror.org/03mcj3013,Detection Limit (United States),Detection Limit (United States),US,OpenAlex
https://ror.org/05f0vmf18,Hanwha Techwin (South Korea),Hanwha Techwin (South Korea)|Samsung Techwin|한화테크윈,KR,OpenAlex
https://ror.org/04v8c9r98,Fidelity Investments (United States),Fidelity Investments (United States)|Fidelity Management and Research|FMR,US,OpenAlex
https://ror.org/04tfkjn57,Wacker (United States),Wacker (United States),US,OpenAlex
https://ror.org/0220z0193,Scope Group (United States),Scope Group (United States),US,OpenAlex
https://ror.org/00begqh73,General Electric (New Zealand),General Electric (New Zealand)|GE,NZ,OpenAlex
https://ror.org/03j353w33,Berry (United States),Berry (United States)|Berry Plastics,US,OpenAlex
https://ror.org/03tx9ss94,Cytokinetics (United States),Cytokinetics (United States),US,OpenAlex
https://ror.org/04xpgws89,Toshiba Mitsubishi-Electric Industrial Systems Corporation (Japan),Toshiba Mitsubishi Denki Sangyo Shisutemu Kabushiki-gaisha|Toshiba Mitsubishi-Electric Industrial Systems Corporation (Japan)|東芝三菱電機産業システム株式会社|TMEIC,JP,OpenAlex
https://ror.org/05dbapj97,Schaeffler (Germany),Schaeffler (Germany),DE,OpenAlex
https://ror.org/035v3d332,BIOVIA,Accelrys|BIOVIA,,OpenAlex
https://ror.org/02vymnc26,Sanitas (Spain),Sanitas|Sanitas (Spain)|Sanitas Sociedad Anonima de Seguros,ES,OpenAlex
https://ror.org/00z0wts96,Fuji Chemical Industries (Japan),Fuji Chemical Industries (Japan)|富士化学工業株式会社,JP,OpenAlex
https://ror.org/02gv1pt92,EVRAZ (United Kingdom),EVRAZ (United Kingdom),GB,OpenAlex
https://ror.org/03va9ng43,Idorsia (Switzerland),Idorsia|Idorsia (Switzerland)|Idorsia Ltd,CH,OpenAlex
https://ror.org/03mmk1j33,Blackberry (Canada),Blackberry (Canada)|Research In Motion Limited|RIM,CA,OpenAlex
https://ror.org/00tg1yh20,Aetna (United States),Aetna (United States),US,OpenAlex
https://ror.org/02bb4dw78,CJ CheilJedang (South Korea),CJ CheilJedang (South Korea)|씨제이제일제당 주식회사,KR,OpenAlex
https://ror.org/04p3nq874,Sunoco (United States),Sun Oil Company|Sunoco (United States),US,OpenAlex
https://ror.org/00hnyb151,Luna Innovations (United States),Luna Innovations (United States),US,OpenAlex
https://ror.org/016t76z82,Mitsubishi Motors (Japan),Mitsubishi Jidōsha Kōgyō|Mitsubishi Motors (Japan)|三菱自動車工業株式会社,JP,OpenAlex
https://ror.org/01k1ftz35,Novartis (Japan),Novartis (Japan)|ノバルティス ファーマ株式会社,JP,OpenAlex
https://ror.org/02pz14q94,Shinko Electric Industries (Japan),Shinko Electric Industries (Japan)|Sinfonia Technology|新光電気工業,JP,OpenAlex
https://ror.org/052xgjt73,Airbus Defence and Space GmbH (Germany),Airbus DS|Airbus Defence and Space GmbH|Airbus Defence and Space GmbH (Germany),DE,OpenAlex
https://ror.org/00t625d81,John Deere (United States),Deere & Company|John Deere (United States),US,OpenAlex
https://ror.org/03g8mak77,Lubrizol (United States),"Lubrizol|Lubrizol (United States)|Lubrizol Advanced Materials, Inc.",US,OpenAlex
https://ror.org/01kpwv903,Capital Fund Management (France),Capital Fund Management (France)|CFM,FR,OpenAlex
https://ror.org/00fp6fj05,NetEase (China),NetEase (China)|网易,CN,OpenAlex
https://ror.org/04trz4q34,Theriva Biologics (United States),Synthetic Biologics|Theriva Biologics|Theriva Biologics (United States),US,OpenAlex
https://ror.org/05bmt7297,Consolidated Edison (United States),Con Ed|Con Edison|Consolidated Edison (United States),US,OpenAlex
https://ror.org/01r74wp43,Syneos Health (United States),Syneos Health (United States),US,OpenAlex
https://ror.org/03wxv1976,Timken (United States),Timken (United States),US,OpenAlex
https://ror.org/02571vb36,Levi Strauss (United States),Levi Strauss (United States),US,OpenAlex
https://ror.org/03e7zen21,Volvo (United States),AB Volvo|Volvo (United States),US,OpenAlex
https://ror.org/006s9y688,Ingersoll Rand (United States),Ingersoll Rand (United States),US,OpenAlex
https://ror.org/04npy5k94,Intracom Telecom (Greece),Intracom Telecom (Greece),GR,OpenAlex
https://ror.org/04srtdn04,Weidlinger Associates (United States),Weidlinger Associates (United States),US,OpenAlex
https://ror.org/02m4v1f10,Energy Transitions (United Kingdom),Energy Transitions (United Kingdom),GB,OpenAlex
https://ror.org/043v0a663,Shijiazhuang Yiling Pharmaceutical (China),Shijiazhuang Yiling Pharmaceutical (China)|石家庄以岭药业股份有限公司 营业,CN,OpenAlex
https://ror.org/04b8zcj45,Roche (Spain),Hoffmann-La Roche|Roche (Spain),ES,OpenAlex
https://ror.org/02j65kc59,Simcyp (United Kingdom),Simcyp (United Kingdom),GB,OpenAlex
https://ror.org/0338vpb86,Microelectronics Research Development (United States),Micro-RDC|Microelectronics Research Development (United States),US,OpenAlex
https://ror.org/0457cab92,Miyoshi Kasei (Japan),Miyoshi Kasei (Japan)|三好化成株式会社,JP,OpenAlex
https://ror.org/055m49s16,NTT DATA Group Corporation (Japan),NTT DATA|NTT DATA Corporation|NTT DATA Corporation (Japan)|NTT DATA Group Corporation|株式会社エヌ・ティ・ティ・データ|株式会社ＮＴＴデータグループ,JP,OpenAlex
https://ror.org/055c6bd74,Veeco (United States),Veeco (United States)|Veeco Instruments,US,OpenAlex
https://ror.org/0185yec04,Benchmark Research (United States),Benchmark Research (United States),US,OpenAlex
https://ror.org/03e0mxz52,Intelligent Energy (United Kingdom),Intelligent Energy (United Kingdom),GB,OpenAlex
https://ror.org/05g1qrw85,Yes Technologies (United States),"Yellowstone Environmental Science, Inc|Yes Technologies (United States)",US,OpenAlex
https://ror.org/01ynheb59,Sensor Electronics (United States),Sensor Electronics (United States),US,OpenAlex
https://ror.org/03m7mhz19,Ferring Pharmaceuticals (Denmark),Ferring Pharmaceuticals (Denmark),DK,OpenAlex
https://ror.org/03xptpz88,Polar (Finland),Polar (Finland),FI,OpenAlex
https://ror.org/03q1pf281,Central Glass (Japan),"Central Glass (Japan)|Ube Soda Industry Co., Ltd|セントラル硝子株式会社",JP,OpenAlex
https://ror.org/02fqepy07,Cree (China),Cree (China),CN,OpenAlex
https://ror.org/012k6p920,National Microelectronics Applications Centre (Ireland),National Microelectronics Applications Centre (Ireland),IE,OpenAlex
https://ror.org/03ck8xc11,CDM Smith (United States),CDM Smith (United States),US,OpenAlex
https://ror.org/05th81a29,TE Laboratories (Ireland),TE Laboratories (Ireland)|TelLab,IE,OpenAlex
https://ror.org/05232hy51,Statnett (Norway),Statnett (Norway),NO,OpenAlex
https://ror.org/0113m2308,General Dynamics (Canada),General Dynamics (Canada)|GD,CA,OpenAlex
https://ror.org/02cxh9170,Boston Engineering (United States),Boston Engineering (United States),US,OpenAlex
https://ror.org/02ehf4193,Block Engineering (United States),Block Engineering (United States),US,OpenAlex
https://ror.org/04k99et05,Syngene International (India),Syngene International (India),IN,OpenAlex
https://ror.org/01kxqsy59,Atos (Spain),Atos (Spain),ES,OpenAlex
https://ror.org/03gyzpb04,ALK-Abelló (Denmark),ALK-Abelló (Denmark)|ALK,DK,OpenAlex
https://ror.org/02fb00x56,Eiffage (France),Eiffage (France),FR,OpenAlex
https://ror.org/03r8cvf94,STATinMED (United States),STATinMED (United States),US,OpenAlex
https://ror.org/05wrggx03,Dentsply Sirona (United States),Dentsply Sirona (United States),US,OpenAlex
https://ror.org/04rtztn12,Abt Associates (Nepal),Abt Associates (Nepal),NP,OpenAlex
https://ror.org/01139ec29,Thermo Fisher Scientific (Netherlands),Thermo Fisher Scientific (Netherlands),NL,OpenAlex
https://ror.org/05333yg23,Hitachi Engineering (Japan),Hitachi Engineering (Japan)|株式会社 日立エンジニアリング,JP,OpenAlex
https://ror.org/025jhd967,"Systems, Applications & Products in Data Processing (Canada)","Systeme, Anwendungen und Produkte in der Datenverarbeitung|Systems, Applications & Products in Data Processing (Canada)|SAP",CA,OpenAlex
https://ror.org/03j057g08,Shenyang Academy of Environmental Sciences (China),Shenyang Academy of Environmental Sciences (China)|沈阳环境科学研究院,CN,OpenAlex
https://ror.org/04wmff902,Marvell (United States),Marvell (United States)|Marvell Technology Group,US,OpenAlex
https://ror.org/0255w3r50,Amway (United States),American Way|Amway (United States),US,OpenAlex
https://ror.org/04erezm33,Dompé (Italy),Dompé (Italy),IT,OpenAlex
https://ror.org/01qpq3w78,Golder Associates (United States),Golder Associates (United States),US,OpenAlex
https://ror.org/03x8vck69,Sinochem Group (China),Sinochem Group (China)|中国中化集团公司,CN,OpenAlex
https://ror.org/003pdcw24,Vestas (Denmark),Vestas (Denmark)|Vestas Wind Systems A/S,DK,OpenAlex
https://ror.org/00q6hxz03,AST Products (United States),AST Products (United States),US,OpenAlex
https://ror.org/00z74rd31,Shanghai FRP Research Institute (China),Shanghai FRP Research Institute (China)|上海玻璃钢研究所|SHFRP,CN,OpenAlex
https://ror.org/04mdycw91,Eurofins (France),Eurofins (France)|Eurofins Scientific,FR,OpenAlex
https://ror.org/00qshf138,"Furukawa Co., Ltd. (Japan)","Furukawa|Furukawa Co., Ltd.|Furukawa Co., Ltd. (Japan)|古河機械金属株式会社",JP,OpenAlex
https://ror.org/04kyfd050,Astellas Pharma (Netherlands),Astellas Pharma (Netherlands)|Asuterasu Seiyaku Kabushiki-gaisha,NL,OpenAlex
https://ror.org/02n8xct56,Digital Health Cooperative Research Centre,Digital Health|Digital Health CRC|Digital Health Cooperative Research Centre,AU,OpenAlex
https://ror.org/01rqzkn19,Oerlikon (Liechtenstein),Oerlikon (Liechtenstein)|Oerlikon Balzers,LI,OpenAlex
https://ror.org/03ff0a472,TNB Research (Malaysia),TNB Research (Malaysia)|TNB Research Sdn. Bhd.|TNBR,MY,OpenAlex
https://ror.org/03d9a6q43,Ecolab (United Kingdom),Ecolab (United Kingdom),GB,OpenAlex
https://ror.org/002x06r10,Agios Pharmaceuticals (United States),Agios Pharmaceuticals (United States),US,OpenAlex
https://ror.org/0057m5255,JEOL (United States),JEOL (United States),US,OpenAlex
https://ror.org/00mwcg389,Ferrer Grupo (Spain),Ferrer Grupo (Spain),ES,OpenAlex
https://ror.org/02s0wcj29,Taiwan Semiconductor Manufacturing Company (China),Taiwan Semiconductor|Taiwan Semiconductor Manufacturing Company (China)|Táiwān Jītǐ Diànlù Zhìzào Gōngsī|台灣積體電路製造公司|TSMC,CN,OpenAlex
https://ror.org/03kmak902,Böhler Edelstahl (Austria),Böhler Edelstahl (Austria),AT,OpenAlex
https://ror.org/04qxks937,Kemira (Finland),Kemira (Finland),FI,OpenAlex
https://ror.org/00p99t114,Abbott Nutrition (United States),Abbott Nutrition|Abbott Nutrition (United States),,OpenAlex
https://ror.org/00mrxhs61,Calico Life Sciences,Calico|Calico Life Sciences|Calico Life Sciences LLC|Calicolabs|California Life Company,US,OpenAlex
https://ror.org/05k25vk24,Saudi Arabia Basic Industries (United States),Saudi Arabia Basic Industries (United States)|SABIC,US,OpenAlex
https://ror.org/03vz6gs79,AMS (Austria),AMS (Austria)|Austriamicrosystems AG,AT,OpenAlex
https://ror.org/02b00gr50,Teradyne (United States),Teradyne (United States),US,OpenAlex
https://ror.org/00bvkj141,GS Caltex (South Korea),GS Caltex (South Korea)|LG-Caltex Oil,KR,OpenAlex
https://ror.org/01n5p4z29,Stantec (United States),Stantec (United States),US,OpenAlex
https://ror.org/03b7gey53,Tianma Microelectronics (China),Tianma|Tianma Microelectronics (China)|天 马微电子股份有限公司,CN,OpenAlex
https://ror.org/042k07j95,Quartz Corp (Norway),Quartz Corp (Norway),NO,OpenAlex
https://ror.org/05c2mc090,Immunovaccine (Canada),Immunovaccine (Canada),CA,OpenAlex
https://ror.org/045a3ww30,"Institute of Nuclear Safety System, Inc. (Japan)","Institute of Nuclear Safety System, Inc.|Institute of Nuclear Safety System, Inc. (Japan)|株式会社原子力安全システム研究所|INSS",JP,OpenAlex
https://ror.org/001d3rx39,Milliman (United States),Milliman & Robertson|Milliman (United States),US,OpenAlex
https://ror.org/00v8s1x79,Airbus (Italy),Airbus (Italy),IT,OpenAlex
https://ror.org/000hew328,Knowles (United States),Knowles (United States),US,OpenAlex
https://ror.org/03a23ph14,Kureha (Japan),K.K. Kureha|Kabushiki kaisha Kureha|Kureha (Japan)|株式会社クレハ,JP,OpenAlex
https://ror.org/040d4nb67,Pharmerit (United States),Pharmerit (United States),US,OpenAlex
https://ror.org/02538qk16,Wisdom Health (United States),Wisdom Health (United States),US,OpenAlex
https://ror.org/04rfpye28,Applied Sciences Laboratory (United States),Applied Sciences Laboratory (United States)|ASL,US,OpenAlex
https://ror.org/03nt0pm37,Roketsan,ROKETSAN|Roket Sanayii ve Ticaret A.Ş.|Roketsan,TR,OpenAlex
https://ror.org/01j538c21,Evotec (United States),Evotec (United States),US,OpenAlex
https://ror.org/01dpe0a21,Cell Biotech (South Korea),Cell Biotech (South Korea)|쎌바이오텍,KR,OpenAlex
https://ror.org/02magnn81,CESI (Italy),CESI (Italy)|Centro Elettrotecnico Sperimentale Italiano,IT,OpenAlex
https://ror.org/02av9qc14,Protein Metrics (United States),Protein Metrics (United States),US,OpenAlex
https://ror.org/04pvywd96,Microsystems (United Kingdom),Microsystems (United Kingdom),GB,OpenAlex
https://ror.org/04r99rr28,Swift Engineering (United States),Swift Engineering (United States),US,OpenAlex
https://ror.org/00hbq5j06,Ecogenomics (Japan),Ecogenomics (Japan),JP,OpenAlex
https://ror.org/02a4rw748,Kosovo Telecom (Kosovo),"Kosovo Telecom (Kosovo)|Telekomi i Kosovës|The Post, Telephone and Telegraph of Kosovo|Телеком Косова|PTK",XK,OpenAlex
https://ror.org/0385et328,R2M Solution (Italy),R2M Solution (Italy),IT,OpenAlex
https://ror.org/00mv2dn46,China Railway 18th Bureau Group Corporation,China Railway 18th Bureau Group Co.|China Railway 18th Bureau Group Corporation|中铁十八局集团有限公司|CRCC,,OpenAlex
https://ror.org/047305x76,Verily Life Sciences LLC (United States),Google Life Sciences|Verily|Verily Health|Verily Life Sciences|Verily Life Sciences LLC|Verily Life Sciences LLC (United States),US,OpenAlex
https://ror.org/02jfw4p72,CVS Health (United States),CVS Caremark Corporation|CVS Corporation|CVS Health (United States)|Consumer Value Stores,US,OpenAlex
https://ror.org/03tw6b878,D-Tech (United States),D-Tech (United States),US,OpenAlex
https://ror.org/055txj157,Gerresheimer (Germany),Gerresheimer (Germany)|Gerresheimer Glass,DE,OpenAlex
https://ror.org/015bz4634,Agfa-Gevaert (Belgium),Agfa|Agfa-Gevaert (Belgium),BE,OpenAlex
https://ror.org/014cdjz51,Lallemand (France),Lallemand (France),FR,OpenAlex
https://ror.org/013yrxa12,Arsenal Medical (United States),Arsenal Medical (United States),US,OpenAlex
https://ror.org/05gptew44,National Computing Centre (United Kingdom),National Computing Centre (United Kingdom)|NCC,GB,OpenAlex
https://ror.org/04hydf024,Oceaneering International (United States),Oceaneering International (United States),US,OpenAlex
https://ror.org/03j93xk55,Zhejiang Hisun Pharmaceutical (China),Zhejiang Hisun Pharmaceutical (China),CN,OpenAlex
https://ror.org/04fbd2g40,BioNTech (Germany),BioNTech (Germany)|Biopharmaceutical New Technologies,DE,OpenAlex
https://ror.org/00xectf18,Weston Solutions (United States),Weston Solutions (United States),US,OpenAlex
https://ror.org/02knntf03,IJ Research (United States),IJ Research (United States),US,OpenAlex
https://ror.org/02hmjce72,Medtronic (Netherlands),Medtronic (Netherlands),NL,OpenAlex
https://ror.org/01dxm2p72,Saipem (Italy),Saipem (Italy)|Società Anonima Italiana Perforazioni E Montaggi,IT,OpenAlex
https://ror.org/003m2d425,United BioSource Corporation (United Kingdom),United BioSource Corporation (United Kingdom),GB,OpenAlex
https://ror.org/03dqpq202,MPI Research (United States),MPI Research (United States),US,OpenAlex
https://ror.org/05g9srn20,Aker BP (Norway),Aker BP (Norway)|Aker BP ASA,NO,OpenAlex
https://ror.org/00p3nsd37,Ulverscroft (United Kingdom),Ulverscroft (United Kingdom),GB,OpenAlex
https://ror.org/030mq9680,State Development & Investment Corporation (China),State Development & Investment Corporation (China)|国家开发投资公司|SDIC,CN,OpenAlex
https://ror.org/011f5zy27,Oceanpribor (Russia),"Central Research Institute ""Morfizpribor""|JSC ""Concern"" Oceanpribor|Oceanpribor (Russia)|Океанприбор",RU,OpenAlex
https://ror.org/0434xpc34,Panorama Research (United States),Panorama Research (United States)|PRI,US,OpenAlex
https://ror.org/01b06j989,Ubiquitous Energy (United States),Ubiquitous Energy (United States),US,OpenAlex
https://ror.org/038b3cg44,Bennett Aerospace (United States),Bennett Aerospace (United States),US,OpenAlex
https://ror.org/057mm6758,MEI Technologies (United States),MEI Technologies (United States)|MEIT,US,OpenAlex
https://ror.org/01k4vzb64,Endo Pharmaceuticals (United States),Endo International|Endo Pharmaceuticals (United States),US,OpenAlex
https://ror.org/027x7jn80,NeuroSearch (Denmark),NeuroSearch (Denmark),DK,OpenAlex
https://ror.org/025e41s54,Spectral Energies (United States),Spectral Energies (United States)|SE,US,OpenAlex
https://ror.org/05k1xe006,Shandong Provincial Communications Planning and Design Institute (China),Shandong Provincial Communications Planning and Design Institute (China)|Shandong Provincial Transportation Planning and Design Institute|山东省交通规划设计院|SDCPD,CN,OpenAlex
https://ror.org/00vj60w13,Piramal (India),Piramal (India)|Piramal Healthcare Limited,IN,OpenAlex
https://ror.org/05wdyxj97,Kyocera (United States),Kyocera (United States),US,OpenAlex
https://ror.org/01jyh4590,Solvay (France),Solvay (France),FR,OpenAlex
https://ror.org/02r89nc92,Medication Management (United States),Medication Management (United States),US,OpenAlex
https://ror.org/01a8wgs29,Straumann (Switzerland),Straumann (Switzerland),CH,OpenAlex
https://ror.org/0075mfb88,Sharp Laboratories of Europe (United Kingdom),Sharp Laboratories of Europe (United Kingdom),GB,OpenAlex
https://ror.org/01znsh139,British American Tobacco (United Kingdom),British American Tobacco (United Kingdom)|BAT,GB,OpenAlex
https://ror.org/00vtxwp63,Aisin (Japan),Aishin Seiki Kabushiki Kaisha|Aisin (Japan)|アイシン精機株式会社,JP,OpenAlex
https://ror.org/018788w33,Astellas Pharma (United Kingdom),Astellas Pharma (United Kingdom)|Asuterasu Seiyaku Kabushiki-gaisha,GB,OpenAlex
https://ror.org/01qfa5t68,Hitachi Maxell (Japan),Hitachi Makuseru Kabushiki-gaisha|Hitachi Maxell (Japan)|Maxell|日立マクセル株式会社,JP,OpenAlex
https://ror.org/03a502s36,Orbital ATK (United States),Orbital ATK (United States),US,OpenAlex
https://ror.org/03gyd9q58,Annoroad Gene Technology (China),Annoroad Gene Technology (China),CN,OpenAlex
https://ror.org/03phkbp27,Wolters Kluwer Health,Wolters Kluwer Health|Wolters Kluwer Health (New Zealand),NZ,OpenAlex
https://ror.org/03xn5qf90,Adelwitz Technologiezentrum (Germany),Adelwitz Technologiezentrum (Germany)|ATZ,DE,OpenAlex
https://ror.org/05ctcx759,Dong-A Pharmaceutical (South Korea),Dong-A Pharmaceutical (South Korea),KR,OpenAlex
https://ror.org/05dbs4128,O2 Czech Republic (Czechia),O2 Czech Republic (Czechia),CZ,OpenAlex
https://ror.org/01v7jrq42,Vodafone (United Kingdom),Vodafone (United Kingdom),GB,OpenAlex
https://ror.org/00rhvvr45,China Railway Shanghai Design Institute Group (China),China Railway Shanghai Design Institute Group (China)|Shanghai Railways Institute|中铁上海设计院集团,CN,OpenAlex
https://ror.org/03eqf3910,Scientific Methods (United States),Scientific Methods (United States),US,OpenAlex
https://ror.org/01faxnv78,Tractebel Engineering (Belgium),Tractebel Engineering (Belgium),BE,OpenAlex
https://ror.org/05ykp4255,Epson (United States),Epson (United States)|Seiko Epson Corporation,US,OpenAlex
https://ror.org/015xqq593,Heat Transfer Research (United States),Heat Transfer Research (United States)|HTRI,US,OpenAlex
https://ror.org/025jqxp42,Verlab (Bosnia and Herzegovina),Verlab (Bosnia and Herzegovina),BA,OpenAlex
https://ror.org/020z2z230,Enbridge Inc. (Canada),Enbridge|Enbridge Gas|Enbridge Inc.|Enbridge Inc. (Canada)|ENB,CA,OpenAlex
https://ror.org/02nt9wa64,a.i. solutions (United States),a.i. solutions (United States),US,OpenAlex
https://ror.org/00emjrx81,State Grid Nanjing Power Supply Company (China),Nanjing Power Supply Company|State Grid Nanjing Power Supply Company|State Grid Nanjing Power Supply Company (China)|国网江苏省电力有限公司|NJPSC,CN,OpenAlex
https://ror.org/03k9mxr81,Danish Gas Technology Centre (Denmark),Danish Gas Technology Centre (Denmark)|DGC,DK,OpenAlex
https://ror.org/04e4db319,Infineon Technologies (United States),Infineon Technologies (United States),US,OpenAlex
https://ror.org/04w702289,Siemens (Belgium),Siemens (Belgium),BE,OpenAlex
https://ror.org/0484fgk51,Institut für Pflanzenkultur (Germany),Institut für Pflanzenkultur (Germany)|IFP,DE,OpenAlex
https://ror.org/00fzs3g26,China Tobacco Guangxi Industrial (China),China Tobacco Guangxi Industrial (China)|广西中烟工业有限责任公司,CN,OpenAlex
https://ror.org/01z7k2z53,Systems Dynamics (United States),Systems Dynamics (United States)|SDI,US,OpenAlex
https://ror.org/05y5sz883,Sequoia (United States),Sequoia (United States)|Sequoia Technologies,US,OpenAlex
https://ror.org/00msez306,Superconductor Technologies (United States),Superconductor Technologies (United States)|STI,US,OpenAlex
https://ror.org/038ny6229,RED Consulting (Norway),RED Consulting (Norway),NO,OpenAlex
https://ror.org/052b58660,Shandong Electric Power Engineering Consulting Institute Corp,Shandong Electric Power Engineering Consulting Institute Corp|山东电力工程咨询院有限公司|SDEPCI,CN,OpenAlex
https://ror.org/02jymes45,Skyworks Solutions (United States),Skyworks Solutions (United States),US,OpenAlex
https://ror.org/01b5d7p48,Schlumberger (France),Schlumberger (France),FR,OpenAlex
https://ror.org/01a5r1q21,Berry & Associates (United States),Berry & Associates (United States)|BA,US,OpenAlex
https://ror.org/01bqq8340,Kunshan Govisionox Optoelectronic (China),Kunshan Govisionox Optoelectronic (China)|昆山国显光电有限公司|GVO,CN,OpenAlex
https://ror.org/02raka351,Imperial Metals (Canada),Imperial Metals (Canada),CA,OpenAlex
https://ror.org/059saq786,Teikoku Pharma (United States),Teikoku Pharma (United States)|TPU,US,OpenAlex
https://ror.org/01851c371,Itron (United States),Itron (United States),US,OpenAlex
https://ror.org/01fgq8278,DSM (Switzerland),DSM (Switzerland),CH,OpenAlex
https://ror.org/02kbe5v55,Terumo (Japan),Sekisen Ken-onki Corporation|Terumo (Japan)|Terumo Kabushiki-gaisha|テルモ株式会社,JP,OpenAlex
https://ror.org/00cwr8424,Gad Consulting Services (United States),Gad Consulting Services (United States),US,OpenAlex
https://ror.org/05v2ymc15,Nisshin Steel (Japan),Nisshin Steel (Japan)|日新製鋼株式会社,JP,OpenAlex
https://ror.org/00rey4c89,General Electric (Canada),Canadian General Electric|GE Canada|General Electric (Canada)|CGE,CA,OpenAlex
https://ror.org/01fbet514,BioChem Technology (United States),BioChem Technology (United States),US,OpenAlex
https://ror.org/0376hjh49,Imperial Consultants,Imperial Consultants|ICON,GB,OpenAlex
https://ror.org/00q2mch05,Charles River Laboratories (United Kingdom),Charles River Laboratories (United Kingdom)|CRL,GB,OpenAlex
https://ror.org/05g9s8164,Gallagher (United States),Arthur J. Gallagher & Co|Gallagher (United States)|AJG,US,OpenAlex
https://ror.org/057j7ch92,National Bank of Greece (Greece),National Bank of Greece (Greece)|Εθνική Τράπεζα της Ελλάδος|NBG,GR,OpenAlex
https://ror.org/001xgg719,Metal Matrix Cast Composites (United States),Metal Matrix Cast Composites (United States)|MMCC,US,OpenAlex
https://ror.org/03ceayq64,Rheinmetall (Switzerland),Rheinmetall (Switzerland),CH,OpenAlex
https://ror.org/05qqnvx16,Metropolitana Milanese (Italy),Metropolitana Milanese (Italy)|MM,IT,OpenAlex
https://ror.org/04pm6wp87,Smiths Detection (Canada),Smiths Detection (Canada),CA,OpenAlex
https://ror.org/057yrm276,Schweitzer Engineering Laboratories (United States),"Schweitzer Engineering Laboratories|Schweitzer Engineering Laboratories (United States)|Schweitzer Engineering Laboratories, Inc.|SEL",US,OpenAlex
https://ror.org/01s5rx042,Surrey Satellite Technology (United Kingdom),Surrey Satellite Technology (United Kingdom)|SSTL,GB,OpenAlex
https://ror.org/03q7jt003,Flex (United States),Flex (United States)|Flextronics|Flextronics International,US,OpenAlex
https://ror.org/007kf2g74,Gamesa (Spain),Gamesa (Spain)|Gamesa Corporación Tecnológica|Grupo Auxiliar Metalúrgico,ES,OpenAlex
https://ror.org/01rpq5x59,Syntek Technologies (United States),Syntek Technologies (United States),US,OpenAlex
https://ror.org/01jcgc273,Advanced Coatings (Belgium),Advanced Coatings (Belgium),BE,OpenAlex
https://ror.org/05258cy55,Genmab (United States),Genmab (United States),US,OpenAlex
https://ror.org/03yvav120,Nikki-Universal (Japan),Nikki-Universal (Japan)|日揮ユニバーサル株式会社は|N-U,JP,OpenAlex
https://ror.org/04cyww122,MilliporeSigma (United States),EMD Millipore|MilliporeSigma (United States),US,OpenAlex
https://ror.org/02njhsx22,Alps Electric (Japan),Alps Electric (Japan)|アルプス電気株式会社,JP,OpenAlex
https://ror.org/01rwa6k95,Kongsberg Innovasjon (Norway),Kongsberg Innovasjon (Norway)|KI,NO,OpenAlex
https://ror.org/05qwvj556,China National Heavy Duty Truck Group (China),China National Heavy Duty Truck Group (China)|Sinotruk Group|中国重型汽车集团有限公司|CNHTC,CN,OpenAlex
https://ror.org/00z21v095,Abbott (Canada),Abbott (Canada),CA,OpenAlex
https://ror.org/03v79p997,Cidete (Spain),Cidete (Spain),ES,OpenAlex
https://ror.org/03z6tkz58,Element Six (United States),Element Six (United States),US,OpenAlex
https://ror.org/055bszj51,Peptide Institute (Japan),Peptide Institute (Japan)|株式会社ペプチド研究所,JP,OpenAlex
https://ror.org/00148fb49,Merck Serono Ltd. (United Kingdom),Merck (United Kingdom)|Merck Serono Ltd. (United Kingdom),GB,OpenAlex
https://ror.org/01ett0051,Research Institute of Precision Instruments (Russia),"Research Institute of Precision Instruments (Russia)|Научно-исследовательский институт прецизионных приборов|JSC ""NII TP""",RU,OpenAlex
https://ror.org/02jm9xx29,Medecell (Brazil),Medecell (Brazil),BR,OpenAlex
https://ror.org/04xmnv894,Brewer Science (United States),Brewer Science (United States),US,OpenAlex
https://ror.org/0202k4b21,TiGenix (Spain),TiGenix (Spain),ES,OpenAlex
https://ror.org/05g2jq450,Česká Zbrojovka (Czechia),Česká Zbrojovka (Czechia)|ČZ,CZ,OpenAlex
https://ror.org/04dbmrm19,Bristol-Myers Squibb (Japan),Bristol-Myers Squibb (Japan)|ブリストル・マイヤーズ スクイブ|BMS,JP,OpenAlex
https://ror.org/0436hqh35,MAPNA Group (Iran),MAPNA Group (Iran),IR,OpenAlex
https://ror.org/04hxnp039,Danone Nutricia Research (Netherlands),Danone Nutricia Research|Danone Nutricia Research (Netherlands),,OpenAlex
https://ror.org/012ae7p27,Italtel (Italy),Italtel (Italy),IT,OpenAlex
https://ror.org/007s2zd20,Nanosc (Sweden),Nanosc (Sweden),SE,OpenAlex
https://ror.org/00hw5pa98,Hunan Agricultural Products (China),Hunan Agricultural Products (China)|湖南农产品,CN,OpenAlex
https://ror.org/02ed5f444,Ligand Pharmaceuticals (United States),Ligand Pharmaceuticals (United States)|Progenx,US,OpenAlex
https://ror.org/036246q84,Box (United States),Box (United States)|Box.net,US,OpenAlex
https://ror.org/03qwpn290,Johnson & Johnson (United Kingdom),Johnson & Johnson (United Kingdom)|J&J,GB,OpenAlex
https://ror.org/02yf7vb16,PepsiCo (United Kingdom),PepsiCo (United Kingdom),GB,OpenAlex
https://ror.org/0060jg679,CyberAgent (Japan),CyberAgent (Japan),JP,OpenAlex
https://ror.org/048zn2n32,Ontotext (Bulgaria),Ontotext (Bulgaria),BG,OpenAlex
https://ror.org/0470vke61,Leonardo (Italy),Finmeccanica (Italy)|Leonardo (Italy),IT,OpenAlex
https://ror.org/02pzg9066,China Railway Major Bridge Reconnaissance & Design Institute (China),China Railway Major Bridge Reconnaissance & Design Institute (China)|中国铁路大桥勘察设计院,CN,OpenAlex
https://ror.org/02mrcx295,Creare (United States),Creare (United States),US,OpenAlex
https://ror.org/04xe7ws48,Advanced Research Center for Nanolithography (Netherlands),Advanced Research Center for Nanolithography (Netherlands)|ARCNL,NL,OpenAlex
https://ror.org/03n3fgq36,CNPC Chuanqing Drilling Engineering Company Limited (China),CNPC Chuanqing Drilling Engineering Company Limited (China)|中国石油集团川庆钻探工程有限公司|CCDC,CN,OpenAlex
https://ror.org/04th5gf24,China Nerin Engineering (China),China Nerin Engineering (China)|Nanchang Engineering & Research Institute of Nonferrous Metals|NERIN,CN,OpenAlex
https://ror.org/00njcfy31,Standard Bio (Norway),Standard Bio (Norway),NO,OpenAlex
https://ror.org/05sxxz166,Novamont (Italy),Novamont (Italy),IT,OpenAlex
https://ror.org/01jnnpe14,Boehringer Ingelheim (United Kingdom),Boehringer Ingelheim (United Kingdom),GB,OpenAlex
https://ror.org/04hbev594,Infineon Technologies (Canada),Infineon Technologies (Canada),CA,OpenAlex
https://ror.org/03h13e556,Ecolab (France),Ecolab (France)|ECL,FR,OpenAlex
https://ror.org/04pp9zs91,Engineering Science Analysis (United States),Engineering Science Analysis (United States)|ESA,US,OpenAlex
https://ror.org/04x12dp53,Motility (United States),Motility (United States),US,OpenAlex
https://ror.org/02t1k2015,Egis (France),Egis (France),FR,OpenAlex
https://ror.org/01tqtaq02,Fauji Fertilizer (Pakistan),Fauji Fertilizer (Pakistan)|FFC,PK,OpenAlex
https://ror.org/02zws9h76,Biopticka Laborator (Czechia),Biopticka Laborator (Czechia),CZ,OpenAlex
https://ror.org/04kark913,MerLion Pharma (Germany),MerLion Pharma (Germany),DE,OpenAlex
https://ror.org/04j65k592,Stress Engineering Services (United States),Stress Engineering Services (United States),US,OpenAlex
https://ror.org/04f63ne57,Chongqing Construction Engineering Investment Holding (China),Chongqing Construction Engineering Investment Holding (China)|重庆建工投资控股,CN,OpenAlex
https://ror.org/04jzxg282,Atmospheric and Space Technology Research Associates (United States),Atmospheric and Space Technology Research Associates (United States)|ASTRA,US,OpenAlex
https://ror.org/00gzhq402,Fugro (United States),Fugro (United States),US,OpenAlex
https://ror.org/02sfdh709,Sohu (China),Sohu (China)|搜狐,CN,OpenAlex
https://ror.org/04h6zzz03,General Electric (Finland),General Electric (Finland)|GE,FI,OpenAlex
https://ror.org/03yq5aa85,Medtronic (Italy),Medtronic (Italy),IT,OpenAlex
https://ror.org/030bhbq32,Acadia Pharmaceuticals (United States),Acadia Pharmaceuticals (United States),US,OpenAlex
https://ror.org/02pn7t710,McDermott Will & Emery (United States),McDermott Will & Emery (United States),US,OpenAlex
https://ror.org/00xgd4p18,Knowledge Unlatched (Germany),Knowledge Unlatched (Germany)|KU,DE,OpenAlex
https://ror.org/04870rh38,Stadtwerke Straubing (Germany),Stadtwerke Straubing (Germany),DE,OpenAlex
https://ror.org/04t24x986,Novartis (Austria),Novartis (Austria),AT,OpenAlex
https://ror.org/051e4zg07,Risk Engineering (Bulgaria),Risk Engineering (Bulgaria)|Риск инженеринг,BG,OpenAlex
https://ror.org/04sfxgz72,Novo Holdings (Denmark),Novo|Novo Holdings (Denmark),DK,OpenAlex
https://ror.org/00jmv3y79,Institute for Studies and Power Engineering (Romania),Institute for Studies and Power Engineering (Romania)|ISPE,RO,OpenAlex
https://ror.org/03gcet659,Cambridge Econometrics (United Kingdom),Cambridge Econometrics (United Kingdom),GB,OpenAlex
https://ror.org/051hq3021,CTS Corporation (Czechia),CTS Corporation (Czechia),CZ,OpenAlex
https://ror.org/04yt00889,Samsung (China),Samsung (China)|三星电子中国,CN,OpenAlex
https://ror.org/04taye489,Hesco (United States),Hesco (United States)|P.T.S.E,US,OpenAlex
https://ror.org/000bmd472,Kuraray (United States),Kabushiki-gaisha Kurare|Kuraray (United States),US,OpenAlex
https://ror.org/057a9rf33,Raytheon Technologies (Finland),Raytheon Technologies (Finland),FI,OpenAlex
https://ror.org/02grx1t29,"3D Medicines, Inc. (China)","3D Med|3D Medicines, Inc.|3D Medicines, Inc. (China)|思路迪医药|思路迪醫藥",CN,OpenAlex
https://ror.org/04a8rt780,UnitedHealth Group (United States),UnitedHealth Group (United States),US,OpenAlex
https://ror.org/047bhz389,MDS Associates (United States),MDS Associates (United States),US,OpenAlex
https://ror.org/04ww0w091,Microsoft (India),Microsoft (India)|Microsoft India Private Limited,IN,OpenAlex
https://ror.org/019h3d096,Hua Hong Semiconductor (China),Hua Hong Semiconductor (China)|華虹半導體,CN,OpenAlex
https://ror.org/01sd0e661,AMO (Germany),AMO (Germany),DE,OpenAlex
https://ror.org/0394bpd20,IQVIA (France),IQVIA (France)|QuintilesIMS,FR,OpenAlex
https://ror.org/054271w14,Computational Sensors (United States),Computational Sensors (United States)|CSC,US,OpenAlex
https://ror.org/02by0jk38,Institut de Recherche Pierre Fabre (France),Institut de Recherche Pierre Fabre (France)|Pierre Fabre Research Institute|IRPF,FR,OpenAlex
https://ror.org/01f8c3y78,STMicroelectronics (United States),STMicroelectronics (United States)|ST,US,OpenAlex
https://ror.org/01y6v9r10,Horta (Italy),Horta (Italy),IT,OpenAlex
https://ror.org/00zrr9158,Tokyo Ohka Kogyo (Japan),Tokyo Ohka Kogyo (Japan)|東京応化工業株式会社|TOK,JP,OpenAlex
https://ror.org/02903cd17,Keysight Technologies (United States),Keysight|Keysight Technologies (United States),US,OpenAlex
https://ror.org/0380m5132,Xiamen Tungsten (China),Chinatungsten Online|Xiamen Tungsten (China),CN,OpenAlex
https://ror.org/03r35eh66,Michigan Molecular Institute (United States),Michigan Molecular Institute (United States)|MMI,US,OpenAlex
https://ror.org/05jke7315,Pioneer (United States),Paionia Kabushiki-kaisha|Pioneer (United States),US,OpenAlex
https://ror.org/025rx1w27,IONICS Mass Spectrometry (Canada),IONICS Mass Spectrometry (Canada),CA,OpenAlex
https://ror.org/05c016d08,ECW Press (Canada),ECW Press (Canada)|Essays on Canadian Writing,CA,OpenAlex
https://ror.org/01866as23,TDF (France),TDF (France)|Télédiffusion de France|TDF,FR,OpenAlex
https://ror.org/033sm5e75,Chongqing 2D Materials Institute (China),Chongqing 2D Materials Institute (China)|C2DMI,CN,OpenAlex
https://ror.org/01t2z2m96,Lotte Fine Chemical (South Korea),Lotte Fine Chemical (South Korea)|LFC,KR,OpenAlex
https://ror.org/01xyf9430,Boehringer Ingelheim (India),Boehringer Ingelheim (India)|C.H. Boehringer Sohn AG & Ko. KG,IN,OpenAlex
https://ror.org/044f58834,Shanghai Huayi Group (China),Shanghai Huayi Group (China)|上海华谊（集团）公司,CN,OpenAlex
https://ror.org/056yydt13,ZTT (China),Jiangsu Zhongtian Technology|ZTT (China)|江苏中天科技股份有限公司,CN,OpenAlex
https://ror.org/05kagrs11,Competence Centre on Health Technologies (Estonia),Competence Centre on Health Technologies (Estonia)|Competence Centre on Reproductive Medicine and Biology|Tervisetehnoloogiate Arenduskeskus|CCHT|CCRMB,EE,OpenAlex
https://ror.org/02mrwdh61,Shenyang Research Institute of Chemical Industry (China),Shenyang Research Institute of Chemical Industry|Shenyang Research Institute of Chemical Industry (China)|沈阳化工研究院|沈阳化工研究院有限公司|SYRICI,CN,OpenAlex
https://ror.org/01keak954,Microelectronica (Romania),Microelectronica (Romania),RO,OpenAlex
https://ror.org/01x544h30,Roche (Italy),Roche (Italy),IT,OpenAlex
https://ror.org/02b3jn477,KAN Research Institute,KAN Research Institute|株式会社カン研究所,JP,OpenAlex
https://ror.org/03b0cj417,Almaz-Antey (Russia),"""Almaz – Antey"" Air and Space Defence Corporation""|Almaz-Antey (Russia)|Концерн ВКО ""Алмаз-Антей",RU,OpenAlex
https://ror.org/05rmjys46,Salzburg Research Forschungsgesellschaft mbH (Austria),Salzburg Research|Salzburg Research Forschungsgesellschaft|Salzburg Research Forschungsgesellschaft mbH|Salzburg Research Forschungsgesellschaft mbH (Austria),AT,OpenAlex
https://ror.org/04sqpc563,Anglian Water Services (United Kingdom),Anglian Water Services (United Kingdom),GB,OpenAlex
https://ror.org/01spyyb53,Beijing Biocytogen (China),Beijing Biocytogen (China),CN,OpenAlex
https://ror.org/010d6p438,Life Systems (United States),Life Systems (United States),US,OpenAlex
https://ror.org/012rtfc41,Water Technology (Australia),Water Technology (Australia),AU,OpenAlex
https://ror.org/05qp89973,DAK-Gesundheit (Germany),DAK-Gesundheit (Germany),DE,OpenAlex
https://ror.org/03k1gyh28,SNC-Lavalin (Canada),"SNC-Lavalin (Canada)|Surveyer, Nenniger & Chenevert Consulting Engineers",CA,OpenAlex
https://ror.org/02ptcjs87,Air Liquide (United States),Air Liquide (United States),US,OpenAlex
https://ror.org/057kqtj87,Avon (United States),Avon (United States)|Avon Products,US,OpenAlex
https://ror.org/02ezy5072,Amgen (Germany),Amgen (Germany),DE,OpenAlex
https://ror.org/05twhx581,Metric Systems Corporation (United States),Metric Systems Corporation (United States)|MSC,US,OpenAlex
https://ror.org/00fhn5p96,Earth Resources Technology (United States),Earth Resources Technology (United States)|ERT,US,OpenAlex
https://ror.org/011nrx077,Systematic (Netherlands),Systematic (Netherlands),NL,OpenAlex
https://ror.org/01avfbv46,Giredmet (Russia),Federal state research and design institue of rare metal industry|Giredmet (Russia)|Федеральное государственное научно-исследовательский и проектный институт редких металлургической промышленности,RU,OpenAlex
https://ror.org/026exqw73,National Instruments (United States),National Instruments (United States)|NI,US,OpenAlex
https://ror.org/02gnhjw76,Lockheed Martin (United Kingdom),Lockheed Martin (United Kingdom),GB,OpenAlex
https://ror.org/04n7fat49,n&k Technology (United States),n&k Technology (United States),US,OpenAlex
https://ror.org/04vj14y69,NeoGenomics (United States),"Neo|NeoGenomics (United States)|NeoGenomics Laboratories, Inc",US,OpenAlex
https://ror.org/03t5jph77,"Yamaha Motor Co., Ltd. (Japan)","Yamaha Hatsudōki Kabushiki-gaisha|Yamaha Motor|Yamaha Motor Co., Ltd.|Yamaha Motor Co., Ltd. (Japan)|Yamaha Motor Company|Yamaha Motor Company, Limited|ヤマハ発動機株式会社",JP,OpenAlex
https://ror.org/02m4de687,Reed Medical (United Kingdom),Reed Medical (United Kingdom),GB,OpenAlex
https://ror.org/00927nm35,Applied Nanotech (United States),Applied Nanotech (United States),US,OpenAlex
https://ror.org/038pg5d86,Esteve Química (Spain),Esteve Química (Spain),ES,OpenAlex
https://ror.org/04gtf4q04,Knowledge Based Systems (United States),Knowledge Based Systems (United States)|KBSI,US,OpenAlex
https://ror.org/02s7j3326,Roche Diagnostics International AG (Switzerland),Roche Diagnostics International|Roche Diagnostics International AG|Roche Diagnostics International AG (Switzerland)|Roche Diagnostics International SA,CH,OpenAlex
https://ror.org/03ccx3r49,Centogene (Germany),Centogene (Germany),DE,OpenAlex
https://ror.org/042bat638,ConfometRx (United States),ConfometRx (United States),US,OpenAlex
https://ror.org/02xwa6p02,Cubist Pharmaceuticals (United States),Cubist Pharmaceuticals (United States),US,OpenAlex
https://ror.org/04zqtqt31,CAO Group (United States),CAO Group (United States)|CAO,US,OpenAlex
https://ror.org/01ajp8153,Genmab (Netherlands),Genmab (Netherlands),NL,OpenAlex
https://ror.org/03517qf88,Michelin (United States),Michelin (United States),US,OpenAlex
https://ror.org/02dw7ch21,Element Six (United Kingdom),Element Six (United Kingdom),GB,OpenAlex
https://ror.org/041m6k425,OCP Group (Morocco),OCP Group (Morocco)|Office Chérifien des Phosphates|Office chérifien des phosphates|المكتب الشريف للفوسفاط|OCP,MA,OpenAlex
https://ror.org/02epq7t62,Amplitude Systèmes (France),Amplitude Systèmes (France),FR,OpenAlex
https://ror.org/00yk56168,MARK Resources (United States),MARK Resources (United States),US,OpenAlex
https://ror.org/034kb7s93,Tasly Holding Group (China),Tasly Holding Group (China),CN,OpenAlex
https://ror.org/053zdpn86,Gree (China),Gree (China)|Gree Electric Appliances|Zhuhai City Haili Cooling Engineering Company|珠海格力电器股份有限公司,CN,OpenAlex
https://ror.org/03k118f17,Wolfram Research (United States),Wolfram Research (United States),US,OpenAlex
https://ror.org/027qba521,NSK (United States),NSK (United States),US,OpenAlex
https://ror.org/001dd4s60,Microsoft (Germany),Microsoft (Germany),DE,OpenAlex
https://ror.org/00qnt7d66,Photometrics (United States),Photometrics (United States),US,OpenAlex
https://ror.org/03heckw12,Response Biomedical (Canada),Response|Response Biomedical (Canada),CA,OpenAlex
https://ror.org/04wd74742,Sinomach (China),China National Machinery Industry Corporation|Sinomach (China)|中国机械工业集团|中国机械工业集团有限公司,CN,OpenAlex
https://ror.org/054deg252,Shanghai Huali Microelectronics (China),Huahong Group|Shanghai Huahong (Group)|Shanghai Huali Microelectronics (China)|上海华力微电子有限公司,CN,OpenAlex
https://ror.org/00bavmx73,Nippon Flour Mills (Japan),Nippon Flour Mills (Japan)|日本製粉株式会社|NFM,JP,OpenAlex
https://ror.org/00pvgrv63,Panasonic (United States),Panasonic (United States),US,OpenAlex
https://ror.org/05vheqh10,Genomic (Brazil),Genomic (Brazil),BR,OpenAlex
https://ror.org/03q3a0475,General Electric (Netherlands),General Electric (Netherlands)|GE,NL,OpenAlex
https://ror.org/043rjaw23,PROFACTOR GmbH (Austria),PROFACTOR GmbH|PROFACTOR GmbH (Austria),AT,OpenAlex
https://ror.org/042e6sa59,Novartis (Spain),Novartis (Spain),ES,OpenAlex
https://ror.org/050k26q88,Deutsche Post (Germany),Deutsche Post (Germany)|Deutsche Post DHL Group,DE,OpenAlex
https://ror.org/011qgx996,Mitsubishi Chemical Group Science and Technology Research Center (Japan),Mitsubishi Chemical Group Science and Technology Research Center (Japan)|株式会社三菱化学科学技術研究センター,JP,OpenAlex
https://ror.org/027n3xb46,Ericsson (Italy),Ericsson (Italy)|Telefonaktiebolaget L. M. Ericsson,IT,OpenAlex
https://ror.org/05ha8e826,Technicolor (United States),"Technicolor (United States)|Thomson Multimedia,|Thomson SARL",US,OpenAlex
https://ror.org/00c97z041,Engie (Belgium),Electrabel|Engie (Belgium)|GDF Suez,BE,OpenAlex
https://ror.org/00scb2f23,ImmunoGen (United States),ImmunoGen (United States),US,OpenAlex
https://ror.org/02wcma710,Schafer Corporation (United States),Schafer Corporation (United States),US,OpenAlex
https://ror.org/045m6nf19,Fibertek (United States),Fibertek (United States),US,OpenAlex
https://ror.org/04ybbb927,Beicip Franlab (France),Beicip Franlab (France),FR,OpenAlex
https://ror.org/05ak48w56,Materials Research Group (United States),Materials Research Group (United States)|MRG,US,OpenAlex
https://ror.org/009bb4304,Electricity North West (United Kingdom),Electricity North West (United Kingdom),GB,OpenAlex
https://ror.org/00t00te02,Ford Motor Company (United Kingdom),Ford Motor Company (United Kingdom),GB,OpenAlex
https://ror.org/017sazg79,Mersen (France),Carbone Lorraine|Mersen (France),FR,OpenAlex
https://ror.org/03rb80v65,Sequenom (United States),Integrated Genetics|Sequenom (United States),US,OpenAlex
https://ror.org/04yyp8h20,Pilkington (United Kingdom),Pilkington (United Kingdom),GB,OpenAlex
https://ror.org/02wdwsb32,GenVec,GenVec,US,OpenAlex
https://ror.org/02n211843,Owens Corning (United States),Owens Corning (United States),US,OpenAlex
https://ror.org/018qejt38,Bausch & Lomb (France),Bausch & Lomb (France),FR,OpenAlex
https://ror.org/026cnzg44,Fundació CTM Centre Tecnològic,Advanced Technological Center|Fundació CTM Centre Tecnològic|ATC,ES,OpenAlex
https://ror.org/03a6z4w08,Theravance Biopharma (United States),Theravance Biopharma (United States),US,OpenAlex
https://ror.org/03j0xs842,Dialog Semiconductor (Germany),Dialog Semiconductor (Germany),DE,OpenAlex
https://ror.org/0195q2562,Eon Corporation (United States),Eon Corporation (United States)|TV Answer,US,OpenAlex
https://ror.org/00zymfp03,Electronics for Imaging (United States),Electronics for Imaging (United States)|EFI,US,OpenAlex
https://ror.org/014qf4206,Gradient (United States),Gradient (United States),US,OpenAlex
https://ror.org/00qa0qd14,Advanced Radiation Therapy (United States),Advanced Radiation Therapy (United States),US,OpenAlex
https://ror.org/00wbcgc67,Johnson Matthey (United States),Johnson Matthey (United States),US,OpenAlex
https://ror.org/04e1a9m96,Japan Weather Association (Japan),Japan Weather Association (Japan)|日本気象協会|JWA,JP,OpenAlex
https://ror.org/04hjayk14,Terumo (Germany),Terumo (Germany),DE,OpenAlex
https://ror.org/05ww0qy02,Boehringer Ingelheim (Australia),Boehringer Ingelheim (Australia),AU,OpenAlex
https://ror.org/055j8ya05,RELX Group (United Kingdom),RELX Group (United Kingdom)|Reed Elsevier,GB,OpenAlex
https://ror.org/006f8jv23,Fulcrum Therapeutics (United States),Fulcrum Therapeutics (United States),US,OpenAlex
https://ror.org/01kzrk477,KPN (Netherlands),KPN (Netherlands)|Koninklijke KPN|Royal KPN N.V.,NL,OpenAlex
https://ror.org/04t4e0r52,Yamasa Corporation (Japan),Yamasa Corporation (Japan)|ヤマサ醤油,JP,OpenAlex
https://ror.org/014t9mt17,IMRA America (United States),"IMRA America|IMRA America (United States)|IMRA America, Inc.|Institut Minoru de Recherche Avancé America",,OpenAlex
https://ror.org/05k8zfb28,Kurita Water Industries (Japan),"Kurita Kōgyō Kabushiki-gaisha|Kurita Water Industries (Japan)|Kurita Water Industries, Ltd.|栗田工業株式会社",JP,OpenAlex
https://ror.org/03g75kz98,PricewaterhouseCoopers (United States),PricewaterhouseCoopers (United States)|PwC,US,OpenAlex
https://ror.org/05thm6q88,IBM (Brazil),IBM (Brazil)|International Business Machines Corporation,BR,OpenAlex
https://ror.org/051kqr635,Headland Archaeology (UK) Limited (United Kingdom),Headland Archaeology|Headland Archaeology (UK) Limited|Headland Archaeology (UK) Limited (United Kingdom)|Headland Archaeology (UK) Ltd|HA,,OpenAlex
https://ror.org/01480s295,Pearson (United Kingdom),Pearson (United Kingdom),GB,OpenAlex
https://ror.org/00mv4xe50,Rio Tinto (Canada),Rio Tinto (Canada),CA,OpenAlex
https://ror.org/03nx7mw09,B. Braun (Netherlands),B. Braun (Netherlands)|B. Braun Medical|B. Braun Melsungen,NL,OpenAlex
https://ror.org/03bndes49,Thermo Fisher Scientific (United Kingdom),Thermo Fisher Scientific (United Kingdom),GB,OpenAlex
https://ror.org/03nvc8x46,Anglo American (South Africa),Anglo American (South Africa)|Anglo American Corporation,ZA,OpenAlex
https://ror.org/0504sxa76,Guerbet (France),Guerbet (France),FR,OpenAlex
https://ror.org/009pzqe60,Cosmote (Greece),Cosmote (Greece),GR,OpenAlex
https://ror.org/0303drj82,Personalis (United States),Personalis (United States),US,OpenAlex
https://ror.org/04tjehp55,Herman Miller (United States),Herman Miller (United States),US,OpenAlex
https://ror.org/05r7xc820,Owens-Illinois (United States),Owens-Illinois (United States),US,OpenAlex
https://ror.org/03v7qgt03,Siemens (Sweden),Siemens (Sweden),SE,OpenAlex
https://ror.org/05wry3r65,Analytical Biosciences (China),Analytical Biosciences (China),CN,OpenAlex
https://ror.org/053ny5136,Fujitsu (United Kingdom),Fujitsu (United Kingdom)|ICL,GB,OpenAlex
https://ror.org/05ab5m237,Mannesmann (Germany),Deutsch-Österreichische Mannesmannröhren-Werke AG|Mannesmann (Germany),DE,OpenAlex
https://ror.org/050g10a24,Zimmer Biomet (Switzerland),Biomet|Zimmer Biomet (Switzerland),CH,OpenAlex
https://ror.org/01xyfgx59,Dynetics (United States),Dynetics (United States),US,OpenAlex
https://ror.org/006rhxn50,FORCE Technology (Denmark),FORCE Technology (Denmark),DK,OpenAlex
https://ror.org/01x2k2x19,Epicentre (South Africa),Epicentre (South Africa)|Epicentre AIDS Risk Management|Epicentre Health Research,ZA,OpenAlex
https://ror.org/01nprxv78,Sema4 (United States),Sema4 (United States),US,OpenAlex
https://ror.org/01j6sxy67,GlaxoSmithKline (Japan),GlaxoSmithKline (Japan)|グラクソ・スミスクライン株式会社|GSK,JP,OpenAlex
https://ror.org/01b0p5f85,Comisión Federal de Electricidad (Mexico),Comisión Federal de Electricidad (Mexico)|Federal Electricity Commission|CFE,MX,OpenAlex
https://ror.org/00n3fv874,Unilever (United States),Unilever (United States),US,OpenAlex
https://ror.org/01df9n019,Applied Science Associates (United States),Applied Science Associates (United States)|RPS ASA,US,OpenAlex
https://ror.org/034kxvk28,Galderma (France),Galderma (France),FR,OpenAlex
https://ror.org/04ck5ab02,Seiko Instruments Inc. (Japan),Seiko Instruments|Seiko Instruments Inc.|Seiko Instruments Inc. (Japan)|セイコーインスツルメンツ株式会社|セイコーインスツル株式会社,JP,OpenAlex
https://ror.org/05maa9n89,Virbac (France),Virbac (France),FR,OpenAlex
https://ror.org/0318teb82,Kimberly-Clark (Canada),Kimberly-Clark (Canada),CA,OpenAlex
https://ror.org/00wt3rj94,Technopolis (Finland),Technopolis (Finland),FI,OpenAlex
https://ror.org/031gmvg29,Siemens (Denmark),Siemens (Denmark),DK,OpenAlex
https://ror.org/03dd0eh62,"Zijin Mining Group Co., Ltd. (China)","Zijin Mining|Zijin Mining Group|Zijin Mining Group Co., Ltd.|Zijin Mining Group Co., Ltd. (China)|Zijin Mining Group Company Limited|紫金矿业集团股份有限公司|紫金礦業集團股份有限公司",CN,OpenAlex
https://ror.org/02p0yhm49,Simulations Plus (United States),Simulations Plus (United States),US,OpenAlex
https://ror.org/01g87hr29,Reckitt Benckiser (United Kingdom),Reckitt Benckiser (United Kingdom)|RB,GB,OpenAlex
https://ror.org/04f5gee24,Nelson Engineering (United States),Nelson Engineering (United States),US,OpenAlex
https://ror.org/05c0v3585,Takeda (United Kingdom),Takeda (United Kingdom),GB,OpenAlex
https://ror.org/01v07hj96,Sanken Electric (Japan),Sanken Electric (Japan)|サンケン電気株式会社,JP,OpenAlex
https://ror.org/05y28vr04,MSD (Netherlands),MSD (Netherlands)|Merck Sharp & Dohme|MSD,NL,OpenAlex
https://ror.org/00hbzbs53,MTS Systems (United States),MTS Systems (United States)|MTS,US,OpenAlex
https://ror.org/03n8fxy07,Engie (United States),Engie (United States)|GDF Suez,US,OpenAlex
https://ror.org/03y76pe29,Albany Molecular Research (United States),Albany Molecular Research (United States)|AMRI,US,OpenAlex
https://ror.org/00v60dj89,Indoor Biotechnologies (United States),Indoor Biotechnologies (United States),US,OpenAlex
https://ror.org/019xwzn44,Great Wall Motors (China),Great Wall Motors (China)|长城汽车,CN,OpenAlex
https://ror.org/04eqe6790,Danish Hydraulic Institute (India),DHI Water & Environment|Danish Hydraulic Institute (India)|DHI,IN,OpenAlex
https://ror.org/035caev54,Sinotech Genomics (China),Sinotech Genomics (China)|中科普瑞,CN,OpenAlex
https://ror.org/04g5jfs38,Advanced Optical Technologies (United States),Advanced Optical Technologies (United States)|AOT,US,OpenAlex
https://ror.org/03ndq5j60,IRBM Science Park,IRBM Science Park,IT,OpenAlex
https://ror.org/059pfgk41,International Data Group (Sweden),International Data Corporation|International Data Group (Sweden)|IDG,SE,OpenAlex
https://ror.org/03k4zc121,Cell Signaling Technology (United States),Cell Signaling Technology (United States),US,OpenAlex
https://ror.org/039grkz57,The Behaviouralist (United Kingdom),The Behaviouralist (United Kingdom),GB,OpenAlex
https://ror.org/05ctqth87,Usha Martin (India),Usha Martin (India),IN,OpenAlex
https://ror.org/05135fy66,Black & Veatch (United Kingdom),Black & Veatch (United Kingdom),GB,OpenAlex
https://ror.org/04sr9ds30,Luxfer Group (United Kingdom),British Aluminium|Luxfer Group (United Kingdom),GB,OpenAlex
https://ror.org/04s1b0x88,EN-FIST Centre of Excellence (Slovenia),EN-FIST Centre of Excellence (Slovenia)|EN-FIST Centru Odličnosti,SI,OpenAlex
https://ror.org/05angxc35,Daimler (United States),Daimler (United States)|Daimler-Benz|DaimlerChrysler,US,OpenAlex
https://ror.org/0098kke80,Rakuten (Japan),Rakuten (Japan)|Rakuten Kabushiki-gaisha|楽天株式会社,JP,OpenAlex
https://ror.org/03xn5qt57,Landsvirkjun (Iceland),Landsvirkjun (Iceland)|National Power Company of Iceland,IS,OpenAlex
https://ror.org/03y756411,Pulse Biosciences (United States),Pulse Biosciences (United States),US,OpenAlex
https://ror.org/04jgfn484,Applied Technology Associates (United States),Applied Technology Associates (United States)|ATA,US,OpenAlex
https://ror.org/05wr1pv20,Advanced Energy Systems (United States),Advanced Energy Systems (United States)|AES,US,OpenAlex
https://ror.org/005fe1k46,BorgWarner (Brazil),BorgWarner (Brazil),BR,OpenAlex
https://ror.org/057jpj338,Pall Corporation (United States),Micro Metallic Corporation|Pall Corporation (United States),US,OpenAlex
https://ror.org/00qvqt255,Pepsi (United States),Pepsi (United States),US,OpenAlex
https://ror.org/01hcd4187,MacroGenics (United States),MacroGenics (United States),US,OpenAlex
https://ror.org/031xjr712,Thales (Germany),Thales (Germany),DE,OpenAlex
https://ror.org/03bmq2475,Mettler-Toledo (Switzerland),Mettler-Toledo (Switzerland),CH,OpenAlex
https://ror.org/03pchte23,Infinitus (China),Infinitus (China)|无限极中心,CN,OpenAlex
https://ror.org/03ct7hs15,Extreme Light Infrastructure ERIC (Czech Republic),ELI ERIC|Extreme Light Infrastructure|Extreme Light Infrastructure ERIC|Extreme Light Infrastructure ERIC (Czech Republic),CZ,OpenAlex
https://ror.org/04ecrg623,Nippon Sheet Glass (Japan),Nihon Ita-Garasu Kabushiki-gaisha|Nippon Sheet Glass (Japan)|日本板硝子株式会社|NSG,JP,OpenAlex
https://ror.org/02dmq8z55,General Electric (Czechia),General Electric (Czechia)|GE,CZ,OpenAlex
https://ror.org/03sqbp894,GlaxoSmithKline (Switzerland),GlaxoSmithKline (Switzerland)|GSK,CH,OpenAlex
https://ror.org/01z6fgx85,CHN Energy (China),"CHN ENERGY Investment Group|CHN ENERGY Investment Group Co.|CHN ENERGY Investment Group Co., Ltd.|CHN Energy|CHN Energy (China)|国家能源投资集团",,OpenAlex
https://ror.org/00x7b5g69,Moog (United States),Moog (United States),US,OpenAlex
https://ror.org/0449t3a80,NortonLifeLock (United States),NortonLifeLock (United States)|Symantec,US,OpenAlex
https://ror.org/04zc3wd06,Public Power Corporation (Greece),Public Power Corporation (Greece),GR,OpenAlex
https://ror.org/03qx9tc91,Capgemini (France),Capgemini (France),FR,OpenAlex
https://ror.org/04nxj7050,B. Braun (Germany),B. Braun (Germany)|B. Braun Melsungen,DE,OpenAlex
https://ror.org/056egm241,Siemens (Switzerland),Siemens (Switzerland),CH,OpenAlex
https://ror.org/00zxd0649,Hazen and Sawyer (United States),Hazen and Sawyer (United States),US,OpenAlex
https://ror.org/03wtqpk68,TÜV Rheinland (Germany),Technischer Überwachungsverein|TÜV Rheinland (Germany),DE,OpenAlex
https://ror.org/037pmhh38,Physical Optics Corporation,Physical Optics Corporation|POC,US,OpenAlex
https://ror.org/04q385q62,Biotech (Brazil),Biotech (Brazil),BR,OpenAlex
https://ror.org/0428qnk54,W. L. Gore & Associates (United States),W. L. Gore & Associates (United States),US,OpenAlex
https://ror.org/050ey5v22,Health Decisions (United States),Health Decisions (United States),US,OpenAlex
https://ror.org/03x0ke992,Thermo Fisher Scientific (Norway),Thermo Fisher Scientific (Norway),NO,OpenAlex
https://ror.org/020wypw95,Lord Corporation (United States),Lord Corporation (United States),US,OpenAlex
https://ror.org/00pgy3a44,Ion Beam Applications (Belgium),IBA|Ion Beam Applications (Belgium),BE,OpenAlex
https://ror.org/01c7p3v19,Japan Aviation Electronics Industry (Japan),Japan Aviation Electronics Industry (Japan)|Nihon Kōkū Denshi Kōgyō|日本航空電子工業|JAE,JP,OpenAlex
https://ror.org/02f4p4v04,Convergent Science (United States),Convergent Science (United States),US,OpenAlex
https://ror.org/02f0gnt04,Jena Bioscience (Germany),Jena Bioscience (Germany),DE,OpenAlex
https://ror.org/03a4nen96,New York Life Insurance Company (United States),New York Life Insurance Company (United States)|NYLIC,US,OpenAlex
https://ror.org/05km1vk92,Kuraray (Japan),Kabushiki-gaisha Kurare|Kuraray (Japan)|株式会社クラレ,JP,OpenAlex
https://ror.org/04h48jk55,Ford Otosan (Turkey),Ford Otosan (Turkey),TR,OpenAlex
https://ror.org/00besvm65,Technicolor (Germany),Technicolor (Germany),DE,OpenAlex
https://ror.org/02ptkm873,Jiangyin Traffic Planning Survey & Design Institute (China),Jiangyin Traffic Planning Survey & Design Institute (China)|Jiangyin Transportation Bureau|江阴市交通规划勘察设计院有限公司前,CN,OpenAlex
https://ror.org/04jr76q91,Research Institute of Brewing and Malting (Czechia),Research Institute of Brewing and Malting (Czechia)|Výzkumný ústav pivovarský a sladařský|RIBM,CZ,OpenAlex
https://ror.org/04axzyr33,Usibelli Coal Mine (United States),Usibelli Coal Mine (United States)|UCM,US,OpenAlex
https://ror.org/019mqw137,White arkitekter (Sweden),White arkitekter (Sweden),SE,OpenAlex
https://ror.org/01hr74d22,Boehringer Ingelheim (Brazil),Boehringer Ingelheim (Brazil),BR,OpenAlex
https://ror.org/03m3fa408,Ericsson (Germany),Ericsson (Germany)|Telefonaktiebolaget L. M. Ericsson,DE,OpenAlex
https://ror.org/05sxgbh67,Jubilant Life Sciences (India),Jubilant Life Sciences (India),IN,OpenAlex
https://ror.org/01qktm695,Topcon Corporation (Japan),Topcon|Topcon Corporation|Topcon Corporation (Japan)|株式会社トプコン,JP,OpenAlex
https://ror.org/05xsppr58,Italfarmaco (Italy),Italfarmaco (Italy),IT,OpenAlex
https://ror.org/04sbmz064,BH Consulting (Ireland),BH Consulting (Ireland)|BH IT Consulting Limited,IE,OpenAlex
https://ror.org/04rvc0m17,Lewin Group (United States),Lewin Group (United States),US,OpenAlex
https://ror.org/009wgy438,Shell (Malaysia),Royal Dutch Shell|Shell (Malaysia),MY,OpenAlex
https://ror.org/05emrqw14,Bayer (United Kingdom),Bayer (United Kingdom),GB,OpenAlex
https://ror.org/0009s9p66,BioMed Central (United Kingdom),BioMed Central (United Kingdom)|BMC,GB,OpenAlex
https://ror.org/05j00sy30,Idorsia Pharmaceuticals Ltd (Switzerland),Idorsia Pharmaceuticals|Idorsia Pharmaceuticals Ltd|Idorsia Pharmaceuticals Ltd (Switzerland),CH,OpenAlex
https://ror.org/0434z3y25,"Nissan ARC, Ltd. (Japan)","Nissan ARC|Nissan ARC, Ltd.|Nissan ARC, Ltd. (Japan)|株式会社日産アーク",JP,OpenAlex
https://ror.org/00cjejy66,iXBlue (France),iXBlue (France),FR,OpenAlex
https://ror.org/02x3bf117,Mediprobe Research (Canada),Mediprobe Research (Canada),CA,OpenAlex
https://ror.org/05eat3g39,Borealis (Austria),Borealis (Austria),AT,OpenAlex
https://ror.org/05xeefy56,Preferred Networks (Japan),"Preferred Networks|Preferred Networks (Japan)|Preferred Networks, Inc.|株式会社Preferred Networks",JP,OpenAlex
https://ror.org/02r5scg33,Intel (Ireland),Intel (Ireland),IE,OpenAlex
https://ror.org/01aptcd74,Sanofi (Canada),Sanofi (Canada),CA,OpenAlex
https://ror.org/02xbm4h96,Shikoku (Japan),Shikoku (Japan)|四国化成工業株式会社,JP,OpenAlex
https://ror.org/01zmty518,Opera Software (Norway),Opera|Opera Software (Norway),NO,OpenAlex
https://ror.org/03dsw3e52,Steinhauser (Czechia),Steinhauser (Czechia),CZ,OpenAlex
https://ror.org/03h7zc707,National Oilwell Varco (United States),National Oilwell Varco (United States)|NOV,US,OpenAlex
https://ror.org/018kq8f36,Borsa Istanbul (Turkey),Borsa Istanbul (Turkey)|BIST,TR,OpenAlex
https://ror.org/02ew2ks20,SoftBank Group (Japan),SoftBank Group (Japan)|ソフトバンクグループ株式会社,JP,OpenAlex
https://ror.org/03hq4qb06,Senju Pharmaceutical (Japan),Senju Pharmaceutical (Japan)|千寿製薬株式会社,JP,OpenAlex
https://ror.org/0575r9t98,Agriculture Victoria Services (Australia),Agriculture Victoria Services (Australia)|AVS,AU,OpenAlex
https://ror.org/05j4ckm72,Genetic Technologies (Australia),Genetic Technologies (Australia),AU,OpenAlex
https://ror.org/050dfh454,Ashok Leyland (India),Ashok Leyland (India),IN,OpenAlex
https://ror.org/04ps7x844,FedEx (United States),FedEx (United States)|Federal Express,US,OpenAlex
https://ror.org/034e8et22,Science and Technology Corporation (Norway),Science and Technology Corporation (Norway)|S[&]T,NO,OpenAlex
https://ror.org/047bx1161,Alaska Biological Research (United States),"ABR, Inc.|Alaska Biological Research (United States)",US,OpenAlex
https://ror.org/00hbd6420,Spotify (Sweden),Spotify|Spotify (Sweden)|Spotify Technology|Spotify Technology S.A.,,OpenAlex
https://ror.org/02e6g6a88,Laerdal (Norway),Laerdal (Norway),NO,OpenAlex
https://ror.org/00649xp69,Towa Pharmaceutical (Japan),Towa Pharmaceutical (Japan)|東和薬品株式会社,JP,OpenAlex
https://ror.org/05tq31x39,Beijing Automotive Group (China),"BAIC Group|Beijing Automotive Group (China)|Beijing Automotive Industry Holding Co., Ltd.|北京汽车工业控股有限责任公司|BAIC",CN,OpenAlex
https://ror.org/04f89zf73,Johnson & Johnson (Brazil),Johnson & Johnson (Brazil),BR,OpenAlex
https://ror.org/006wz7f31,Engineering Acoustics (United States),Engineering Acoustics (United States),US,OpenAlex
https://ror.org/022mcyh62,Translational Research Informatics Center (Japan),Translational Research Informatics Center (Japan)|医療イノベーション推進センター,JP,OpenAlex
https://ror.org/029t9vk58,Yonker Environmental Protection (China),Yongqing Environmental Protection|Yonker Environmental Protection (China)|永清环保股份有限公司,CN,OpenAlex
https://ror.org/03pf0r360,Br. Birkeland (Norway),Br. Birkeland (Norway),NO,OpenAlex
https://ror.org/02hjcc687,Intelligent Fusion Technology (United States),I-Fusion|Intelligent Fusion Technology (United States)|IFT,US,OpenAlex
https://ror.org/04dtgat87,Korea Water Resources Corporation (South Korea),Korea Water Resources Corporation|Korea Water Resources Corporation (South Korea)|한국수자원공사|K-water,KR,OpenAlex
https://ror.org/041ww9d57,Ocean Energy (Norway),Ocean Energy (Norway),NO,OpenAlex
https://ror.org/00gmhs392,ICON PLC (Ireland),ICON Clinical Research|ICON Clinical Research Ltd.|ICON PLC|ICON PLC (Ireland)|ICON,IE,OpenAlex
https://ror.org/03jrn4k58,GlaxoSmithKline (China),GlaxoSmithKline (China)|GSK,CN,OpenAlex
https://ror.org/05a781r26,Statisticon (Sweden),Statisticon (Sweden),SE,OpenAlex
https://ror.org/0114hcc46,Guangzhou Mechanical Engineering Research Institute (China),Guangzhou Mechanical Engineering Research Institute (China)|广州机械科学研究院有限公司|GMERI,CN,OpenAlex
https://ror.org/01bvpmp82,Advantest (Japan),"Advantest (Japan)|Takeda Riken Industry Co., Ltd.|株式会社アドバンテスト",JP,OpenAlex
https://ror.org/033mv0745,Mott MacDonald (Czechia),Mott MacDonald (Czechia),CZ,OpenAlex
https://ror.org/03acb7p04,Delta Electronics (Taiwan),DELTA|Delta Electronics (Taiwan)|达电子,TW,OpenAlex
https://ror.org/04vv43q89,Ericsson (Finland),Ericsson (Finland)|Telefonaktiebolaget LM Ericsson,FI,OpenAlex
https://ror.org/02g4n1614,Qatar Petroleum (Qatar),Qatar Petroleum (Qatar)|عمليات قطر للبترول|QP,QA,OpenAlex
https://ror.org/02q291e51,Suncor Energy (Canada),Suncor Energy (Canada),CA,OpenAlex
https://ror.org/00yascf89,Intertek (Canada),Intertek (Canada),CA,OpenAlex
https://ror.org/01a3m3f05,Reservoir Labs (United States),Reservoir Labs (United States),US,OpenAlex
https://ror.org/01tj7cz72,Science Exchange (United States),Science Exchange (United States),US,OpenAlex
https://ror.org/030pjfg04,VIR Biotechnology (United States),VIR Biotechnology (United States),US,OpenAlex
https://ror.org/006s85q77,Michelin (France),Compagnie Générale des Établissements|Michelin (France),FR,OpenAlex
https://ror.org/01wxtxj33,Shanghai Urban Transportation Design Institute (China),Shanghai Urban Transportation Design Institute (China)|上海市交通设计院,CN,OpenAlex
https://ror.org/01t782854,Nippon Paint (Japan),Nihon Peinto Hōrudingusu Kabushiki-kaisha|Nippon Paint (Japan)|日本ペイントホールディングス株式会社,JP,OpenAlex
https://ror.org/030vvs717,Purdue Pharma (United States),Purdue Pharma (United States),US,OpenAlex
https://ror.org/03d3v3e93,Evotec (Germany),Evotec (Germany),DE,OpenAlex
https://ror.org/04hmgwg30,Karolinska Institutet Innovations (Sweden),KI Innovations AB|Karolinska Institutet Innovations (Sweden),SE,OpenAlex
https://ror.org/05g5rgx31,Itasca Consultants (United States),Itasca Consultants (United States),US,OpenAlex
https://ror.org/00tr9az64,"Contemporary Amperex Technology Co., Limited.","Contemporary Amperex Technology|Contemporary Amperex Technology Co., Limited.|CATL",CN,OpenAlex
https://ror.org/00w32k615,SunEdison (United States),MEMC Electronic Materials|SunEdison (United States),US,OpenAlex
https://ror.org/02p9c1e58,KWS Saat (Germany),KWS Saat (Germany),DE,OpenAlex
https://ror.org/034qqhd60,Advanced Network and Services (United States),Advanced Network and Services (United States)|ANS,US,OpenAlex
https://ror.org/02vd17947,Thornhill Medical (Canada),Thornhill Medical (Canada),CA,OpenAlex
https://ror.org/04k9ktn61,Dahua Technology (China),Dahua Technology (China),CN,OpenAlex
https://ror.org/01d2jxb65,"IDEA Consultants, Inc. (Japan)","IDEA Consultants|IDEA Consultants, Inc.|IDEA Consultants, Inc. (Japan)|いであ株式会社",JP,OpenAlex
https://ror.org/04pf17v09,Medtronic (Switzerland),Medtronic (Switzerland),CH,OpenAlex
https://ror.org/04e6qgn10,AstraZeneca (Italy),AstraZeneca (Italy),IT,OpenAlex
https://ror.org/00bsxeq86,Syreon Research Institute (Hungary),Syreon Research Institute|Syreon Research Institute (Hungary),HU,OpenAlex
https://ror.org/039w3f025,McDermott International (United States),J. Ray McDermott|McDermott International (United States),US,OpenAlex
https://ror.org/03qsja474,Radica Systems (China),Radica Systems (China)|RADICA,CN,OpenAlex
https://ror.org/00mhg9s35,Mitsubishi Gas Chemical (Japan),Mitsubishi Gas Chemical (Japan)|Mitsubishi Gasu Kagaku|三菱ガス化学|MGC,JP,OpenAlex
https://ror.org/05vm0ed18,Uber AI (United States),Uber AI (United States),US,OpenAlex
https://ror.org/02hp1db34,Research Institute of Organic Syntheses (Czechia),Research Institute of Organic Syntheses (Czechia)|Výzkumný Ústav Organických Syntéz|VUOS,CZ,OpenAlex
https://ror.org/03gzq6595,Nextworks (Italy),Nextworks (Italy),IT,OpenAlex
https://ror.org/048cxnx33,Quality Systems (United States),Quality Systems (United States)|QSI,US,OpenAlex
https://ror.org/009xcqz70,"Takara Shuzo Co., Ltd. (Japan)","Takara Shuzo|Takara Shuzo Co., Ltd.|Takara Shuzo Co., Ltd. (Japan)|宝酒造株式会社",JP,OpenAlex
https://ror.org/03cw8qd03,Zurich Insurance Group (Switzerland),Zurich Insurance Group (Switzerland)|Zürich Versicherungen,CH,OpenAlex
https://ror.org/01cakqh38,LMC Diabetes & Endocrinology (Canada),LMC Diabetes & Endocrinology (Canada),CA,OpenAlex
https://ror.org/01geb0342,Anthem (United States),"Anthem (United States)|WellPoint, Inc",US,OpenAlex
https://ror.org/03x2dsw59,Ultrasonic Technologies (United States),Ultrasonic Technologies (United States)|UST,US,OpenAlex
https://ror.org/05qf0w940,Tongling Nonferrous Metals Group Holding (China),Tongling Nonferrous Metals Group Holding (China)|铜陵有色金属集团控股有限公司|TNMG,CN,OpenAlex
https://ror.org/00mtkrz32,Eni Rewind (Italy),Eni Rewind (Italy)|Eni Rewind S.p.A.|EniChem|Syndial S.p.A.,IT,OpenAlex
https://ror.org/031rbfd73,Ball (France),Ball (France),FR,OpenAlex
https://ror.org/00hf3db96,Aerospace Testing Alliance (United States),Aerospace Testing Alliance (United States)|ATA,US,OpenAlex
https://ror.org/01cc9yk21,ViiV Healthcare (United Kingdom),ViiV Healthcare (United Kingdom),GB,OpenAlex
https://ror.org/02ybv7q93,Engie (France),Engie (France)|GDF Suez,FR,OpenAlex
https://ror.org/03zxxbe81,Synaptic Research (United States),Synaptic Research (United States),US,OpenAlex
https://ror.org/046y50921,AB Vista (United Kingdom),AB Vista (United Kingdom),GB,OpenAlex
https://ror.org/04hr9sz71,Samsung Semiconductor (United States),"Samsung Semiconductor|Samsung Semiconductor (United States)|Samsung Semiconductor, Inc.",US,OpenAlex
https://ror.org/01c3dm486,MetLife (United States),MetLife (United States)|Metropolitan Life Insurance Company|MLIC,US,OpenAlex
https://ror.org/017bpsz44,Rejonowe Przedsiębiorstwo Wodociągów i Kanalizacji W Sosnowcu (Poland),RPWiK Sosnowiec S.A.|Rejonowe Przedsiębiorstwo Wodociągów i Kanalizacji W Sosnowcu (Poland)|RPWIK,PL,OpenAlex
https://ror.org/02mbz3q09,Kaman (United States),Kaman (United States),US,OpenAlex
https://ror.org/02gnmy268,Applied GeoSolutions (United States),Applied GeoSolutions (United States)|AGS,US,OpenAlex
https://ror.org/04x6tqs25,Nova Chemicals (Canada),Nova Chemicals (Canada),CA,OpenAlex
https://ror.org/0465c8g46,Clariant (Switzerland),Clariant (Switzerland),CH,OpenAlex
https://ror.org/002scw660,Casio (Japan),Casio (Japan)|カシオ計算機株式会社,JP,OpenAlex
https://ror.org/004z3ar85,Active Medicine (United Kingdom),Active Medicine (United Kingdom),GB,OpenAlex
https://ror.org/005h05b25,Circle (United States),Circle (United States),US,OpenAlex
https://ror.org/008a97q41,Centro Nacional de Biopreparados (Cuba),Centro Nacional de Biopreparados (Cuba)|BIOCEN,CU,OpenAlex
https://ror.org/02zkph911,AVL (France),AVL (France),FR,OpenAlex
https://ror.org/044kqk861,Instituto Vital Brazil (Brazil),Instituto Vital Brazil (Brazil),BR,OpenAlex
https://ror.org/05467hx49,Altos Labs,Altos Labs,,OpenAlex
https://ror.org/016tgjt09,Steigerwald Arzneimittelwerk (Germany),Steigerwald Arzneimittelwerk (Germany)|Steigerwald Arzneimittelwerk GmbH|Steigerwald pharmaceutical factory GmbH,DE,OpenAlex
https://ror.org/05yk11s87,United Space Alliance (USA),United Space Alliance (USA),US,OpenAlex
https://ror.org/01ry0hm85,RealNetworks (United States),Progressive Networks|RealNetworks (United States),US,OpenAlex
https://ror.org/0075b7k59,Mitsubishi Electric (France),Mitsubishi Denki Kabushiki-Gaisha|Mitsubishi Electric (France),FR,OpenAlex
https://ror.org/01p1t0k52,Novo Nordisk (Switzerland),Novo Nordisk (Switzerland),CH,OpenAlex
https://ror.org/0359sgh16,Advanced Technologies Group (United States),Advanced Technologies Group (United States)|ATGI,US,OpenAlex
https://ror.org/03z47zw42,Charles River Analytics (United States),Charles River Analytics (United States),US,OpenAlex
https://ror.org/04k2vba54,Molecular Theranostics (United States),Molecular Theranostics (United States)|Prostate Theranostics,US,OpenAlex
https://ror.org/00c7rx184,Routledge (United Kingdom),Routledge (United Kingdom),GB,OpenAlex
https://ror.org/00xn5w219,OMV (Austria),OMV (Austria),AT,OpenAlex
https://ror.org/030893n97,Reckitt Benckiser (United States),Reckitt Benckiser (United States)|RB,US,OpenAlex
https://ror.org/03cd01b85,Navistar International (United States),International Harvester Company|Navistar International (United States),US,OpenAlex
https://ror.org/00n49pr77,Digital China Health (China),DCHealth|Digital China Health (China)|Digital China Health Technologies|神州医疗,CN,OpenAlex
https://ror.org/02my4g447,Ocean Power Technologies (United States),Ocean Power Technologies (United States)|OPT,US,OpenAlex
https://ror.org/036999x25,Advanced Engineering Services (Japan),Advanced Engineering Services (Japan)|株式会社エイ・イー・エス|AES,JP,OpenAlex
https://ror.org/03kkp9n92,BYD (China),BYD (China)|Build Your Dreams|比亚迪股份有限公司,CN,OpenAlex
https://ror.org/04h7gmn81,OriginWater (China),Beijing OriginWater Technology|OriginWater (China)|碧水源|BOW,CN,OpenAlex
https://ror.org/047kbmp67,Global Services (Slovakia),Global Services (Slovakia),SK,OpenAlex
https://ror.org/00rngf163,Karsa (Finland),Karsa (Finland),FI,OpenAlex
https://ror.org/00zq45236,SurgiMedia (France),Intelligent Surgical Instruments & Systems|SurgiMedia (France)|ISIS,FR,OpenAlex
https://ror.org/041ch6a11,Barilla (Italy),Barilla (Italy),IT,OpenAlex
https://ror.org/048yeyk79,Guzhou Transportation Planning Survey & Design Academe (China),Guizhou Province Transportation Planning Survey and Design Institute|Guzhou Transportation Planning Survey & Design Academe (China)|贵州交通规划勘察设计院有限公司,CN,OpenAlex
https://ror.org/01484hw40,Marvell (Israel),Marvell (Israel)|Marvell Technology Group,IL,OpenAlex
https://ror.org/03aeycp46,Meyer (China),Meyer (China)|美亞廚具旗艦店,CN,OpenAlex
https://ror.org/056zfc440,Visteon (South Korea),Visteon (South Korea)|VC,KR,OpenAlex
https://ror.org/007d31z96,All-Russian Institute of Light Alloys (Russia),All-Russian Institute of Light Alloys (Russia)|Vils Scientific Production Association|Всероссийский институт лёгких сплавов «ВИЛС»|VILS,RU,OpenAlex
https://ror.org/00tct5242,Polaris (United States),Polaris (United States),US,OpenAlex
https://ror.org/04j9nyn50,Nielsen Engineering & Research (United States),Nielsen Engineering & Research (United States)|NEAR,US,OpenAlex
https://ror.org/01hpb1x88,EKOS Corporation,EKOS Corporation,US,OpenAlex
https://ror.org/03d1dz577,WSP Sverige (Sweden),WSP Sverige (Sweden),SE,OpenAlex
https://ror.org/04tttpd30,Changhong (China),Changhong (China)|Sichuan Changhong Electric|四川长虹电器股份有限公司,CN,OpenAlex
https://ror.org/049f4wb20,Boiron (France),Boiron (France),FR,OpenAlex
https://ror.org/001m7ja14,FIT Consulting (Italy),FIT Consulting (Italy),IT,OpenAlex
https://ror.org/00pprn321,Denali Therapeutics (United States),Denali Therapeutics (United States),US,OpenAlex
https://ror.org/01bnchp17,Procter & Gamble (India),Procter & Gamble (India)|P&G,IN,OpenAlex
https://ror.org/02s3d9n87,Nippon Shokubai (Japan),Nippon Shokubai (Japan)|株式会社日本触媒,JP,OpenAlex
https://ror.org/03xm3wq50,Doctors Company (United States),Doctors Company (United States),US,OpenAlex
https://ror.org/00nz5p994,Dongwha Pharm (South Korea),Dongwha Pharm (South Korea),KR,OpenAlex
https://ror.org/02wnbr922,IBM (France),IBM (France)|International Business Machines Corporation,FR,OpenAlex
https://ror.org/03av1g763,Genos (Croatia),Genos (Croatia),HR,OpenAlex
https://ror.org/041vyyf82,Avaya (United States),Avaya (United States),US,OpenAlex
https://ror.org/0542yj463,Guided Therapeutics (United States),Guided Therapeutics (United States),US,OpenAlex
https://ror.org/00vvs5b96,Leo Pharma (Australia),Leo Pharma (Australia),AU,OpenAlex
https://ror.org/02jht7h37,Kohler (New Zealand),Kohler (New Zealand),NZ,OpenAlex
https://ror.org/0084vrs13,Clariant (Germany),Clariant (Germany),DE,OpenAlex
https://ror.org/00kn8e190,DHC Software (China),DHC Software (China),CN,OpenAlex
https://ror.org/01nm9xk96,Kumho Petrochemical (South Korea),Kumho Petrochemical (South Korea)|금호석유화학 주식회사|KKPC,KR,OpenAlex
https://ror.org/02yq0sn95,Posten (Norway),Norway Post|Posten (Norway)|Posten Norge|Postverket|Postvesenet,NO,OpenAlex
https://ror.org/03tw2c072,Sandvik (Norway),Sandvik (Norway),NO,OpenAlex
https://ror.org/05syhdw25,Visa (United Kingdom),Visa (United Kingdom),GB,OpenAlex
https://ror.org/020v32r42,Royal HaskoningDHV (Netherlands),Royal HaskoningDHV (Netherlands),NL,OpenAlex
https://ror.org/02pw67e25,CE Technologies (United Kingdom),CE Technologies (United Kingdom),GB,OpenAlex
https://ror.org/04b4qa207,ZeptoMetrix (United States),ZeptoMetrix (United States),US,OpenAlex
https://ror.org/055hmgs82,Network Group (Czechia),Network Group (Czechia),CZ,OpenAlex
https://ror.org/0135n9613,SpaceTech (Germany),SpaceTech (Germany)|STI,DE,OpenAlex
https://ror.org/01rt6qg79,Suzano (Brazil),Suzano (Brazil),BR,OpenAlex
https://ror.org/01sqm5e44,Shin Nippon Biomedical Laboratories (Japan),Shin Nippon Biomedical Laboratories (Japan)|新日本バイオメディカル研究所|SNBL,JP,OpenAlex
https://ror.org/0377apf83,Swiss Re (Switzerland),Swiss Re (Switzerland)|Swiss Reinsurance Company Ltd,CH,OpenAlex
https://ror.org/052d5f872,Indena (Italy),Indena (Italy)|Inverni & della Beffa SpA,IT,OpenAlex
https://ror.org/01526xe10,Boston Consulting Group (United States),Boston Consulting Group|Boston Consulting Group (United States)|Boston Consulting Group Inc|The Boston Consulting Group|BCG,,OpenAlex
https://ror.org/049rcsq44,JNC (Japan),Chisso|JNC (Japan)|Japan New Chisso,JP,OpenAlex
https://ror.org/04pe4vg07,Costello Medical Consulting (United Kingdom),Costello Medical Consulting (United Kingdom),GB,OpenAlex
https://ror.org/03y83c407,Babcock Power (United Kingdom),Babcock Power (United Kingdom),GB,OpenAlex
https://ror.org/04y2vsa64,Hogan Lovells (United States),Hogan Lovells (United States),US,OpenAlex
https://ror.org/020rm1980,Res Publica (Norway),Res Publica (Norway),NO,OpenAlex
https://ror.org/027b52158,Plasma (Macedonia),Plasma (Macedonia),MK,OpenAlex
https://ror.org/01hbz8t53,Wipro (Singapore),Western India Palm Refined Oils Limited|Western India Products Limited|Wipro (Singapore),SG,OpenAlex
https://ror.org/01b6ear34,Sulzer (United Kingdom),Sulzer (United Kingdom)|Sulzer Brothers Ltd,GB,OpenAlex
https://ror.org/03wn09h25,Novelis (Canada),Novelis (Canada),CA,OpenAlex
https://ror.org/00ab7gt92,Sinclair Pharma,Sinclair Pharma,GB,OpenAlex
https://ror.org/03jz67a83,PTC Therapeutics (United States),PTC Therapeutics (United States),US,OpenAlex
https://ror.org/05hy8nr95,Io Therapeutics (United States),Io Therapeutics (United States),US,OpenAlex
https://ror.org/027f7xa47,Procter & Gamble (Belgium),Procter & Gamble (Belgium)|P&G,BE,OpenAlex
https://ror.org/02hanc252,Social Security Office (Thailand),Social Security Office (Thailand)|SSO,TH,OpenAlex
https://ror.org/03g8dtk63,Synapse (Netherlands),Synapse (Netherlands),NL,OpenAlex
https://ror.org/03mjnxj17,LEK Consulting (United States),LEK Consulting (United States),US,OpenAlex
https://ror.org/0566y6534,Sotera Defense Solutions (United States),Sotera Defense Solutions (United States),US,OpenAlex
https://ror.org/0521k5n17,Western Digital (Japan),Western Digital (Japan),JP,OpenAlex
https://ror.org/00cjvpn28,Capital Group (United States),Capital Group (United States),US,OpenAlex
https://ror.org/01dp84930,Indium Corporation (United States),Indium Corporation (United States),US,OpenAlex
https://ror.org/01gk6p474,Martel,Martel,CH,OpenAlex
https://ror.org/01nvz9x61,Sartorius (Germany),Sartorius (Germany),DE,OpenAlex
https://ror.org/03faeab35,ABB (Finland),ABB (Finland)|ASEA Brown Boveri,FI,OpenAlex
https://ror.org/05mxqzt83,Acoustics (Norway),Acoustics (Norway),NO,OpenAlex
https://ror.org/05ycfv646,Multiconsult (Norway),Multiconsult (Norway),NO,OpenAlex
https://ror.org/00zpf0626,Nokia (United Kingdom),Nokia (United Kingdom),GB,OpenAlex
https://ror.org/00yb5c421,Valio (Finland),Valio (Finland),FI,OpenAlex
https://ror.org/01mr2n737,Škoda (Czechia),Škoda (Czechia)|Škoda Auto,CZ,OpenAlex
https://ror.org/008c12b21,Communications & Power Industries (United States),CPI International|Communications & Power Industries (United States)|CPI,US,OpenAlex
https://ror.org/023yqa482,Symrise (Germany),Symrise (Germany),DE,OpenAlex
https://ror.org/04htqgq60,Heidenhain (Germany),Dr. Johannes Heidenhain Gmb|Heidenhain (Germany),DE,OpenAlex
https://ror.org/04jc0r179,UK Coal,UK Coal|UK Coal Production Ltd,GB,OpenAlex
https://ror.org/00zs45r78,Circuit Therapeutics (United States),Circuit Therapeutics (United States),US,OpenAlex
https://ror.org/01scb6a48,EM Photonics (United States),EM Photonics (United States),US,OpenAlex
https://ror.org/01x8fkj71,NGM Biopharmaceuticals (United States),NGM Biopharmaceuticals (United States),US,OpenAlex
https://ror.org/045rgx026,Saab (Switzerland),Saab (Switzerland),CH,OpenAlex
https://ror.org/005n4dc83,Tianjin Synthetic Material Research Institute (China),Tianjin Synthetic Material Research Institute (China)|天津市合成材料工业研究所有限公司|TSMRI,CN,OpenAlex
https://ror.org/01tqja591,Morinaga (Japan),Morinaga (Japan)|森永製菓株式会社,JP,OpenAlex
https://ror.org/02hs8rd37,Agrico (Netherlands),Agrico (Netherlands),NL,OpenAlex
https://ror.org/03819cc96,Microsoft (Israel),Microsoft (Israel),IL,OpenAlex
https://ror.org/03zedkf25,Penta-Ocean Construction (Japan),Penta-Ocean Construction (Japan),JP,OpenAlex
https://ror.org/03efc2j36,Gran Telescopio Canarias (Spain),Gran Telescopio Canarias (Spain)|GTC|GranTeCan,ES,OpenAlex
https://ror.org/05p8kt313,Eli Lilly (Canada),Eli Lilly (Canada),CA,OpenAlex
https://ror.org/01w2zpd04,T-Mobile (United States),T-Mobile (United States),US,OpenAlex
https://ror.org/03ft27t79,Advanced Materials and Technologies (Slovenia),Advanced Materials and Technologies (Slovenia)|Napredni materiali in tehnologije|NaMaT,SI,OpenAlex
https://ror.org/05xprgr51,Veritas (United States),Veritas (United States),US,OpenAlex
https://ror.org/05fjnvm14,Flow Analysis (United States),Flow Analysis (United States),US,OpenAlex
https://ror.org/044h7tr79,Hilti (Liechtenstein),Hilti (Liechtenstein)|Hilti Aktiengesellschaft|Hilti Group,LI,OpenAlex
https://ror.org/05w425588,Ciena (United States),Ciena (United States),US,OpenAlex
https://ror.org/010qd1m54,Institut für Nachhaltige Landbewirtschaftung (Germany),Institut für Nachhaltige Landbewirtschaftung (Germany)|INL,DE,OpenAlex
https://ror.org/04jqk5a71,COI Ceramics (United States),COI Ceramics (United States),US,OpenAlex
https://ror.org/02j2j7n26,Schmid (Germany),Schmid (Germany),DE,OpenAlex
https://ror.org/04pb97k73,Hewlett-Packard (Germany),Hewlett-Packard (Germany)|HP,DE,OpenAlex
https://ror.org/05m43a381,Euclid Techlabs (United States),Euclid Techlabs (United States),US,OpenAlex
https://ror.org/03etn8e63,Uninett (Norway),Uninett (Norway),NO,OpenAlex
https://ror.org/039d85044,IDEO (United States),IDEO (United States)|international design and consulting firm,US,OpenAlex
https://ror.org/01083gz70,Daiichi Sankyo (United Kingdom),Daiichi Sankyo (United Kingdom),GB,OpenAlex
https://ror.org/01bnkw221,Magnitogorsk Gipromez (Russia),"Magnitogorsk Gipromez (Russia)|ОАО ""МАГНИТОГОРСКИЙ ГИПРОМЕЗ""|“Magnitogorsk institute on metallurgical plants projecting”",RU,OpenAlex
https://ror.org/0295epx19,Fuchs (Germany),Fuchs (Germany)|Fuchs Petrolub,DE,OpenAlex
https://ror.org/03ey0nh96,Berry Oncology (China),Berry Oncology (China)|和瑞基因,CN,OpenAlex
https://ror.org/046dtqb83,Kayser (Italy),Kayser (Italy),IT,OpenAlex
https://ror.org/04vgfdj66,EVERSANA (Canada),EVERSANA (Canada),CA,OpenAlex
https://ror.org/02chsfe33,SINOPEC Geophysical Research Institute (China),SINOPEC Geophysical Research Institute|SINOPEC Geophysical Research Institute (China)|中石化石油物探技术研究院有限公司|SGRI,CN,OpenAlex
https://ror.org/05wy2at76,Engineers India (India),Engineers India (India)|Engineers India Limited|इंजीनियर्स इंडिया लिमिटेड|EIL,IN,OpenAlex
https://ror.org/03td08d28,TechnipFMC (United States),TechnipFMC (United States),US,OpenAlex
https://ror.org/01kvp0178,Ontario Power Generation,Ontario Power Generation|OPG,CA,OpenAlex
https://ror.org/04w3zk015,IDEXX Laboratories (France),IDEXX Laboratories (France),FR,OpenAlex
https://ror.org/00eqa6a26,Sichuan Provincial Architectural Design and Research Institute (China),Sichuan Provincial Architectural Design and Research Institute (China)|四川省建筑设计研究院|SADI,CN,OpenAlex
https://ror.org/00hzjtg80,Comtes Fht (Czechia),COMTES FHT|COMTES FHT a.s.|Complete Technological Service - Forming Heat Treatment|Comtes Fht (Czechia),CZ,OpenAlex
https://ror.org/00ntq6s45,Shell (India),Royal Dutch Shell|Shell (India)|SIMPL,IN,OpenAlex
https://ror.org/04vyg0r47,Criteo (France),Criteo (France),FR,OpenAlex
https://ror.org/01gtctx88,GW Pharmaceuticals (United Kingdom),GW Pharmaceuticals (United Kingdom),GB,OpenAlex
https://ror.org/01gk2j051,Magna International (Germany),Magna International (Germany),DE,OpenAlex
https://ror.org/026jgjr74,Spectral Sciences (United States),Spectral Sciences (United States)|SSI,US,OpenAlex
https://ror.org/01fba6t94,Group Image (Poland),Group Image (Poland),PL,OpenAlex
https://ror.org/040pyq062,Shandong Lianxing Energy Group (China),Shandong Lianxing Energy Group (China)|Shandong Spark Research Institute|Shandong Spark Scientific and Technology Research Institute|山东联星能源集团,CN,OpenAlex
https://ror.org/04hy71c73,Hangzhou DAC Biotech (China),Hangzhou DAC Biotech (China)|杭州多禧生物科技有限公司,CN,OpenAlex
https://ror.org/05qj0n416,Xanadu Quantum Technologies (Canada),Xanadu Quantum Technologies (Canada),CA,OpenAlex
https://ror.org/05bz49965,Angelini Pharma (Italy),Angelini Pharma (Italy),IT,OpenAlex
https://ror.org/03jh7vc52,PA Consulting Group,PA Consulting Group,GB,OpenAlex
https://ror.org/00j681549,Sofradir (France),Sofradir (France),FR,OpenAlex
https://ror.org/038j31m11,Essential Research (United States),Essential Research (United States),US,OpenAlex
https://ror.org/03kaqgs21,Eutropics Pharmaceuticals (United States),Eutropics Pharmaceuticals (United States),US,OpenAlex
https://ror.org/04vxxnr42,General Electric (Argentina),General Electric (Argentina)|GE,AR,OpenAlex
https://ror.org/040apef74,Mundipharma (Germany),Mundipharma (Germany),DE,OpenAlex
https://ror.org/03tvt3c62,Goodyear (United Kingdom),Goodyear (United Kingdom),GB,OpenAlex
https://ror.org/00d9y2633,NTT (Italy),NTT (Italy)|Nippon Telegraph and Telephone,IT,OpenAlex
https://ror.org/01eyenr26,Dolby (United States),Dolby (United States)|Dolby Labs,US,OpenAlex
https://ror.org/01y4fs673,Soft Imaging LLC (United States),Soft Imaging|Soft Imaging LLC|Soft Imaging LLC (United States),US,OpenAlex
https://ror.org/01zkemb37,MSD (Germany),MSD (Germany)|Merck Sharp & Dohme|MSD,DE,OpenAlex
https://ror.org/05g28da90,Strategic Analysis (United States),Strategic Analysis (United States)|SA,US,OpenAlex
https://ror.org/054btrt70,"Berry Consultants, LLC (United States)","Berry|Berry Consultants|Berry Consultants, LLC|Berry Consultants, LLC (United States)",US,OpenAlex
https://ror.org/01y13ze91,SKF (Netherlands),SKF (Netherlands)|Svenska Kullagerfabriken,NL,OpenAlex
https://ror.org/01f9fz831,Ingeniería y Soluciones Informáticas (Spain),Ingeniería y Soluciones Informáticas (Spain)|ISOIN,ES,OpenAlex
https://ror.org/04fpm9z44,Sugar Research Australia (Australia),Sugar Research Australia (Australia)|SRA,AU,OpenAlex
https://ror.org/0132ebr60,Toyota Industries (United States),Toyota Industries (United States),US,OpenAlex
https://ror.org/00rzpns50,Hyundai Steel (South Korea),"Hyundai INI Steel|Hyundai Steel (South Korea)|Incheon Iron & Steel Co., Ltd|현대제철|HSC",KR,OpenAlex
https://ror.org/000e19x32,Kjeller Innovasjon (Norway),Kjeller Innovasjon (Norway)|Kjeller Innovation,NO,OpenAlex
https://ror.org/02z0n2g81,Arçelik (Turkey),Arçelik (Turkey),TR,OpenAlex
https://ror.org/036791a63,S&C Electric Company (United States),S&C Electric Company (United States),US,OpenAlex
https://ror.org/03nrvep03,MetaMateria (United States),MetaMateria (United States),US,OpenAlex
https://ror.org/0505r1x13,Affymax (United States),Affymax (United States),US,OpenAlex
https://ror.org/04yq0fn97,Yueyang Changling Equipment Research Institute (China),Yueyang Changling Equipment Research Institute (China)|岳阳长岭设备研究所有限公司|CLSY,CN,OpenAlex
https://ror.org/00k5x3m24,Altice Portugal (Portugal),Altice Portugal|Altice Portugal (Portugal)|Company Portuguesa Rádio Marconi|PT Portugal SGPS|Portugal Telecom|PT,PT,OpenAlex
https://ror.org/05ttt5a28,Intersil (United States),Intersil (United States),US,OpenAlex
https://ror.org/003kxr082,British Airways (United Kingdom),British Airways (United Kingdom)|BA,GB,OpenAlex
https://ror.org/02dcjej90,RTDS Technologies (Canada),RTDS Technologies (Canada),CA,OpenAlex
https://ror.org/03c23hy31,One Cell Systems (United States),One Cell Systems (United States),US,OpenAlex
https://ror.org/04bssxt85,Universal Technology Corporation (United States),Universal Technology Corporation (United States),US,OpenAlex
https://ror.org/052vnbj45,Apache (Canada),Apache (Canada),CA,OpenAlex
https://ror.org/04mv7q109,HEAD Acoustics (Germany),HEAD Acoustics (Germany),DE,OpenAlex
https://ror.org/05kyy7d06,Saab (Sweden),Saab (Sweden),SE,OpenAlex
https://ror.org/04zqx6d52,NKT Holding (Denmark),NKT Holding (Denmark)|Nordiske Kabel og Traadfabriker,DK,OpenAlex
https://ror.org/04n91v483,Metron (United States),Metron (United States),US,OpenAlex
https://ror.org/00x2yxc55,Artelia (France),Artelia (France),FR,OpenAlex
https://ror.org/01rqa9952,G & A Technical Software (United States),G & A Technical Software (United States)|GATS Inc|Global Atmospheric Technologies and Sciences,US,OpenAlex
https://ror.org/02zz8mw60,GlaxoSmithKline (Canada),GlaxoSmithKline (Canada)|GSK,CA,OpenAlex
https://ror.org/037fhg487,Glenmark Pharmaceuticals (India),Glenmark Pharmaceuticals (India),IN,OpenAlex
https://ror.org/03v1e0p66,Smiths Detection (France),Smiths Detection (France),FR,OpenAlex
https://ror.org/047nyf941,Safran Helicopter Engines (France),Safran Helicopter Engines (France)|Turbomeca,FR,OpenAlex
https://ror.org/02fy54p06,Asahi Kasei Therapeutics Corporation (Japan),Asahi Kasei Pharma|Asahi Kasei Pharma Corporation|Asahi Kasei Therapeutics Corporation|Asahi Kasei Therapeutics Corporation (Japan)|旭化成セラピューティクス株式会社|旭化成ファーマ株式会社,JP,OpenAlex
https://ror.org/00szk3r18,IQVIA (India),IQVIA (India)|Quintiles,IN,OpenAlex
https://ror.org/055ryq086,TRC Companies (United States),TRC Companies (United States),US,OpenAlex
https://ror.org/04qce9v53,Integra LifeSciences (United States),Integra LifeSciences (United States),US,OpenAlex
https://ror.org/017afst72,Blackberry (United States),Blackberry (United States)|Research In Motion Limited|RIM,US,OpenAlex
https://ror.org/05rx1xe20,Conexant (United States),Conexant (United States),US,OpenAlex
https://ror.org/05vdj2825,Nihon Kohden (Japan),Nihon Kohden (Japan)|Nihon Kōdenkōgyō Kabushiki-gaisha|日本光電工業株式会社,JP,OpenAlex
https://ror.org/02w3y1050,Arena Pharmaceuticals (United States),Arena Pharmaceuticals (United States),US,OpenAlex
https://ror.org/03791d618,Kimberly-Clark (United States),Kimberly-Clark (United States),US,OpenAlex
https://ror.org/03af82z38,LFB (France),LFB (France)|Laboratoires Français de Fractionnement et des Biotechnologies,FR,OpenAlex
https://ror.org/03r6cjj65,Luzhou Laojiao (China),"Luzhou Laojiao|Luzhou Laojiao (China)|Luzhou Laojiao Co., Ltd.|泸州老窖|泸州老窖股份有限公司|LZLJ",CN,OpenAlex
https://ror.org/055kr0e44,ADVA Optical Networking (Germany),ADVA Optical Networking (Germany),DE,OpenAlex
https://ror.org/00w9t4e98,Elpen Pharmaceutical (Greece),Elpen Pharmaceutical (Greece),GR,OpenAlex
https://ror.org/01bv0ma93,Artemis (United States),Artemis (United States),US,OpenAlex
https://ror.org/01x1wr265,Tata Technologies (India),Tata Technologies (India),IN,OpenAlex
https://ror.org/038f3wn67,Freiberger Compound Materials (Germany),Freiberger Compound Materials (Germany)|FCM,DE,OpenAlex
https://ror.org/03bj8zh59,Tata Steel (United Kingdom),Corus Group|Tata Steel (United Kingdom),GB,OpenAlex
https://ror.org/04j5xmb13,Geologischer Dienst Nordrhein-Westfalen (Germany),Geologischer Dienst NRW|Geologischer Dienst Nordrhein-Westfalen (Germany),DE,OpenAlex
https://ror.org/00kkwkq76,Pfizer (Sweden),Pfizer (Sweden),SE,OpenAlex
https://ror.org/01na5rp93,Bioqual,Bioqual,US,OpenAlex
https://ror.org/024779x77,Cambridge Quantum Computing (United Kingdom),Cambridge Quantum Computing (United Kingdom)|CQC,GB,OpenAlex
https://ror.org/02mhjkx12,Sopra (France),Sopra (France)|Sopra Steria,FR,OpenAlex
https://ror.org/03qj9zv39,Space Information Laboratories (United States),Space Information Laboratories (United States)|SIL,US,OpenAlex
https://ror.org/04f1r9295,Dow Chemical (China),Dow|Dow Chemical (China),CN,OpenAlex
https://ror.org/054z83b16,Alexandra Institute (Denmark),Alexandra Institute (Denmark),DK,OpenAlex
https://ror.org/0556an218,Tescan (Czechia),Tescan (Czechia),CZ,OpenAlex
https://ror.org/031zfq432,Ferring Pharmaceuticals (Switzerland),Ferring Holding SA|Ferring Pharmaceuticals (Switzerland)|Nordiska Hormon Laboratoriet,CH,OpenAlex
https://ror.org/00pqt1c92,Synergy Microwave (United States),Synergy Microwave (United States),US,OpenAlex
https://ror.org/027h3dg90,InferVision (China),Beijing Infervision Technology|InferVision (China),CN,OpenAlex
https://ror.org/02hrkdj18,Willow Wood (United States),Willow Wood (United States),US,OpenAlex
https://ror.org/03agge938,Smith & Nephew (United Kingdom),Smith & Nephew (United Kingdom),GB,OpenAlex
https://ror.org/05d67dc31,Abbott Vascular (United States),Abbott Vascular|Abbott Vascular (United States)|Abbott Vascular Devices,,OpenAlex
https://ror.org/03kkjyc12,Medigene (Germany),Medigene (Germany),DE,OpenAlex
https://ror.org/03njz2k95,Optech (Canada),Optech (Canada),CA,OpenAlex
https://ror.org/05tqy0n53,TeliaSonera (Sweden),Telia Company AB|TeliaSonera (Sweden),SE,OpenAlex
https://ror.org/00a3n8178,System Planning Corporation (United States),System Planning Corporation (United States)|SPC,US,OpenAlex
https://ror.org/01e11zd27,Gilead Sciences (United Kingdom),Gilead Sciences (United Kingdom),GB,OpenAlex
https://ror.org/01vexk157,Centralny Ośrodek Badawczo Rozwojowy Aparatury Badawczej i Dydaktycznej (Poland),Centralny Ośrodek Badawczo Rozwojowy Aparatury Badawczej i Dydaktycznej (Poland)|COBRABiD,PL,OpenAlex
https://ror.org/03x0jax93,SpaceX (United States),Space Exploration Technologies|SpaceX (United States),US,OpenAlex
https://ror.org/05k2n4n22,RELX Group (United States),RELX Group (United States)|Reed Elsevier,US,OpenAlex
https://ror.org/0532vdr17,Signify (Netherlands),Philips Lighting|Philips Lighting N.V.|Signify (Netherlands),NL,OpenAlex
https://ror.org/007737841,PDF Solutions (United States),PDF Solutions (United States),US,OpenAlex
https://ror.org/02h9n8v16,MSD (Mexico),MSD (Mexico)|Merck Sharp & Dohme|MSD,MX,OpenAlex
https://ror.org/02mbz1h25,Laboratory of Data Discovery for Health,Laboratory of Data Discovery for Health|醫衞大數據深析實驗室有限公司|D²4H,HK,OpenAlex
https://ror.org/01nx9mw61,Space Hellas (Greece),Space Hellas (Greece),GR,OpenAlex
https://ror.org/01ga31z69,Cochlear (United States),Cochlear (United States),US,OpenAlex
https://ror.org/03bd77x85,Raisio (Finland),Raisio (Finland)|Raisio Group,FI,OpenAlex
https://ror.org/05w1xct55,Lilly (China),Lilly (China),CN,OpenAlex
https://ror.org/043a53k35,Trend Micro (Japan),Torendo Maikuro Kabushiki-Gaisha|Trend Micro (Japan)|トレンドマイクロ株式会社,JP,OpenAlex
https://ror.org/01hv3m305,Becker Technologies (Germany),Becker Technologies (Germany),DE,OpenAlex
https://ror.org/02cbhvc53,China National Chemical Corporation (China),Bluestar Company|ChemChina|China National Chemical Corporation (China)|中国化工集团公司,CN,OpenAlex
https://ror.org/03zx8g717,Techno India Group (India),Techno India Group (India),IN,OpenAlex
https://ror.org/04727qm97,Nomor Research (Germany),Nomor Research (Germany),DE,OpenAlex
https://ror.org/04ktfyy52,Pfizer (China),Pfizer (China)|辉瑞公司,CN,OpenAlex
https://ror.org/00dgkkx07,Institut für Getreideverarbeitung (Germany),Institut für Getreideverarbeitung (Germany)|IGV,DE,OpenAlex
https://ror.org/00vwzpd62,American Journal Experts (United States),American Journal Experts (United States)|AJE,US,OpenAlex
https://ror.org/02kgsyn41,Vacuumschmelze (Germany),Vacuumschmelze (Germany)|VAC,DE,OpenAlex
https://ror.org/030edbc02,Clinical Research Consultants (United States),Clinical Research Consultants (United States)|CRC,US,OpenAlex
https://ror.org/049px0x49,Dow Chemical (Netherlands),Dow|Dow Chemical (Netherlands),NL,OpenAlex
https://ror.org/03781qc53,Frontier Energy (United States),Frontier Energy (United States),US,OpenAlex
https://ror.org/05ppr9v64,Posit Science (United States),Neuroscience Solutions Corporation|Posit Science (United States),US,OpenAlex
https://ror.org/056acjt11,Research Institute of Technology (Russia),"JSC ""NITI-Tesar""|Research Institute of Technology (Russia)",RU,OpenAlex
https://ror.org/02avhnb77,Emerald Group Publishing (United Kingdom),Emerald Group Publishing (United Kingdom)|MCB UP Ltd,GB,OpenAlex
https://ror.org/007857862,Kreiskrankenhaus Gummersbach,Kreiskrankenhaus Gummersbach,DE,OpenAlex
https://ror.org/00qkqnk52,Language Technology Centre,Language Technology Centre|LTC,GB,OpenAlex
https://ror.org/024wc1x05,Inagro (Belgium),Inagro (Belgium),BE,OpenAlex
https://ror.org/03qy1wr49,Tasmanian Abalone Council (Australia),Tasmanian Abalone Council (Australia)|TAC,AU,OpenAlex
https://ror.org/024t8ay66,Yahoo Japan Corp. (Japan),Yahoo Japan|Yahoo Japan Corp.|Yahoo Japan Corp. (Japan)|ヤフー株式会社,JP,OpenAlex
https://ror.org/001y71q13,Wave Dragon (Denmark),Wave Dragon (Denmark),DK,OpenAlex
https://ror.org/00pn5a327,Rambus (United States),Rambus (United States),US,OpenAlex
https://ror.org/01d4rpj46,MicroVision (United States),MicroVision (United States),US,OpenAlex
https://ror.org/01jrqwn31,GC Corporation (Japan),GC Corporation (Japan),JP,OpenAlex
https://ror.org/0461kck49,ABB (India),ABB (India)|ASEA Brown Boveri,IN,OpenAlex
https://ror.org/042n88708,Nitto RIKEN (Japan),Nitto RIKEN (Japan)|日東理化学株式会社,JP,OpenAlex
https://ror.org/00nvd8535,"Oji Paper Co., Ltd. (Japan)","Oji Paper|Oji Paper Co., Ltd.|Oji Paper Co., Ltd. (Japan)|王子製紙株式会社",JP,OpenAlex
https://ror.org/00qwj7906,EA Technology,EA Technology,GB,OpenAlex
https://ror.org/04qvy9k41,Evotec (United Kingdom),Evotec (United Kingdom),GB,OpenAlex
https://ror.org/056c8b450,Maxim Integrated (United States),Maxim Integrated (United States),US,OpenAlex
https://ror.org/05gyk0k71,IMS Nanofabrication (Austria),IMS Nanofabrication (Austria),AT,OpenAlex
https://ror.org/03h4b0p21,Oil India (India),Oil India (India)|OIL,IN,OpenAlex
https://ror.org/05mrzft53,CSL (United Kingdom),CSL (United Kingdom)|ZLB Behring,GB,OpenAlex
https://ror.org/00kt5kp12,MSD (France),MSD (France)|Merck Sharp & Dohme|MSD,FR,OpenAlex
https://ror.org/023cs4y60,Remote Sensing Solutions (Germany),Remote Sensing Solutions (Germany)|RSS,DE,OpenAlex
https://ror.org/04dszkr43,De Agostini (Italy),De Agostini (Italy),IT,OpenAlex
https://ror.org/011rxtm45,Exelis (United States),Exelis (United States)|ITT Exelis,US,OpenAlex
https://ror.org/02ppykv54,Ipca Laboratories (India),Ipca Laboratories (India),IN,OpenAlex
https://ror.org/04s4kqd92,Dabur Research Foundation (India),Dabur Research Foundation (India)|DRF,IN,OpenAlex
https://ror.org/05cndr128,Research Center for Non Destructive Testing (Austria),Research Center for Non Destructive Testing (Austria)|RECENDT,AT,OpenAlex
https://ror.org/0431y1695,Eppendorf (Belgium),Eppendorf (Belgium),BE,OpenAlex
https://ror.org/05ggvgr57,Repligen (United States),Repligen (United States),US,OpenAlex
https://ror.org/001rfde81,Henan Tianguan Group (China),Henan Tianguan Group (China),CN,OpenAlex
https://ror.org/00e1g8a02,Teledyne e2v (United Kingdom),Teledyne Technologies|Teledyne e2v (United Kingdom)|e2v,GB,OpenAlex
https://ror.org/01ydbqk02,Fujian Academy of Building Research (China),Fujian Academy of Building Research (China)|Fujian Academy of Construction|福建省建筑科学研究院,CN,OpenAlex
https://ror.org/02a1vsn34,"Kobelco Research Institute, Inc. (Japan)","Kobelco Research Institute|Kobelco Research Institute, Inc.|Kobelco Research Institute, Inc. (Japan)|株式会社コベルコ科研",JP,OpenAlex
https://ror.org/03nx8tr59,Fortum (Finland),Fortum (Finland),FI,OpenAlex
https://ror.org/05rfemm41,Radiotelevisione Italiana (Italy),Radiotelevisione Italiana (Italy)|RAI|URI,IT,OpenAlex
https://ror.org/05ttsqg93,Medtronic (Germany),Medtronic (Germany),DE,OpenAlex
https://ror.org/02a496f07,Witshealth Consortium (Pty) Ltd. (South Africa),Wits Health Consortium|Wits Health Consortium (Pty) Ltd.|Witshealth Consortium|Witshealth Consortium (Pty)|Witshealth Consortium (Pty) Ltd.|Witshealth Consortium (Pty) Ltd. (South Africa)|WHC,ZA,OpenAlex
https://ror.org/00fxnmt68,Boeing (Spain),Boeing (Spain)|Boeing Research & Technology Europe|BR&T,ES,OpenAlex
https://ror.org/00wp2vz04,China Light Industry Press (China),China Light Industry Press (China)|中国轻工业出版社|CHLIP,CN,OpenAlex
https://ror.org/016xf4y16,Dynamic Imaging (United Kingdom),Dynamic Imaging (United Kingdom),GB,OpenAlex
https://ror.org/022352x20,Getinge (Sweden),Getinge (Sweden),SE,OpenAlex
https://ror.org/02hkywq03,Kinectrics (Canada),Kinectrics (Canada),CA,OpenAlex
https://ror.org/02xfc1977,Enthought (United States),Enthought (United States)|EPD,US,OpenAlex
https://ror.org/02h8qh795,Bioneer (Denmark),Bioneer (Denmark),DK,OpenAlex
https://ror.org/04xhs0x67,Beijing Survey and Design Institute (China),Beijing Survey and Design Institute (China)|北京市勘察设计研究院有限,CN,OpenAlex
https://ror.org/0316d5p98,Azbil (Japan),Azbil (Japan)|Yamatake Corporation|アズビル株式会社,JP,OpenAlex
https://ror.org/04zyaf064,Akvaforsk Genetics Center (Norway),Akvaforsk Genetics Center (Norway)|AFGC,NO,OpenAlex
https://ror.org/00bbe8x87,Stallergenes Greer (France),Stallergenes Greer (France),FR,OpenAlex
https://ror.org/00s93j442,Spark Therapeutics (United States),Spark Therapeutics (United States),US,OpenAlex
https://ror.org/02xzt0b24,Yuzhnoye State Design Office (Ukraine),Yuzhnoye State Design Office (Ukraine)|Державне конструкторське бюро «Південне» ім. М. К. Янгеля,UA,OpenAlex
https://ror.org/04ps4d441,Clovis Oncology (United States),Clovis Oncology (United States),US,OpenAlex
https://ror.org/02vm14z65,"NTT Facilities, Inc. (Japan)","NTT Facilities|NTT Facilities, Inc.|NTT Facilities, Inc. (Japan)|株式会社NTTファシリティーズ",JP,OpenAlex
https://ror.org/03gv2tj61,Scottsdale Research Institute (United States),Scottsdale Research Institute (United States)|SRI,US,OpenAlex
https://ror.org/03gezv924,Intel (Taiwan),Intel (Taiwan)|Intel Corporation,TW,OpenAlex
https://ror.org/05rbz8029,Dian Diagnostics (China),Dian Diagnostics (China)|迪安诊断,CN,OpenAlex
https://ror.org/02t11pf93,Veracyte (United States),Veracyte (United States),US,OpenAlex
https://ror.org/037fxwm47,Iron Mountain (United States),Iron Mountain (United States),US,OpenAlex
https://ror.org/03ex76y18,Spring Techno (Germany),Spring Techno (Germany),DE,OpenAlex
https://ror.org/04q92cj22,Atmel (France),Atmel (France)|Atmel Europe S.a.r.l.,FR,OpenAlex
https://ror.org/055he9s77,Systems and Technology Research (United States),Systems and Technology Research (United States)|STR,US,OpenAlex
https://ror.org/0566s9y93,Voith (United States),Voith (United States),US,OpenAlex
https://ror.org/05fstsk68,Abengoa (Spain),"Abengoa (Spain)|Abengoa, S.A.",ES,OpenAlex
https://ror.org/0238hgm18,GeneTrace Systems (United States),GeneTrace Systems (United States),US,OpenAlex
https://ror.org/02wzfbs47,Instituto Tecnológico de Canarias,Instituto Tecnológico de Canarias|Technological Institute of the Canary Islands|ITC,ES,OpenAlex
https://ror.org/0592f1d31,China Railway Rolling Stock Corporation Zhuzhou Institute (China),"CRRC Zhuzhou Electric Locomotive Research Institute|CRRC Zhuzhou Institute|CRRC Zhuzhou Institute Co., Ltd.|China Railway Rolling Stock Corporation Zhuzhou Institute (China)|中车株洲电力机车研究所有限公司|CRRCGC ZSEN",CN,OpenAlex
https://ror.org/024zcda42,National Institutes of Pharmaceutical Research and Development (China),China Pharmaceutical Research|NIP|National Institutes of Pharmaceutical Research and Development (China)|中国医药研究开发中心有限公司,CN,OpenAlex
https://ror.org/03vcdbg75,ATUM (United States),ATUM (United States)|DNA2.0,US,OpenAlex
https://ror.org/04p52xd50,Renaissance Services (United States),Renaissance Services (United States),US,OpenAlex
https://ror.org/02nfvrd33,HTC (Taiwan),HTC (Taiwan)|Hóngdá Guójì Diànzǐ Gǔfèn Yǒuxiàn Gōngsī|宏達國際電子股份有限公司|hTc,TW,OpenAlex
https://ror.org/040vbkv27,Telus (Canada),Telus (Canada),CA,OpenAlex
https://ror.org/00804ej42,Chockie Group International (United States),Chockie Group International (United States)|CGI,US,OpenAlex
https://ror.org/00dsy9f04,EBSCO Industries (United States),EBSCO Industries (United States)|EBSCO Information Services|Ebsco information services|Elton Bryson Stephens Company|EBSCO,US,OpenAlex
https://ror.org/018axtd57,Array BioPharma (United States),Array BioPharma (United States),US,OpenAlex
https://ror.org/036gzc033,DM-STAT (United States),DM-STAT (United States),US,OpenAlex
https://ror.org/05f71tw16,Ipsos (United Kingdom),Ipsos (United Kingdom),GB,OpenAlex
https://ror.org/001h41c24,Data Tecnica International (United States),Data Tecnica International (United States),US,OpenAlex
https://ror.org/00sgqf002,Horiba (France),Horiba (France),FR,OpenAlex
https://ror.org/0427w5y14,Weber and Weber (Germany),Weber and Weber (Germany),DE,OpenAlex
https://ror.org/05rdv5n40,Grundfos (Denmark),Grundfos (Denmark)|ˈkʁɔnˀfɒs,DK,OpenAlex
https://ror.org/0501ptv55,nView Medical (United States),nView Medical (United States),US,OpenAlex
https://ror.org/00a5vpt26,Marine Works Japan Ltd. (Japan),Marine Works Japan|Marine Works Japan Ltd.|Marine Works Japan Ltd. (Japan)|株式会社マリン・ワーク・ジャパン,JP,OpenAlex
https://ror.org/05838sn73,Alliant Techsystems (United States),Alliant Techsystems (United States)|ATK,US,OpenAlex
https://ror.org/01nb7ex83,Longevity Biotech (United States),Longevity Biotech (United States),US,OpenAlex
https://ror.org/03z0x0n35,Pharmaceutical Formulations (United States),Pharmaceutical Formulations (United States),US,OpenAlex
https://ror.org/01x1yxa13,Hungarian Central Statistical Office,Hungarian Central Statistical Office|Központi Statisztikai Hivatal|KSH,HU,OpenAlex
https://ror.org/05t96az61,Cirrus Logic (United States),Cirrus Logic (United States),US,OpenAlex
https://ror.org/030b05n70,123 Certification (Canada),123 Certification (Canada),CA,OpenAlex
https://ror.org/059b2sn04,Guangdong Inspection and Quarantine Technology Center (China),Guangdong Inspection and Quarantine Technology Center (China)|IQTC,CN,OpenAlex
https://ror.org/05sb4tp69,Global Engineering and Materials (United States),Global Engineering and Materials (United States)|GEM,US,OpenAlex
https://ror.org/05rnt2n49,National Power (United Kingdom),National Power (United Kingdom),GB,OpenAlex
https://ror.org/05x1ffr83,Realtek (Taiwan),Realtek (Taiwan)|Ruìyù Bàndǎotǐ Gǔfèn Yǒuxiàn Gōngsī|瑞昱半導體股份有限公司,TW,OpenAlex
https://ror.org/020e1a811,SAES Group (Italy),SAES Group (Italy)|Società Apparecchi Electrici e Scientifici,IT,OpenAlex
https://ror.org/01qe4kz15,Goldwind (China),Goldwind (China),CN,OpenAlex
https://ror.org/02pscrx27,Karolinska Development (Sweden),Karolinska Development (Sweden),SE,OpenAlex
https://ror.org/04yfe8169,Mindray (China),Mindray (China)|Mindray Bio-Medical Electronics|深圳迈瑞生物医疗电子股份有限公司 版权所有,CN,OpenAlex
https://ror.org/02y2rfe31,TGS (United Kingdom),TGS (United Kingdom)|TGS-NOPEC Geophysical Company,GB,OpenAlex
https://ror.org/024es8b17,Natural Selection (United States),Natural Selection (United States),US,OpenAlex
https://ror.org/025f1e779,Merz (Germany),Merz (Germany),DE,OpenAlex
https://ror.org/03hbd7c15,Therapeutics Systems Research Laboratories (United States),Therapeutics Systems Research Laboratories (United States)|TSRL,US,OpenAlex
https://ror.org/00sgxyw28,Comcast (United States),Comcast (United States)|Comcast Holdings,US,OpenAlex
https://ror.org/00b510j51,Sierra Lobo (United States),Sierra Lobo (United States),US,OpenAlex
https://ror.org/02abp7362,358 (Finland),358 (Finland),FI,OpenAlex
https://ror.org/039vzrf55,Shenzhen Institute of Building Research (China),Shenzhen Institute of Building Research (China)|深圳市建筑科学研究院股份有限公司,CN,OpenAlex
https://ror.org/00aztzy37,El.En. Group (Italy),El.En. Group (Italy),IT,OpenAlex
https://ror.org/02bf68437,Automation Research and Design Institute of Metallurgical Industry (China),Automation Research and Design Institute of Metallurgical Industry (China)|冶金自动化研究设计院,CN,OpenAlex
https://ror.org/01kf4j136,G.E.O.S. Ingenieurgesellschaft (Germany),G.E.O.S. Ingenieurgesellschaft (Germany),DE,OpenAlex
https://ror.org/02frcze54,Software Research Associates (Japan),Software Research Associates (Japan)|えすあーるえー|SRA,JP,OpenAlex
https://ror.org/04mf4f618,IS Instruments (United Kingdom),IS Instruments (United Kingdom),GB,OpenAlex
https://ror.org/05fr04091,Riso Kagaku (Japan),Riso Kagaku (Japan)|理想科学工業株式会社,JP,OpenAlex
https://ror.org/054b5mv70,Cycle (Germany),Cycle (Germany),DE,OpenAlex
https://ror.org/03qmn5877,Magnitogorsk Iron and Steel Works (Russia),Magnitogorsk Iron and Steel Works (Russia)|Magnitogorskiy Metallurgicheskiy Kombinat|Магнитогорский металлургический комбинат|MMK,RU,OpenAlex
https://ror.org/04jk2xb11,Serum Institute of India (India),Serum Institute of India (India),IN,OpenAlex
https://ror.org/01p5xff03,Gorgias Press (United States),Gorgias Press (United States)|GP,US,OpenAlex
https://ror.org/024hzjk66,Otsuka Pharmaceutical Factory (Japan),"Otsuka Pharmaceutical Factory|Otsuka Pharmaceutical Factory (Japan)|Otsuka Pharmaceutical Factory, Inc.|株式会社大塚製薬工場|OPF",JP,OpenAlex
https://ror.org/016jadm77,PayPal (United States),PayPal (United States),US,OpenAlex
https://ror.org/016dg3e07,International Drug Development Institute (Belgium),International Drug Development Institute (Belgium)|IDDI,BE,OpenAlex
https://ror.org/01ha10g31,Cyprus Research and Innovation Center (Cyprus),Cyprus Research and Innovation Center (Cyprus)|CyRIC,CY,OpenAlex
https://ror.org/00zbz2c25,Ultragenyx Pharmaceutical (United States),Ultragenyx Pharmaceutical (United States),US,OpenAlex
https://ror.org/02n5mme38,Topigs Norsvin (Netherlands),Topigs Norsvin (Netherlands),NL,OpenAlex
https://ror.org/054gqc795,Cybernetica (Estonia),Cybernetica (Estonia),EE,OpenAlex
https://ror.org/01d74sk53,CatalystNeuro,CatalystNeuro,,OpenAlex
https://ror.org/01jrk5n74,"Sanwa Kagaku Kenkyusho Co., Ltd. (Japan)","Sanwa Kagaku Kenkyusho|Sanwa Kagaku Kenkyusho Co., Ltd. (Japan)|株式会社三和化学研究所|SKK",JP,OpenAlex
https://ror.org/048hrc512,Scottish Power (United Kingdom),Scottish Power (United Kingdom),GB,OpenAlex
https://ror.org/03084a880,Latham & Watkins (United States),Latham & Watkins (United States),US,OpenAlex
https://ror.org/05a1nta88,Rosetta Stone (United States),Rosetta Stone (United States),US,OpenAlex
https://ror.org/05q16h268,Total (United Kingdom),Compagnie française des pétroles|Total (United Kingdom)|CFP,GB,OpenAlex
https://ror.org/03a5x5p06,GE HealthCare (Japan),"GE HealthCare (Japan)|GE HealthCare Japan|GE Yokogawa Medical SYSTEMS,LTD.|GE Yokogawa Medical Systems|GEヘルスケア・ジャパン株式会社|GE横河メディカルシステム株式会社",JP,OpenAlex
https://ror.org/0499r1e09,Archer Daniels Midland (United States),Archer Daniels Midland (United States)|ADM,US,OpenAlex
https://ror.org/01g312x22,BG Group (United Kingdom),BG Group (United Kingdom),GB,OpenAlex
https://ror.org/03jjhm649,Expro (United Kingdom),Expro (United Kingdom)|Expro International Group,GB,OpenAlex
https://ror.org/00xcyc711,Environmental Resources Management (United Kingdom),Environmental Resources Management (United Kingdom)|ERM,GB,OpenAlex
https://ror.org/02eh7bh87,Tebian Electric Apparatus (China),Tebian Electric Apparatus (China)|特变电工股份有限公司|TBEA,CN,OpenAlex
https://ror.org/03a654521,Faraday Technology (United States),Faraday Technology (United States),US,OpenAlex
https://ror.org/047rpw860,Witzenhausen-Institut (Germany),Witzenhausen-Institut (Germany),DE,OpenAlex
https://ror.org/00v5n6851,Malin Space Science Systems (United States),Malin Space Science Systems (United States)|MSSS,US,OpenAlex
https://ror.org/009n2kd47,Toulon Var Technologies (France),Toulon Var Technologies (France)|TVT Innovation,FR,OpenAlex
https://ror.org/02hsq0e05,EIC Laboratories,EIC Laboratories,US,OpenAlex
https://ror.org/038dty275,CeNTI (Portugal),CeNTI (Portugal)|Centre for Nanotechnology and Smart Materials,PT,OpenAlex
https://ror.org/02hrn9a05,IHS Markit (United States),IHS Markit (United States),US,OpenAlex
https://ror.org/01n42m123,Forschungsgesellschaft Kraftfahrwesen Aachen (Germany),Forschungsgesellschaft Kraftfahrwesen Aachen (Germany)|FKA,DE,OpenAlex
https://ror.org/0200vq221,Bamrasnaradura Infectious Diseases Institute,Bamrasnaradura Infectious Diseases Institute,TH,OpenAlex
https://ror.org/02x50w080,Interacoustics (Denmark),Interacoustics (Denmark),DK,OpenAlex
https://ror.org/05bfe1413,NPO Energomash (Russia),NPO Energomash (Russia)|NPO Energomash named. Academician VP . Glushko|НПО Энергомаш,RU,OpenAlex
https://ror.org/04mm8xb27,SciGenom Labs (India),SciGenom Labs (India),IN,OpenAlex
https://ror.org/0373f6s78,Innovative Technologies Center (Greece),Innovative Technologies Center (Greece)|Κέντρο καινοτόμων τεχνολογιών|ITC,GR,OpenAlex
https://ror.org/05bdw2t94,Industrieanlagen Betriebsgesellschaft (Germany),Industrieanlagen Betriebsgesellschaft (Germany)|IABG,DE,OpenAlex
https://ror.org/03zgm9x14,Portal (Norway),Portal (Norway),NO,OpenAlex
https://ror.org/05gqsac13,SpaceTech (United States),SpaceTech (United States),US,OpenAlex
https://ror.org/01cswdc74,AEgis Technologies (United States),AEgis Technologies (United States),US,OpenAlex
https://ror.org/01v37t224,Sherwin Williams (United States),Sherwin Williams (United States),US,OpenAlex
https://ror.org/02js2n445,Aptima (United States),Aptima (United States),US,OpenAlex
https://ror.org/03wh2ff79,International Isotopes (United States),International Isotopes (United States),US,OpenAlex
https://ror.org/05xyq8x40,SCS Engineers (United States),SCS Engineers (United States),US,OpenAlex
https://ror.org/04804s519,MIRA (United Kingdom),MIRA (United Kingdom)|Motor Industry Research Association,GB,OpenAlex
https://ror.org/01ajr8702,Total (United States),Compagnie française des pétroles|Total (United States)|CFP,US,OpenAlex
https://ror.org/01tje5w07,Hydroacoustics (United States),Hydroacoustics (United States)|HAI,US,OpenAlex
https://ror.org/02r96rf44,Qiagen (Germany),Qiagen (Germany),DE,OpenAlex
https://ror.org/02kxw8q35,Sumitomo Bakelite (Japan),Sumitomo Bakelite (Japan)|住友ベークライト株式会社,JP,OpenAlex
https://ror.org/03j0tz946,Detector Technology (United States),Detector Technology (United States),US,OpenAlex
https://ror.org/04ae5ch43,Wakunaga (Japan),Wakunaga (Japan)|Wakunaga Pharmaceutical|湧永製薬株式会社,JP,OpenAlex
https://ror.org/03jmq3a29,Excell Research (United States),Excell Research (United States),US,OpenAlex
https://ror.org/03avx4w11,Costruzioni Apparecchiature Elettroniche Nucleari (Italy),Costruzioni Apparecchiature Elettroniche Nucleari (Italy)|CAEN,IT,OpenAlex
https://ror.org/05dtvab05,Konica Minolta (Japan),Konica Minolta (Japan)|Konika Minoruta|コニカミノルタホールディングス,JP,OpenAlex
https://ror.org/033sa9s17,Myriad (Germany),Myriad (Germany),DE,OpenAlex
https://ror.org/00nfck739,Thermo Fisher Scientific (Sweden),Thermo Fisher Scientific (Sweden),SE,OpenAlex
https://ror.org/03ha1m790,Wienerberger (Czechia),Wienerberger (Czechia),CZ,OpenAlex
https://ror.org/046dwx283,Sangamo BioSciences (United States),Sangamo BioSciences (United States)|Sangamo Therapeutics,US,OpenAlex
https://ror.org/03qsrw587,Stratton Park Engineering Company (United States),Stratton Park Engineering Company (United States)|SPEC,US,OpenAlex
https://ror.org/04nsw4151,Mylan (United States),"Mylan (United States)|UDL Laboratories, Inc.",US,OpenAlex
https://ror.org/01yhhvk26,Honeybee Robotics (United States),Honeybee Robotics (United States)|Honeybee Robotics Spacecraft Mechanisms Corporation,US,OpenAlex
https://ror.org/03yvs0f43,Integrated Device Technology (United States),Integrated Device Technology (United States)|IDT,US,OpenAlex
https://ror.org/00mg6mc02,China National Salt Industry Corporation (China),China National Salt Industry Company|China National Salt Industry Corporation (China)|China Salt|中国盐业总公司,CN,OpenAlex
https://ror.org/01f390f45,Guangxi Yuchai Machinery Group (China),Guangxi Yuchai Machinery Group (China)|Yuchai|Yulin Quantang Industrial Cooperative|玉柴集团,CN,OpenAlex
https://ror.org/02e9yx751,Alphabet (United States),Alphabet (United States),US,OpenAlex
https://ror.org/03v1bhv69,LSIS (South Korea),LS Industrial Systems|LSIS (South Korea)|산전,KR,OpenAlex
https://ror.org/03rxtcd18,Kalgoorlie Consolidated Gold Mines (Australia),Kalgoorlie Consolidated Gold Mines (Australia)|KCGM,AU,OpenAlex
https://ror.org/053p7mr76,Animalia (Norway),Animalia (Norway),NO,OpenAlex
https://ror.org/05waykt95,Schlumberger (Russia),Schlumberger (Russia),RU,OpenAlex
https://ror.org/03fjpw289,Computer Modelling Group (Canada),Computer Modelling Group|Computer Modelling Group (Canada)|Computer Modelling Group Ltd.|CMG|CMGL,CA,OpenAlex
https://ror.org/0030ewy42,Iberdrola (Spain),Iberdrola (Spain),ES,OpenAlex
https://ror.org/00vx6je85,Zenyaku Kogyo (Japan),Zenyaku Kogyo (Japan)|全薬工業株式会社,JP,OpenAlex
https://ror.org/03rywge40,Beijing Institute of Architectural Design (China),Beijing Institute of Architectural Design (China)|BIAD,CN,OpenAlex
https://ror.org/040nrzc79,R.T. Vanderbilt Holding (United States),R.T. Vanderbilt Holding (United States),US,OpenAlex
https://ror.org/05r2f2383,Magellium (France),Magellium (France),FR,OpenAlex
https://ror.org/05tedyt08,Everbright International (China),Everbright International (China)|中国光大国际有限公司,CN,OpenAlex
https://ror.org/05nfvzf52,Isuzu Advanced Engineering Center (Japan),Isuzu Advanced Engineering Center (Japan)|Isuzu Central Research Laboratory|いすゞ中央研究所,JP,OpenAlex
https://ror.org/0170ntk37,Vienna Consulting Engineers (Austria),Vienna Consulting Engineers (Austria)|VCE,AT,OpenAlex
https://ror.org/01vp8h012,Remote Sensing Systems (United States),Remote Sensing Systems (United States)|RSS,US,OpenAlex
https://ror.org/03jst3522,Fulcrum Corporation (United States),Fulcrum Corporation (United States),US,OpenAlex
https://ror.org/041b73r77,Underground Systems (United States),Underground Systems (United States)|USi,US,OpenAlex
https://ror.org/05xere368,SingularLogic (Greece),SingularLogic (Greece),GR,OpenAlex
https://ror.org/036wkxc84,AbbVie (Japan),AbbVie (Japan)|AbbVie GK|アッヴィ合同会社,,OpenAlex
https://ror.org/01djxaj77,Wockhardt (India),Wockhardt (India),IN,OpenAlex
https://ror.org/017k1wy04,Lasen (United States),Lasen (United States),US,OpenAlex
https://ror.org/025tsch51,Scientific Computing & Modelling (Netherlands),Scientific Computing & Modelling (Netherlands)|Software for Chemistry & Materials|SCM,NL,OpenAlex
https://ror.org/03ekprg18,Recordati (Italy),Recordati (Italy),IT,OpenAlex
https://ror.org/04nk31t13,Community Options (United States),Community Options (United States),US,OpenAlex
https://ror.org/04bw2xb41,Infotech Soft (United States),Infotech Soft (United States),US,OpenAlex
https://ror.org/05evsnd79,Intellectual Ventures (United States),Intellectual Ventures (United States)|IV,US,OpenAlex
https://ror.org/02wpc5d77,Cypress Semiconductor Corporation (United States),Cypress Semiconductor Corporation (United States),US,OpenAlex
https://ror.org/03s8c8p36,Continuum Dynamics (United States),Continuum Dynamics (United States)|CDI,US,OpenAlex
https://ror.org/04s3g5933,Delta Electronics (China),Delta Electronics (China)|DELTA,CN,OpenAlex
https://ror.org/04x7s4297,Chart Industries (United States),Chart|Chart Industries (United States),US,OpenAlex
https://ror.org/05hxss661,NEC (Germany),NEC (Germany)|Nippon Electric Company|日本電気株式会社,DE,OpenAlex
https://ror.org/00qytmr47,INC Research (United States),INC Research (United States),US,OpenAlex
https://ror.org/010c8c923,KGHM Cuprum (Poland),KGHM Cuprum (Poland)|KGHM Cuprum Ltd Research and Development Centre|KGHM Cuprum sp. z o.o. Centrum Badawczo - Rozwojowe,PL,OpenAlex
https://ror.org/016cdf784,BioReliance (United States),BioReliance (United States),US,OpenAlex
https://ror.org/05b0t0374,China National Electric Apparatus Research Institute (China),China Electric Institute|China National Electric Apparatus Research Institute (China)|中国电器科学研究院有限公司|CEI,CN,OpenAlex
https://ror.org/05s0s0h39,Boehringer Ingelheim (Spain),Boehringer Ingelheim (Spain),ES,OpenAlex
https://ror.org/01b3d1c61,Energoservis (Czechia),Energoservis (Czechia),CZ,OpenAlex
https://ror.org/051mvtt62,Maestro (Sweden),Maestro (Sweden)|Maestro Design & Management,SE,OpenAlex
https://ror.org/04hrw9659,Shanghai Tobacco Group (China),"Shanghai Tobacco|Shanghai Tobacco Group (China)|Shanghai Tobacco Group Co., Ltd.|上海烟草集团有限责任公司",CN,OpenAlex
https://ror.org/031dc4703,BlackRock (United States),BlackRock (United States),US,OpenAlex
https://ror.org/026ctmx57,Institut de Soudure,Institut de Soudure,FR,OpenAlex
https://ror.org/02g8zn394,Nova Management (United States),Nova Management (United States),US,OpenAlex
https://ror.org/044g40g24,Kumiai Chemical Industry (Japan),Kumiai Chemical Industry (Japan)|クミアイ化学工業,JP,OpenAlex
https://ror.org/03p2wmp96,Ascom (Switzerland),Ascom (Switzerland),CH,OpenAlex
https://ror.org/03m92j615,Axiom (United States),Axiom (United States),US,OpenAlex
https://ror.org/03y2s5683,Oxford Research (Norway),Oxford Research (Norway),NO,OpenAlex
https://ror.org/05agqdk49,Ciena (Canada),Ciena (Canada),CA,OpenAlex
https://ror.org/057v6df68,Nomura Holdings (Japan),Nomura Holdings (Japan)|野村ホールディングス株式会社,JP,OpenAlex
https://ror.org/00ghhyx51,CACI International (United States),"CACI International (United States)|California Analysis Center, Incorporated|Consolidated Analysis Center, Incorporated",US,OpenAlex
https://ror.org/033hv7h54,Cambridge Consultants (United Kingdom),Cambridge Consultants (United Kingdom),GB,OpenAlex
https://ror.org/03cwrs750,Allen (United States),Allen (United States),US,OpenAlex
https://ror.org/014cg2q58,Atotech (Germany),Atotech (Germany),DE,OpenAlex
https://ror.org/01j8cv720,Changzhou Academy of Intelli-Ag Equipment (China),Changzhou Academy of Intelli-Ag Equipment (China)|Changzhou Institute of Intelligent Agricultural Equipment|常州智能化设备研究院,CN,OpenAlex
https://ror.org/041rv6v55,Shanghai Chengtou (China),Shanghai Chengtou (China)|SMI,CN,OpenAlex
https://ror.org/05k887p27,R&D Systems (United States),Bio-Techne|R&D Systems (United States),US,OpenAlex
https://ror.org/048p4wq89,Takeda (France),Takeda (France),FR,OpenAlex
https://ror.org/02hm3sf87,European Institute For Research and Strategic Studies In Telecommunications,European Institute For Research and Strategic Studies In Telecommunications,DE,OpenAlex
https://ror.org/02twwap54,Fanuc (Japan),Fanuc (Japan)|Fanuc Corporation|Fuji Automatic NUmerical Control|ファナック株式会社,JP,OpenAlex
https://ror.org/05v86fk30,Ironwood Pharmaceuticals (United States),Ironwood|Ironwood Pharmaceuticals|Ironwood Pharmaceuticals (United States),US,OpenAlex
https://ror.org/03cpzkh11,Siemens (Canada),Siemens (Canada),CA,OpenAlex
https://ror.org/02bsc8781,Gezhouba Explosive (China),Gezhouba Explosive (China)|EXPL,CN,OpenAlex
https://ror.org/02e8b3g15,EV Group (Austria),EV Group (Austria)|Electronic Visions Group|EVG,AT,OpenAlex
https://ror.org/023ha6621,Unilever (India),Hindustan Unilever Limited|Unilever (India)|HUL,IN,OpenAlex
https://ror.org/04z43eq15,Calabazas Creek Research (United States),Calabazas Creek Research (United States)|CCR,US,OpenAlex
https://ror.org/0526axj32,e-Trikala (Greece),e-Trikala (Greece),GR,OpenAlex
https://ror.org/05bqfq123,Wakamoto Pharmaceutical (Japan),Wakamoto Pharmaceutical (Japan)|わかもと製薬株式会社,JP,OpenAlex
https://ror.org/014pxnb02,Fushun Research Institute of Petroleum and Petrochemicals (China),Fushun Research Institute of Petroleum and Petrochemicals (China)|抚顺石油化工研究院|FRIPP,CN,OpenAlex
https://ror.org/018mn5n05,Feed Control (Norway),Feed Control (Norway),NO,OpenAlex
https://ror.org/03xdgrg08,Academician M.F. Reshetnev Information Satellite Systems (Russia),Academician M.F. Reshetnev Information Satellite Systems (Russia)|Scientific and Production Association of Applied Mechanics named after Academician MF Reshetnev|«ИНФОРМАЦИОННЫЕ СПУТНИКОВЫЕ СИСТЕМЫ» имени академика М.Ф. Решетнёва»,RU,OpenAlex
https://ror.org/04n4q2213,Basilea Pharmaceutica (Switzerland),Basilea Pharmaceutica (Switzerland),CH,OpenAlex
https://ror.org/04x5cyt12,Sunny BioDiscovery (United States),Sunny BioDiscovery (United States),US,OpenAlex
https://ror.org/036z4j470,"Systems, Applications & Products in Data Processing (Switzerland)","Systeme, Anwendungen und Produkte in der Datenverarbeitung|Systems, Applications & Products in Data Processing (Switzerland)|SAP",CH,OpenAlex
https://ror.org/041mxqs23,Figshare (United Kingdom),Figshare (United Kingdom),GB,OpenAlex
https://ror.org/02vm4nz81,ECT Oekotoxikologie (Germany),ECT Oekotoxikologie (Germany),DE,OpenAlex
https://ror.org/055faex28,Crown Bioscience (China),Crown Bioscience (China),CN,OpenAlex
https://ror.org/013k56n15,Australian Wool Innovation (Australia),Australian Wool Innovation (Australia)|AWI,AU,OpenAlex
https://ror.org/03qashd50,Itochu (Japan),C. Itoh & Co|Itochu (Japan)|伊藤忠商事株式会社,JP,OpenAlex
https://ror.org/018nc6029,Solutions Inc. (Japan),Solutions Inc.|Solutions Inc. (Japan)|ソルーション株式会社|SLT,,OpenAlex
https://ror.org/00p08ff25,Portál (Czechia),Portál (Czechia),CZ,OpenAlex
https://ror.org/04a0z8p03,J.A. Woollam Company (United States),J.A. Woollam Company (United States),US,OpenAlex
https://ror.org/02k1p7q76,RJ Lee Group (United States),RJ Lee Group (United States),US,OpenAlex
https://ror.org/008stff69,Blue Planet (Norway),Blue Planet (Norway),NO,OpenAlex
https://ror.org/00y78ex22,Genoa (Brazil),Genoa (Brazil),BR,OpenAlex
https://ror.org/01a079157,Siemens (Portugal),Siemens (Portugal),PT,OpenAlex
https://ror.org/02j4p4h77,MSD (Belgium),MSD (Belgium)|Merck Sharp & Dohme Belgium|MSD,BE,OpenAlex
https://ror.org/031jcsp55,Czech Aerospace Research Centre,"Aerospace Research and Test Establishment|Czech Aerospace Research Centre|Výzkumný a zkušební letecký ústav|Výzkumný a zkušební letecký ústav, a. s.|VZLÚ",CZ,OpenAlex
https://ror.org/03y5ndk86,Western EcoSystems Technology (United States),Western EcoSystems Technology (United States)|WEST,US,OpenAlex
https://ror.org/05v2shy89,San-Ei Gen F.F.I (Japan),San-Ei Gen F.F.I (Japan),JP,OpenAlex
https://ror.org/00j0wh784,IPPMed (Germany),IPPMed (Germany)|Institut für Pharmakologie und Präventive Medizin|Institute for Pharmacology and Preventive Medicine,DE,OpenAlex
https://ror.org/02hk0xz87,American Superconductor (United States),American Superconductor (United States)|AMSC,US,OpenAlex
https://ror.org/01yp72g57,Sumco Corporation (Japan),Kabushiki-gaisha Samuko|Silicon United Manufacturing Corporation|Sumco Corporation (Japan)|Sumitomo Mitsubishi Silicon Corporation|株式会社SUMCO,JP,OpenAlex
https://ror.org/02mznah18,Bioanalytical Systems (United States),BASi|Bioanalytical Systems (United States),US,OpenAlex
https://ror.org/03dn6qp98,ABB (Poland),ABB (Poland),PL,OpenAlex
https://ror.org/03e2s4679,Ihara Chemical Industry (Japan),IHARA|Ihara Chemical Industry (Japan)|イハラケミカル工業株式会社,JP,OpenAlex
https://ror.org/051d4q284,UtopiaCompression (United States),UtopiaCompression (United States)|UC,US,OpenAlex
https://ror.org/04wr8sz35,Petrol (Poland),Petrol (Poland),PL,OpenAlex
https://ror.org/0067g4302,Meizu (China),Meizu (China)|Meizu Technology|Mèizú Kējì Yǒuxiàn Gōngsī|魅族科技有限公司,CN,OpenAlex
https://ror.org/0056qvz32,Vision Engineering (Italy),Vision Engineering (Italy),IT,OpenAlex
https://ror.org/00mg9qs62,GC Systems (United States),GC Systems (United States),US,OpenAlex
https://ror.org/017eb5121,Honeywell (India),Honeywell (India),IN,OpenAlex
https://ror.org/02gp2h315,FuelCell Energy (United States),FuelCell Energy (United States)|FCE,US,OpenAlex
https://ror.org/03pqjm879,Alcoa (Australia),Alcoa (Australia)|Aluminum Company of America,AU,OpenAlex
https://ror.org/04vy5hg27,Cryogenic Industries (United States),Cryogenic Industries (United States),US,OpenAlex
https://ror.org/01ngwgb14,AspenTech (United States),"Aspen Technology, Inc|AspenTech (United States)",US,OpenAlex
https://ror.org/010fp8b41,Siliconware Precision Industries (Taiwan),Siliconware Precision Industries (Taiwan)|歡迎來到矽品|SPIL,TW,OpenAlex
https://ror.org/005ma5a25,DB Engineering & Consulting (Germany),DB Engineering & Consulting (Germany),DE,OpenAlex
https://ror.org/03awtex73,Arup Group (United States),Arup|Arup Group (United States)|Ove N. Arup Consulting Engineers,US,OpenAlex
https://ror.org/049ncrn81,Bausch Health (Germany),Bausch Health (Germany)|Valeant Pharmaceuticals,DE,OpenAlex
https://ror.org/000dzg547,Scientific Solutions (United States),Scientific Solutions (United States)|SSI,US,OpenAlex
https://ror.org/03c0wvm84,OFS (United States),OFS (United States)|Optical Fiber Solutions,US,OpenAlex
https://ror.org/04nqpys93,Check Point (Israel),Check Point (Israel),IL,OpenAlex
https://ror.org/053n2g124,BG Consulting Engineers (Switzerland),BG Consulting Engineers (Switzerland)|BG Ingenieure und Berater|BG Ingénieurs Conseils,CH,OpenAlex
https://ror.org/0533xsy32,Computercraft (United States),Computercraft (United States),US,OpenAlex
https://ror.org/00tzw6r97,RC Electronics (United States),RC Electronics (United States)|RCE,US,OpenAlex
https://ror.org/021b9pa93,Siempelkamp (Germany),Siempelkamp (Germany),DE,OpenAlex
https://ror.org/026w3f849,Jiangsu Yonggang Group (China),Jiangsu Yonggang Group (China)|Yonggang,CN,OpenAlex
https://ror.org/01zq3f511,European Thermodynamics (United Kingdom),European Thermodynamics (United Kingdom),GB,OpenAlex
https://ror.org/02g570e80,CycloLab (Hungary),CycloLab (Hungary),HU,OpenAlex
https://ror.org/05hmbdg55,TerraMetrics (United States),TerraMetrics (United States),US,OpenAlex
https://ror.org/0467jmw31,ET International (United States),ET International (United States),US,OpenAlex
https://ror.org/012fexm34,Edwards Lifesciences (Switzerland),Edwards Lifesciences (Switzerland),CH,OpenAlex
https://ror.org/01a097g74,Sigma-Tau (Switzerland),Sigma-Tau (Switzerland),CH,OpenAlex
https://ror.org/00dq0yr94,Sound Agriculture (United States),Sound Agriculture (United States),US,OpenAlex
https://ror.org/00t4ywr83,Goodman (Japan),Goodman (Japan)|株式会社グッドマン,JP,OpenAlex
https://ror.org/04ww4v994,NTT Innovative Devices Corporation (Japan),NTT Electronics|NTT Electronics Corporation|NTT Innovative Devices Corporation|NTT Innovative Devices Corporation (Japan)|NTTイノベーティブデバイス株式会社|NTTエレクトロニクス株式会社,JP,OpenAlex
https://ror.org/00647p549,Reckitt Benckiser (Netherlands),Reckitt Benckiser (Netherlands)|RB,NL,OpenAlex
https://ror.org/0023x8n30,Science Wares (United States),Science Wares (United States),US,OpenAlex
https://ror.org/01021jx78,Sunset Laboratory (United States),Sunset Laboratory (United States),US,OpenAlex
https://ror.org/01xkb1z92,Peterson (Norway),M. Peterson & Søn|Peterson (Norway),NO,OpenAlex
https://ror.org/03fs0qz59,Türksat (Turkey),Türksat (Turkey)|Türksat Uydu Haberleşme Kablo TV ve İşletme A.Ş.,TR,OpenAlex
https://ror.org/039m3s961,Micron (Italy),Micron (Italy),IT,OpenAlex
https://ror.org/02za70122,Ruhrverband (Germany),Ruhrverband (Germany),DE,OpenAlex
https://ror.org/0486db050,Innovaderm (Canada),Innovaderm (Canada),CA,OpenAlex
https://ror.org/03fevzd03,Topcon (Japan),Topcon (Japan)|株式会社トプコン,JP,OpenAlex
https://ror.org/0454qd124,Kanzaki (Japan),Kanzaki (Japan),JP,OpenAlex
https://ror.org/05fyggb33,Research Institute VOLGA (Russia),Federal State Unitary Enterprise THE SCIENTIFIC RESEARCH INSTITUTE OF VOLGA|Research Institute VOLGA (Russia)|НАУЧНО-ИССЛЕДОВАТЕЛЬСКИЙ ИНСТИТУТ «ВОЛГА»,RU,OpenAlex
https://ror.org/02c20ys54,Google (Israel),Google (Israel)|Googleplex,IL,OpenAlex
https://ror.org/04bapa014,Hongzhiwei Technology (China),Hongzhiwei Technology (China)|鸿之微科技|HZWTECH,CN,OpenAlex
https://ror.org/04q61p086,Emcore (United States),Emcore (United States),US,OpenAlex
https://ror.org/05xrj1c85,Gamma Medica (United States),Gamma Medica (United States),US,OpenAlex
https://ror.org/00agykx25,Hydal Aluminium Profiler (Norway),Hydal Aluminium Profiler (Norway)|HAP,NO,OpenAlex
https://ror.org/02bxsvn11,Hellenic Cooperative Oncology Group,Hellenic Cooperative Oncology Group|HECOG,GR,OpenAlex
https://ror.org/02smtnw54,Tatneft (Russia),Tatneft (Russia)|Татнефть,RU,OpenAlex
https://ror.org/02w6dqa48,Cipla (India),"Cipla (India)|The Chemical, Industrial & Pharmaceutical Laboratories|सिप्ला|சிப்லா",IN,OpenAlex
https://ror.org/04z9hzj86,Jeil Pharmaceutical (South Korea),Cheil Pharmaceutical|Jeil Pharmaceutical (South Korea)|제일약품 주식회사,KR,OpenAlex
https://ror.org/05n1xkq03,Yves Rocher (France),Yves Rocher (France),FR,OpenAlex
https://ror.org/02zc7ec14,Universal Display Corporation,Universal Display Corporation|UDC,US,OpenAlex
https://ror.org/00t1n6362,OMV Petrom (Romania),OMV Petrom (Romania)|Petrom,RO,OpenAlex
https://ror.org/03cxf6q40,Jain PharmaBiotech (Switzerland),Jain PharmaBiotech (Switzerland),CH,OpenAlex
https://ror.org/02p87ey03,Tech Mahindra (India),Tech Mahindra (India),IN,OpenAlex
https://ror.org/0442wxc77,STMicroelectronics (United Kingdom),STMicroelectronics (United Kingdom)|ST,GB,OpenAlex
https://ror.org/05av30w60,Fuji Oil (Japan),Fuji Oil (Japan)|不二製油株式会社,JP,OpenAlex
https://ror.org/0476bn305,Samsung SDS (South Korea),Samsung Data Systems|Samsung SDS|Samsung SDS (South Korea)|삼성SDS,,OpenAlex
https://ror.org/01aq5nn23,Tenaris (United States),Tenaris (United States),US,OpenAlex
https://ror.org/01bat1a85,Cytodiagnostics (Canada),Cytodiagnostics (Canada),CA,OpenAlex
https://ror.org/02t5nc402,Omega Consult (Slovenia),Omega Consult (Slovenia),SI,OpenAlex
https://ror.org/045kz5q46,Pratt and Whitney Canada (Canada),Pratt & Whitney Canada|Pratt and Whitney Canada (Canada)|P&WC,CA,OpenAlex
https://ror.org/008s23110,Metso (Finland),Metso (Finland),FI,OpenAlex
https://ror.org/01yp11k49,Diversitech (United States),Diversitech (United States),US,OpenAlex
https://ror.org/02td4ph55,Hologic (United States),Hologic (United States),US,OpenAlex
https://ror.org/03vff5r77,Eastern Research Group (United States),Eastern Research Group (United States)|ERG,US,OpenAlex
https://ror.org/04b12nt82,PNSensor (Germany),PNSensor (Germany),DE,OpenAlex
https://ror.org/050j7g273,Jiangnan Industry Group (China),Jiangnan Industry Group (China)|江南工业集团,CN,OpenAlex
https://ror.org/059g2r627,Mars Space (United Kingdom),Mars Space (United Kingdom)|MSL,GB,OpenAlex
https://ror.org/03b4j0710,National Instruments (Ireland),National Instruments (Ireland),IE,OpenAlex
https://ror.org/02v3j1y79,Renishaw (United Kingdom),Diameter Ltd|Renishaw (United Kingdom),GB,OpenAlex
https://ror.org/04nff2163,GKN (Sweden),"GKN (Sweden)|Guest, Keen and Nettlefolds",SE,OpenAlex
https://ror.org/0509tgg56,Airbus (Spain),Airbus (Spain),ES,OpenAlex
https://ror.org/03hv01z12,Nippon Sanso Corporation (Japan),Nippon Sanso Corporation|Nippon Sanso Corporation (Japan)|Taiyo Nippon Sanso|日本酸素株式会社,JP,OpenAlex
https://ror.org/01ms42351,Leoni (Germany),Leoni (Germany)|Leonische Drahtwerke AG,DE,OpenAlex
https://ror.org/009vsv572,Kingston Technology (United States),Kingston Technology (United States),US,OpenAlex
https://ror.org/00k8nkz10,LioniX (Netherlands),LioniX (Netherlands),NL,OpenAlex
https://ror.org/006bwjz47,490 BioTech (United States),490 BioTech (United States),US,OpenAlex
https://ror.org/00reyx053,Smith & Nephew (United States),Smith & Nephew (United States),US,OpenAlex
https://ror.org/015nngf45,Manufacturing Technology Centre (United Kingdom),Manufacturing Technology Centre (United Kingdom)|MTC,GB,OpenAlex
https://ror.org/031evws22,Galaxy Biotech (United States),Galaxy Biotech (United States),US,OpenAlex
https://ror.org/03tyb9q08,Nippon Chemical Industrial (Japan),Nippon Chemical Industrial (Japan)|日本化学工業株式会社|NCI,JP,OpenAlex
https://ror.org/03fjbw519,Apple (Germany),Apple (Germany),DE,OpenAlex
https://ror.org/04m718665,Collaborations Pharmaceuticals (United States),Collaborations Pharmaceuticals (United States),US,OpenAlex
https://ror.org/059h8x781,China Central Television,Beijing Television|China Central Television|中国中央电视台|CCTV,CN,OpenAlex
https://ror.org/04wfxgv30,Bitron (Italy),Bitron (Italy),IT,OpenAlex
https://ror.org/05at5p855,"Honda Research Institute Japan Co., Ltd. (Japan)","Honda Research Institute JP|Honda Research Institute Japan|Honda Research Institute Japan Co., Ltd.|Honda Research Institute Japan Co., Ltd. (Japan)|Honda Research Institute Japan Inc|ホンダ・リサーチ・インスティチュート|株式会社ホンダ・リサーチ・インスティチュート・ジャパン|HRI|HRI Japan|HRI-JP",JP,OpenAlex
https://ror.org/02efksf92,Aetion (United States),Aetion (United States),US,OpenAlex
https://ror.org/01y7ahq16,Technology Dynamics (United States),Technology Dynamics (United States)|TDI,US,OpenAlex
https://ror.org/02wdp5k87,Keskuslaboratorio,Keskuslaboratorio|KCL,FI,OpenAlex
https://ror.org/04kc9j928,Zöldségtermesztési Kutató Intézet (Hungary),Zöldségtermesztési Kutató Intézet (Hungary)|ZKI,HU,OpenAlex
https://ror.org/03ga8q162,Festo (Germany),Festo (Germany),DE,OpenAlex
https://ror.org/01aa99w95,Austro Control (Austria),Austro Control (Austria)|Österreichische Gesellschaft für Zivilluftfahrt,AT,OpenAlex
https://ror.org/013zhzc32,Northwestern Mutual Life Insurance (United States),Northwestern Mutual Life Insurance (United States),US,OpenAlex
https://ror.org/01v5fm873,Reliable Software Resources (United States),Reliable Software|Reliable Software Resources (United States),US,OpenAlex
https://ror.org/039faw336,Scientific Research and Development (Germany),Scientific Research and Development (Germany)|SRD,DE,OpenAlex
https://ror.org/055bp1561,RaySearch Laboratories (Sweden),RaySearch Laboratories (Sweden),SE,OpenAlex
https://ror.org/05jtcqr88,Thermo Fisher Scientific (China),Thermo Fisher Scientific (China),CN,OpenAlex
https://ror.org/041051y78,NAVER Cloud (South Korea),NAVER Cloud|NAVER Cloud (South Korea)|NAVER Cloud AI|Naver AI Lab|Naver Business Platform|Naver Clova|네이버 클라우드,KR,OpenAlex
https://ror.org/00axqt112,Hindustan Petroleum Corporation Limited (India),Hindustan Petroleum Corporation Limited (India)|हिन्दुस्तान पेट्रोलियम निगम लिमिटेड|HPCL,IN,OpenAlex
https://ror.org/01gp78072,ATA Engineering (United States),ATA Engineering (United States)|ATA,US,OpenAlex
https://ror.org/02vx8p498,Hudbay Minerals (Canada),Hudbay Minerals (Canada)|HBM&S,CA,OpenAlex
https://ror.org/03djma825,Analatom (United States),Analatom (United States),US,OpenAlex
https://ror.org/03wgsss62,Arbed (Luxembourg),Aciéries Réunies de Burbach-Eich-Dudelange|Arbed (Luxembourg)|Vereinigte Stahlhütten Burbach-Eich-Düdelingen,LU,OpenAlex
https://ror.org/02y5x0w05,Kansai Paint (Japan),Kansai Paint (Japan)|Kansai Peinto Kabushiki-gaisha|関西ペイント株式会社,JP,OpenAlex
https://ror.org/03bmxpp39,Boeing (Canada),Boeing (Canada),CA,OpenAlex
https://ror.org/0083rgp58,Neurotech (United States),Neurotech (United States),US,OpenAlex
https://ror.org/000mrg216,Industrieverband Feuerverzinken (Germany),Industrieverband Feuerverzinken (Germany)|IFV,DE,OpenAlex
https://ror.org/00yx8y731,Excet (United States),Excet (United States),US,OpenAlex
https://ror.org/016mnbp44,Vi Technology (United States),Vi Technology (United States),US,OpenAlex
https://ror.org/03hjz0g77,Applied Petroleum Technology (Norway),Applied Petroleum Technology (Norway)|APT,NO,OpenAlex
https://ror.org/05rwjrt81,Berger (Canada),Berger (Canada),CA,OpenAlex
https://ror.org/04359f544,"Nissin Electric Co., Ltd. (Japan)","Nissin Electric|Nissin Electric Co., Ltd.|Nissin Electric Co., Ltd. (Japan)|日新電機株式会社",JP,OpenAlex
https://ror.org/01jfy6x14,Canon Anelva (Japan),Canon Anelva (Japan)|キヤノンアネルバ,JP,OpenAlex
https://ror.org/01s4j6j10,Process Systems Enterprise (United Kingdom),Process Systems Enterprise (United Kingdom)|PSE,GB,OpenAlex
https://ror.org/023annq56,Acceleron Pharma (United States),Acceleron Pharma (United States)|Phoenix Pharma,US,OpenAlex
https://ror.org/02fnq0s83,DMG Mori (Japan),"DMG Mori (Japan)|DMG Mori Seiki Kabushiki-gaisha|DMG森精機株式会社|Mori Seiki Co., Ltd",JP,OpenAlex
https://ror.org/03z02zc05,Medrobotics (United States),Medrobotics (United States),US,OpenAlex
https://ror.org/03d33vh19,3E (Belgium),3E (Belgium),BE,OpenAlex
https://ror.org/048308827,Egyptian Consulting & Trading Co. Ltd,Egyptian Consulting & Trading Co. Ltd|ECTRA,EG,OpenAlex
https://ror.org/05kdrns38,Sierra Engineering (United States),Sierra Engineering (United States),US,OpenAlex
https://ror.org/05v15sz79,58.com (China),58.com (China),CN,OpenAlex
https://ror.org/044j72x94,PolyGene,PolyGene,CH,OpenAlex
https://ror.org/04aaeds92,Israel Aerospace Industries (Israel),Israel Aerospace Industries (Israel)|IAI,IL,OpenAlex
https://ror.org/01znaqx63,Pensoft Publishers (Bulgaria),Pensoft|Pensoft Publishers (Bulgaria),BG,OpenAlex
https://ror.org/04dptbd37,Kyowa Chemical Industry (Japan),Kyowa Chemical Industry (Japan)|協和化学工業株式会社,JP,OpenAlex
https://ror.org/0230prd66,Cox & Company (United States),Cox & Company (United States),US,OpenAlex
https://ror.org/027a0b050,Integrated BioTherapeutics (United States),Integrated BioTherapeutics (United States)|IBT,US,OpenAlex
https://ror.org/02mz0pc52,Genex Systems (United States),Genex Systems (United States),US,OpenAlex
https://ror.org/002qcp546,Biomin (Austria),BIOMIN Holding GmbH|Biomin|Biomin (Austria),AT,OpenAlex
https://ror.org/0078x3268,Sinolight (China),China Light Industry Group|Sinolight (China)|中国轻工集团有限公司,CN,OpenAlex
https://ror.org/00q650071,Korea Pharma (South Korea),Korea Pharma (South Korea)|Minsaeng Pharmaceutical|한국파마|KP,KR,OpenAlex
https://ror.org/01egb4878,Beijing Enterprises (China),Beijing Enterprises (China)|BEHL,CN,OpenAlex
https://ror.org/02bg32h47,Natural (Czechia),Natural (Czechia),CZ,OpenAlex
https://ror.org/02v66pf20,Novartis (Singapore),Novartis (Singapore),SG,OpenAlex
https://ror.org/034x1ve75,McGraw-Hill Education (United States),McGraw-Hill Education (United States)|MHE,US,OpenAlex
https://ror.org/03mz0by90,Consolidated Safety Services-Dynamac (United States),CSS-Dynamac|Consolidated Safety Services-Dynamac (United States)|CSS,US,OpenAlex
https://ror.org/04j0nks26,Kindeva Drug Delivery (United States),3M Drug Delivery Systems|Kindeva Drug Delivery (United States),US,OpenAlex
https://ror.org/03nyzw632,Novo Nordisk (Germany),Novo Nordisk (Germany),DE,OpenAlex
https://ror.org/0569m7y93,Avalon Pharma (United States),Avalon Pharma (United States),US,OpenAlex
https://ror.org/040aqz944,Cargill (Netherlands),Cargill (Netherlands),NL,OpenAlex
https://ror.org/00r8a6s58,Portola Pharmaceuticals (United States),Portola Pharmaceuticals (United States),US,OpenAlex
https://ror.org/00wqzbn30,KGHM Polska Miedź (Poland),KGHM Polska Miedź (Poland)|Kombinat Górniczo-Hutniczy Miedzi |KGHM ,PL,OpenAlex
https://ror.org/05rckx884,American Express (United States),American Express (United States),US,OpenAlex
https://ror.org/05sy37k83,Eurofins (United States),Eurofins (United States),US,OpenAlex
https://ror.org/059r2qd49,Genecast (China),Genecast (China)|臻和科技,CN,OpenAlex
https://ror.org/00k27zs44,Oxford Biomedical Research,Oxford Biomedical Research|OBR,US,OpenAlex
https://ror.org/00y9w2r94,Ta Solutions (China),Ta Solutions (China),CN,OpenAlex
https://ror.org/02h6hms35,Anhui Transport Consulting & Design Institute (China),Anhui Transport Consulting & Design Institute (China)|安徽交通咨询设计院|ATCDI,CN,OpenAlex
https://ror.org/023g86t37,Toyota Motor Corporation (Belgium),Toyota Jidōsha|Toyota Motor Corporation (Belgium),BE,OpenAlex
https://ror.org/02twrxy18,Cancer Research Horizons,Cancer Research Horizons|Cancer Research UK Commercial|Cancer Research UK Technology|CRH|CRT,GB,OpenAlex
https://ror.org/03amcs261,Qorvo (United States),Qorvo (United States),US,OpenAlex
https://ror.org/04hcen254,Energy Research Company (United States),Energy Research Company (United States)|ERCo,US,OpenAlex
https://ror.org/0415j9862,Institute for Renewable Energy (Poland),Institute for Renewable Energy (Poland)|EC BREC IEO,PL,OpenAlex
https://ror.org/051b2q112,ITT (United States),ITT (United States)|International Telephone & Telegraph,US,OpenAlex
https://ror.org/058ywcv06,Advanced Applications (United States),Advanced Applications (United States),US,OpenAlex
https://ror.org/052zd4v68,Arcadia Science,Arcadia Research|Arcadia Science,US,OpenAlex
https://ror.org/00d8znk88,Sun Chemical (United States),Sun Chemical (United States),US,OpenAlex
https://ror.org/02m6x3q63,ARC Resources (Canada),ARC Resources (Canada),CA,OpenAlex
https://ror.org/0323hgh72,Ion Beam Applications (France),Ion Beam Applications (France)|IBA,FR,OpenAlex
https://ror.org/03rq52312,Conductive Composites (United States),Conductive Composites (United States),US,OpenAlex
https://ror.org/03zts9g74,Idera Pharmaceuticals (United States),Idera Pharmaceuticals (United States),US,OpenAlex
https://ror.org/0572r3k48,SBS CyberSecurity (United States),SBS CyberSecurity (United States)|Secure Banking Solutions,US,OpenAlex
https://ror.org/04sbqvh08,Iberia (Spain),Iberia (Spain),ES,OpenAlex
https://ror.org/05cq2am04,Merck (Singapore),Merck (Singapore)|Merck Pte. Ltd,SG,OpenAlex
https://ror.org/05wdedb75,Aisin (United States),Aishin Seiki Kabushiki Kaisha|Aisin (United States)|アイシン精機株式会社,US,OpenAlex
https://ror.org/05sa44m96,Alkermes (Ireland),Alkermes (Ireland),IE,OpenAlex
https://ror.org/03j9ayz50,Marine Acoustics (United States),Marine Acoustics (United States)|MAI ,US,OpenAlex
https://ror.org/04d7j1v83,CCI Reprographics (United States),CCI Audio Visual|CCI Reprographics (United States)|Center For Communications,US,OpenAlex
https://ror.org/053vhsf19,Combustion Research and Flow Technology (United States),CRAFT Tech|Combustion Research and Flow Technology (United States)|CRAFT,US,OpenAlex
https://ror.org/04bd6je18,Taylor and Francis (United Kingdom),Taylor & Francis|Taylor and Francis|Taylor and Francis (United Kingdom)|T&F,,OpenAlex
https://ror.org/057c9m085,"Kagome Co., Ltd. (Japan)","Kagome|Kagome Co., Ltd.|Kagome Co., Ltd. (Japan)|カゴメ株式会社",JP,OpenAlex
https://ror.org/04gvk5741,Sinopec Northwest Oil Field Company (China),SINOPEC Northwest Company|SINOPEC Northwest Oil Field Company|Sinopec Northwest Oil Field Company (China)|Sinopec Northwest Oilfield Company|中国石化西北油田公司,CN,OpenAlex
https://ror.org/0015wff52,Implant Sciences (United States),Implant Sciences (United States)|IMSC,US,OpenAlex
https://ror.org/00tzrs836,Stahl-Zentrum (Germany),Stahl-Zentrum (Germany),DE,OpenAlex
https://ror.org/02ed64f32,Grifols (Spain),Grifols (Spain),ES,OpenAlex
https://ror.org/03fqvdm62,Cipher Gene (China),Cipher Gene (China),CN,OpenAlex
https://ror.org/05qjkay50,ABB (Norway),ABB (Norway)|ASEA Brown Boveri,NO,OpenAlex
https://ror.org/02gwxj243,bioMérieux (United States),bioMérieux (United States),US,OpenAlex
https://ror.org/04zs9v841,Multi Electrical System (Suriname),Multi Electrical System (Suriname)|MES,SR,OpenAlex
https://ror.org/04vrgjp38,WSP (Canada),WSP (Canada),CA,OpenAlex
https://ror.org/01ahgwn58,Eckert & Ziegler (United States),Eckert & Ziegler (United States),US,OpenAlex
https://ror.org/022weqt39,Planet Biotechnology (United States),Planet Biotechnology (United States),US,OpenAlex
https://ror.org/03whyax55,Bevital (Norway),Bevital (Norway),NO,OpenAlex
https://ror.org/04hfwsn29,Information Today (United States),Information Today (United States),US,OpenAlex
https://ror.org/04qrdn471,Lintec Corporation (Japan),Lintec Corporation (Japan)|リンテック,JP,OpenAlex
https://ror.org/05gcat543,Barco (Belgium),Barco (Belgium),BE,OpenAlex
https://ror.org/030p6wg21,EnZinc (United States),EnZinc (United States)|carV3 Inc,US,OpenAlex
https://ror.org/03t40cz74,Hypres (United States),Hypres (United States),US,OpenAlex
https://ror.org/043kg1637,Chambroad Chemical Industry Research Institute (China),"Chambroad Chemical Industry Research Institute (China)|Yellow River Delta Jingbo Chemical Research Institute Co., Ltd|香港化学工业研究所有限公司",CN,OpenAlex
https://ror.org/04e035w81,Reflex (Czechia),Reflex (Czechia),CZ,OpenAlex
https://ror.org/05arv2073,Bayer (Japan),Bayer (Japan)|バイエル薬品株式会社,JP,OpenAlex
https://ror.org/00zfn8q88,Taiheiyo Cement Corporation (Japan),Taiheiyo Cement|Taiheiyo Cement Corporation|Taiheiyo Cement Corporation (Japan)|太平洋セメント株式会社,JP,OpenAlex
https://ror.org/001tmkc70,Ivoclar Vivadent (Liechtenstein),Ivoclar Vivadent (Liechtenstein),LI,OpenAlex
https://ror.org/00bqv9n12,Aston Medical (France),Aston Medical (France),FR,OpenAlex
https://ror.org/01p8v8m79,Plasmonics (United States),Plasmonics (United States),US,OpenAlex
https://ror.org/04gcgef90,Levin Group (United States),Levin Group (United States),US,OpenAlex
https://ror.org/041shdj17,Energie Baden-Württemberg (Germany),Energie Baden-Württemberg (Germany)|EnBW ,DE,OpenAlex
https://ror.org/016kjnf22,AstroTec Holding (Netherlands),AstroTec Holding (Netherlands),NL,OpenAlex
https://ror.org/034dw6775,Merrimack Pharmaceuticals (United States),Merrimack Pharmaceuticals (United States),US,OpenAlex
https://ror.org/00ffejy44,Teikoku Seiyaku (Japan),Teikoku Seiyaku (Japan)|帝國製薬㈱,JP,OpenAlex
https://ror.org/01ne9en42,Deutsches Institut für Feuerfest und Keramik,Deutsches Institut für Feuerfest und Keramik|DIFK,DE,OpenAlex
https://ror.org/00q545m27,Campden BRI (United Kingdom),Campden BRI (United Kingdom),GB,OpenAlex
https://ror.org/051v3pe92,Mando Corporation (South Korea),Mando Corporation (South Korea)|만도,KR,OpenAlex
https://ror.org/03jty5027,Brocade (United States),"Brocade (United States)|Brocade Communications Systems, Inc",US,OpenAlex
https://ror.org/0092qhe76,Sanaria,Sanaria,US,OpenAlex
https://ror.org/03gkhzn08,Crowell & Moring (United States),Crowell & Moring (United States),US,OpenAlex
https://ror.org/05afs3z13,Novartis (Canada),Novartis (Canada),CA,OpenAlex
https://ror.org/01npb8j56,Norconsult (Norway),Norconsult (Norway),NO,OpenAlex
https://ror.org/04etgav66,Colgate-Palmolive (Switzerland),Colgate-Palmolive (Switzerland),CH,OpenAlex
https://ror.org/019xzz882,Deutsche Telekom (Singapore),Deutsche Telekom (Singapore)|T-Systems|DT,SG,OpenAlex
https://ror.org/013rtxr98,General Electric (Austria),General Electric (Austria)|GE,AT,OpenAlex
https://ror.org/03q4sef08,BASIS International (United States),BASIS International (United States),US,OpenAlex
https://ror.org/040hz3y05,CNC Technology (Czechia),CNC Technology (Czechia),CZ,OpenAlex
https://ror.org/051vt5y84,Turkcell (Turkey),Turkcell (Turkey),TR,OpenAlex
https://ror.org/04dz9ne83,Cepheid (United States),Cepheid|Cepheid (United States)|Cepheid Inc,US,OpenAlex
https://ror.org/03v8pzh67,Eurofins (Germany),Eurofins (Germany),DE,OpenAlex
https://ror.org/04jqjkn20,Data Management Services (United States),Data Management Services (United States),US,OpenAlex
https://ror.org/052yr7741,Azienda di Servizi alla Persona di Pavia (Italy),Azienda di Servizi alla Persona di Pavia (Italy)|ASP,IT,OpenAlex
https://ror.org/02rbz2e60,Anelva Corporation (Japan),Anelva|Anelva Corporation|Anelva Corporation (Japan)|アネルバ株式会社,JP,OpenAlex
https://ror.org/01s3wxs84,Barrett Technology (United States),Barrett Technology (United States),US,OpenAlex
https://ror.org/02gdz0643,DCS Corporation (United States),DCS Corporation (United States),US,OpenAlex
https://ror.org/02g1cyr24,Moody's Corporation (United States),Moody's Corporation (United States),US,OpenAlex
https://ror.org/047kyy460,Advanced Resources International (United States),"Advanced Resources International (United States)|Lewin and Associates, Inc.|ARI",US,OpenAlex
https://ror.org/03f4vp463,IQE (United Kingdom),Epitaxial Products International|IQE (United Kingdom)|EPI,GB,OpenAlex
https://ror.org/02twn9v08,ABB (Canada),ABB (Canada)|ASEA Brown Boveri,CA,OpenAlex
https://ror.org/03tw07585,Jackson and Tull (United States),Jackson and Tull (United States),US,OpenAlex
https://ror.org/03q1xez23,AustriaTech (Austria),AustriaTech (Austria),AT,OpenAlex
https://ror.org/03pfkgd48,Toyo Seikan (Japan),Toyo Seikan (Japan)|Toyo Seikan Kaisha|Tōyō Seikan Gurūpu Hōrudingusu Kabushiki-gaisha|東洋製罐グループホールディングス株式会社,JP,OpenAlex
https://ror.org/04rgjq668,National Center for Advanced Packaging (China),National Center for Advanced Packaging (China)|NCAP,CN,OpenAlex
https://ror.org/034whsp22,"Kokusai Kogyo Co., Ltd. (Japan)","Kokusai Kogyo|Kokusai Kogyo Co., Ltd.|Kokusai Kogyo Co., Ltd. (Japan)|国際航業株式会社",JP,OpenAlex
https://ror.org/054fn8673,Energinet (Denmark),Energinet (Denmark),DK,OpenAlex
https://ror.org/00t6sz979,MedSIR (Spain),MedSIR (Spain)|Medica Scientia Innovation Research,ES,OpenAlex
https://ror.org/025jays06,Greenfield Research (Canada),Greenfield Research (Canada)|GRI,CA,OpenAlex
https://ror.org/025194b42,Mundipharma (United Kingdom),Mundipharma (United Kingdom),GB,OpenAlex
https://ror.org/02j4jqr44,Zeria Pharmaceutical (Japan),Zeria Pharmaceutical (Japan)|ゼリア新薬工業,JP,OpenAlex
https://ror.org/04nh35860,Velocity Clinical Research (United States),Velocity Clinical Research (United States),US,OpenAlex
https://ror.org/03kfrc103,Deutsche Montan Technologie (Germany),Deutsche Montan Technologie (Germany)|DMT,DE,OpenAlex
https://ror.org/04nb6x947,Hamamatsu Photonics (United Kingdom),Hamamatsu Hotonikusu Kabushiki-Gaisha|Hamamatsu Photonics (United Kingdom),GB,OpenAlex
https://ror.org/049ngdd28,KPMG (United States),KPMG (United States)|KPMG International Cooperative|Klynveld Peat Marwick Goerdeler,US,OpenAlex
https://ror.org/002q6h737,"Meiji Co., Ltd. (Japan)","Meiji Co., Ltd.|Meiji Co., Ltd. (Japan)|株式会社明治",JP,OpenAlex
https://ror.org/00gwhv923,Hasbro (United States),Hasbro (United States)|Hassenfeld Brothers and Hasbro Bradley,US,OpenAlex
https://ror.org/02j5ney70,Royal GD (Netherlands),Royal GD (Netherlands),NL,OpenAlex
https://ror.org/03bzkqg41,Ipsen (United States),Ipsen (United States),US,OpenAlex
https://ror.org/05pwxq352,Newron Pharmaceuticals (Italy),Newron Pharmaceuticals (Italy),IT,OpenAlex
https://ror.org/03ftfv496,Applied Decision Science (United States),Applied Decision Science (United States)|ADS,US,OpenAlex
https://ror.org/03e9p3c51,Boehringer Ingelheim (South Korea),Boehringer Ingelheim (South Korea)|한국베링거인겔하임,KR,OpenAlex
https://ror.org/03prym056,Almac (United Kingdom),Almac (United Kingdom),GB,OpenAlex
https://ror.org/04sd5y079,LS Plant Breeding (United Kingdom),LS Plant Breeding (United Kingdom)|LSPB,GB,OpenAlex
https://ror.org/03rr2e670,STS International,STS International,US,OpenAlex
https://ror.org/052s8df17,Lithium Power (United States),Lithium Power (United States),US,OpenAlex
https://ror.org/042j5ge28,Global Vaccines (United States),Global Vaccines (United States),US,OpenAlex
https://ror.org/05jgy0m16,Meso Scale Discovery (United States),Meso Scale Discovery (United States)|MSD,US,OpenAlex
https://ror.org/000m3hy37,Dr. August Wolff (Germany),Dr. August Wolff (Germany),DE,OpenAlex
https://ror.org/00cmpcq57,Areté Associates (United States),Areté Associates (United States),US,OpenAlex
https://ror.org/00m2x3q29,Radius Health (United States),Radius Health (United States),US,OpenAlex
https://ror.org/010j7cb18,Sardegna Ricerche (Italy),Consorzio Ventuno|Sardegna Ricerche (Italy),IT,OpenAlex
https://ror.org/00jz21w71,Ricardo Prague (Czechia),Ricardo Prague (Czechia),CZ,OpenAlex
https://ror.org/029zvxp24,Diamant (Germany),Diamant (Germany),DE,OpenAlex
https://ror.org/023n14c26,Integrity Systems (United States),Integrity Systems (United States),US,OpenAlex
https://ror.org/05h0qhk33,Double Helix (United States),Double Helix (United States),US,OpenAlex
https://ror.org/00rkhrg48,Synta Pharmaceuticals (United States),Synta Pharmaceuticals (United States),US,OpenAlex
https://ror.org/05bgwpv79,Bioenergy Life Science (United States),Bioenergy Life Science (United States),US,OpenAlex
https://ror.org/0555rbr45,Hygienic Research Institute (India),Hygienic Research Institute (India)|स्वच्छंद संशोधन संस्था|HRI,IN,OpenAlex
https://ror.org/04bdj7239,Amkor Technology (United States),Amkor Technology (United States),US,OpenAlex
https://ror.org/00t9ms296,Toptica Photonics (Germany),Toptica Photonics (Germany)|TuiOptics GmbH,DE,OpenAlex
https://ror.org/03fexp388,Separation Systems (United States),Separation Systems (United States),US,OpenAlex
https://ror.org/01wh5ny27,Compagnie Nationale du Rhône (France),Cie Nationale du Rhône|Compagnie Nationale du Rhône|Compagnie Nationale du Rhône (France)|National Company of Rhone|CNR,FR,OpenAlex
https://ror.org/00y09zk14,Motorola (South Korea),Motorola (South Korea),KR,OpenAlex
https://ror.org/017shr829,LI-COR Biosciences (United States),LI-COR Biosciences (United States),US,OpenAlex
https://ror.org/04y2bnd24,Lincoln Electric (United States),Lincoln Electric (United States),US,OpenAlex
https://ror.org/00fsz9s67,Boehringer Ingelheim (Taiwan),"Boehringer Ingelheim (Taiwan)|Taiwan Braunsing Ingelheim Co., Ltd.|台灣百靈佳殷格翰股份有限公司",TW,OpenAlex
https://ror.org/017bzf706,Summit Medical Group (United States),OrthoD Group Limited|Summit Medical Group (United States),US,OpenAlex
https://ror.org/038rhxb62,IM Systems (United States),IM Systems (United States)|IMSG,US,OpenAlex
https://ror.org/04m123659,Daewoo Pharma (South Korea),Daewoo Pharma (South Korea)|대우제약,KR,OpenAlex
https://ror.org/03xpnp312,Hua Medicine (China),Hua Medicine (China),CN,OpenAlex
https://ror.org/04x1fkv72,Istituto De Angeli (Italy),Istituto De Angeli (Italy),IT,OpenAlex
https://ror.org/050rf2257,Datang Telecom Group (China),Datang Telecom Group (China)|Datang Telecom Technology & Industry Group|大唐电信科技产业集团,CN,OpenAlex
https://ror.org/056zprp28,Microsoft Research New York City (United States),Microsoft Research New York|Microsoft Research New York City|Microsoft Research New York City (United States)|MSR-NYC,,OpenAlex
https://ror.org/00rr9fv20,Vulcan (United States),Vulcan (United States),US,OpenAlex
https://ror.org/01p9aw348,Suven Life Sciences (India),Suven Life Sciences (India),IN,OpenAlex
https://ror.org/021gpgt46,Menlo Systems (Germany),Menlo Systems (Germany),DE,OpenAlex
https://ror.org/036jhyh48,Ko-Aks (Norway),Gjøvik Knowledge Park|Ko-Aks (Norway),NO,OpenAlex
https://ror.org/04pwn6a43,China National Chemical Engineering (China),China National Chemical Engineering (China)|中国化学工程股份有限公司|CNCEC,CN,OpenAlex
https://ror.org/042s6y882,Inovio Pharmaceuticals (United States),Inovio Pharmaceuticals (United States),US,OpenAlex
https://ror.org/05m1qxf57,Nestlé (France),Nestlé (France),FR,OpenAlex
https://ror.org/012yc3523,COM DEV International,COM DEV International,CA,OpenAlex
https://ror.org/008h8bh21,Astellas Pharma (China),Astellas Pharma (China)|Asuterasu Seiyaku Kabushiki-gaisha|安斯泰来制药,CN,OpenAlex
https://ror.org/01c1z6p98,Advanced Inhalation Therapies (Israel),Advanced Inhalation Therapies (Israel)|AIT,IL,OpenAlex
https://ror.org/01nsm8h24,Physical Devices (United States),Physical Devices (United States),US,OpenAlex
https://ror.org/0226w4e92,Credo Reference (United States),Credo Reference (United States)|Xrefer,US,OpenAlex
https://ror.org/03y203366,Engineering Mechanics Corporation of Columbus (United States),Engineering Mechanics Corporation of Columbus (United States)|Emc2,US,OpenAlex
https://ror.org/031npzc88,Mahle (Germany),Mahle (Germany),DE,OpenAlex
https://ror.org/05j0gfp71,Daewoong Pharmaceutical (South Korea),Daewoong Pharmaceutical (South Korea)|대웅제약,KR,OpenAlex
https://ror.org/0537dnd74,Banco Bilbao Vizcaya Argentaria (Spain),Banco Bilbao Vizcaya Argentaria (Spain)|BBVA,ES,OpenAlex
https://ror.org/025ct3y55,TechSource (United States),TechSource (United States),US,OpenAlex
https://ror.org/03x0p3p41,GA Drilling (Slovakia),GA Drilling (Slovakia),SK,OpenAlex
https://ror.org/03z0m1393,Advanced Device Technology (United States),Advanced Device Technology (United States)|ADT,US,OpenAlex
https://ror.org/03y8p5m75,Ushio (Japan),Ushio (Japan)|ウシオ電機,JP,OpenAlex
https://ror.org/0514g5649,Bodle Technologies (United Kingdom),Bodle Technologies (United Kingdom),GB,OpenAlex
https://ror.org/051fsan18,Zygo (United States),Zygo (United States),US,OpenAlex
https://ror.org/029z3g861,Epic Systems (United States),Epic Systems (United States),US,OpenAlex
https://ror.org/00g5dc702,OncoMed (United States),OncoMed (United States),US,OpenAlex
https://ror.org/041c2wa38,Rusal (Russia),Rusal (Russia)|ОК РУСАЛ,RU,OpenAlex
https://ror.org/00pxc7m47,Shenzhen Bioeasy Biotechnology (China),Shenzhen Bioeasy Biotechnology (China),CN,OpenAlex
https://ror.org/013js5t03,Roche (Estonia),Hoffmann-La Roche|Roche (Estonia),EE,OpenAlex
https://ror.org/00shj4079,Noveltis (France),Noveltis (France),FR,OpenAlex
https://ror.org/02jh1bj14,Oshkosh (United States),Oshkosh (United States)|Oshkosh Truck,US,OpenAlex
https://ror.org/03ngp7731,Advanced Cooling Technologies (United States),Advanced Cooling Technologies (United States)|ACT,US,OpenAlex
https://ror.org/03jyeb125,Deloitte (United Kingdom),Deloitte (United Kingdom)|Deloitte Touche Tohmatsu Limited,GB,OpenAlex
https://ror.org/04vaq9436,Bluebird Bio (United States),Bluebird Bio (United States),US,OpenAlex
https://ror.org/05582kr93,Analog Devices (Ireland),Analog Devices (Ireland)|Analog Devices International,IE,OpenAlex
https://ror.org/05vtg7207,Geomatics (Norway),Geomatics (Norway),NO,OpenAlex
https://ror.org/05v91av89,Janssen Canada (Canada),Janssen|Janssen Canada (Canada)|Janssen Inc.|Janssen Ortho Inc,CA,OpenAlex
https://ror.org/058dk4619,Endocyte (United States),Endocyte (United States)|ECYT,US,OpenAlex
https://ror.org/01pv03m42,Strand Life Sciences (India),Avadis NGS|Strand Life Sciences (India),IN,OpenAlex
https://ror.org/033d1rc08,Cardinal Health (Australia),Cardinal Health (Australia),AU,OpenAlex
https://ror.org/00tee0349,Kodak (Japan),Eastman Kodak Company|Kodak (Japan),JP,OpenAlex
https://ror.org/010g5w962,Mitsubishi Paper Mills (Japan),Mitsubishi Paper Mills (Japan)|三菱製紙株式会社|MPM,JP,OpenAlex
https://ror.org/01c0hdt76,Acumen (United States),Acumen (United States),US,OpenAlex
https://ror.org/03g8y8161,Galois (United States),Galois (United States),US,OpenAlex
https://ror.org/05g9y6w44,Connecting Health Innovations (United States),Connecting Health Innovations (United States)|CHI,US,OpenAlex
https://ror.org/0122rxn37,DTE Energy (United States),DTE Energy|DTE Energy (United States)|Detroit Edison|DTE,,OpenAlex
https://ror.org/027286m03,Korea Expressway Corporation (South Korea),Korea Expressway Corporation|Korea Expressway Corporation (South Korea)|한국도로공사|EX,KR,OpenAlex
https://ror.org/014pv7733,BioNano Genomics (United States),BioNano Genomics (United States)|BioNanomatrix,US,OpenAlex
https://ror.org/02yhzgr66,Starkey Hearing Technologies (United States),Starkey Hearing Technologies (United States),US,OpenAlex
https://ror.org/04ywgwn19,Neurobehavioral Research (United States),Neurobehavioral Research (United States)|NBR,US,OpenAlex
https://ror.org/04axnyp10,Samsung Advanced Institute of Technology (South Korea),Samsung Advanced Institute of Technology (South Korea)|삼성종합기술원|SAIT,,OpenAlex
https://ror.org/00af1mn38,ERA Arqueologia,ERA Arqueologia,PT,OpenAlex
https://ror.org/03gmcft65,Muons (United States),Muons (United States),US,OpenAlex
https://ror.org/04h1x1p54,Walt Disney (Switzerland),Walt Disney (Switzerland),CH,OpenAlex
https://ror.org/04hrt9p44,Clariant (United States),Clariant (United States),US,OpenAlex
https://ror.org/05a10ec77,Newmont Mining (United States),Newmont Mining (United States),US,OpenAlex
https://ror.org/00btywz65,Kolon Industries (South Korea),Kolon Industries (South Korea),KR,OpenAlex
https://ror.org/00pj4py55,American Systems (United States),American Systems (United States),US,OpenAlex
https://ror.org/01xjsv217,Bauhaus Luftfahrt,Bauhaus Luftfahrt,DE,OpenAlex
https://ror.org/03p5fy985,QuantumCTek (China),QuantumCTek (China),CN,OpenAlex
https://ror.org/04ra3cs69,Saudi Arabia Basic Industries (Netherlands),Saudi Arabia Basic Industries (Netherlands)|SABIC,NL,OpenAlex
https://ror.org/05qkzsf63,Arcadis (Czechia),Arcadis (Czechia),CZ,OpenAlex
https://ror.org/00cv80m81,Cambridge Systematics (United States),Cambridge Systematics (United States)|CS,US,OpenAlex
https://ror.org/01cpeja57,Shenyang Aluminum & Magnesium Engineering & Research Institute (China),Shenyang Aluminum & Magnesium Engineering & Research Institute (China)|沉阳铝镁设计研究院|SAMI,CN,OpenAlex
https://ror.org/02q312y93,Inova Design Solutions (United Kingdom),Inova|Inova Design Solutions (United Kingdom),GB,OpenAlex
https://ror.org/0221y9f82,Beneficial Designs (United States),Beneficial Designs (United States),US,OpenAlex
https://ror.org/04946aj33,De Beers (South Africa),De Beers (South Africa),ZA,OpenAlex
https://ror.org/04cgxr267,NeuroMetrix (United States),NeuroMetrix (United States),US,OpenAlex
https://ror.org/04yxssd91,Advanced Photonix (United States),Advanced Photonix (United States),US,OpenAlex
https://ror.org/026q4jp63,Fathom (United Kingdom),Fathom|Fathom (United Kingdom),,OpenAlex
https://ror.org/04k59vn11,Sasol (Germany),Sasol (Germany),DE,OpenAlex
https://ror.org/04wdr7416,Lupin Pharmaceuticals (India),Lupin|Lupin Pharmaceuticals (India),IN,OpenAlex
https://ror.org/00bx90590,Deutsche Telekom (Austria),Deutsche Telekom (Austria)|Magenta Telekom,AT,OpenAlex
https://ror.org/00dhh3h17,Tokamak Energy (United Kingdom),Tokamak Energy (United Kingdom),GB,OpenAlex
https://ror.org/00p5rpb50,Synapse Biomedical (United States),Synapse Biomedical (United States)|SBI,US,OpenAlex
https://ror.org/0100f3q33,Biotest (Germany),Biotest (Germany),DE,OpenAlex
https://ror.org/023s4zc74,Mayne Pharma (Australia),Mayne Pharma (Australia),AU,OpenAlex
https://ror.org/02yv7gj50,SNP Genetics (South Korea),SNP Genetics (South Korea),KR,OpenAlex
https://ror.org/03m2wvf63,Nonlinear Control Strategies (United States),Nonlinear Control Strategies (United States)|NLCSTR,US,OpenAlex
https://ror.org/03eykgw84,Fujirebio (Japan),Fujirebio (Japan)|富士レビオ株式会社,JP,OpenAlex
https://ror.org/009jvpf03,Integrated DNA Technologies (United States),Integrated DNA Technologies (United States)|IDT,US,OpenAlex
https://ror.org/00ngrw992,Linden Photonics (United States),Linden Photonics (United States),US,OpenAlex
https://ror.org/00zdkew04,Bausch Health (United States),Bausch Health (United States)|Valeant Pharmaceuticals,US,OpenAlex
https://ror.org/02kpcqm42,Tesla (United States),Tesla (United States)|Tesla Motors,US,OpenAlex
https://ror.org/02d750026,Fossil Energy Research (United States),Fossil Energy Research (United States),US,OpenAlex
https://ror.org/03q18z722,Western Laboratories (United States),Western Laboratories (United States),US,OpenAlex
https://ror.org/04pgfae68,BuroHappold (United Kingdom),BuroHappold (United Kingdom),GB,OpenAlex
https://ror.org/03ya6pd97,PDL BioPharma (United States),PDL BioPharma (United States)|Protein Design Labs,US,OpenAlex
https://ror.org/05gv0tw76,Eko-Energia (Poland),Eko-Energia (Poland),PL,OpenAlex
https://ror.org/02snjxm78,Jabil (United States),Jabil (United States),US,OpenAlex
https://ror.org/00zs5ew10,NGK Spark Plug (Japan),NGK Spark Plug (Japan)|Nippon Tokushu Tōgyō Kabushiki-gaisha|日本特殊陶業株式会社|NGK,JP,OpenAlex
https://ror.org/00fgmmg43,UniCredit (Italy),UniCredit (Italy)|UniCredit Group|UniCredito Italiano,IT,OpenAlex
https://ror.org/04x4hjg39,Globus Medical (United States),Globus Medical (United States),US,OpenAlex
https://ror.org/02qgx4h83,Immersion (United States),Immersion (United States),US,OpenAlex
https://ror.org/012jfdt97,Marks and Spencer (United Kingdom),Marks and Spencer (United Kingdom)|M&S,GB,OpenAlex
https://ror.org/019r8b147,Noritake (Japan),Noritake (Japan)|株式会社ノリタケカンパニーリミテド,JP,OpenAlex
https://ror.org/01dhtjr14,Composite Components (Czechia),Composite Components (Czechia),CZ,OpenAlex
https://ror.org/027b5pf36,True (United States),True (United States)|True Engineering Technology,US,OpenAlex
https://ror.org/04b0s8g05,Husky Energy (Canada),Husky Energy (Canada),CA,OpenAlex
https://ror.org/00y1ttm22,Merck Serono S.A.S. (France),Merck (France)|Merck Serono S.A.S.|Merck Serono S.A.S. (France),FR,OpenAlex
https://ror.org/02b1nt179,Harvard Bioscience (United States),Harvard Bioscience (United States),US,OpenAlex
https://ror.org/02m3x8945,GlaxoSmithKline (Ireland),GlaxoSmithKline (Ireland)|GSK,IE,OpenAlex
https://ror.org/03fqz3d07,Chondrometrics (Germany),Chondrometrics (Germany),DE,OpenAlex
https://ror.org/04fpsr797,Intergen (Turkey),Intergen (Turkey)|İntergen Genetik Hastalıklar Tanı Merkezi,TR,OpenAlex
https://ror.org/05bp8ka05,Metadata Game Changers (United States),Metadata Game Changers (United States),US,OpenAlex
https://ror.org/01g1gvr46,Viatris,Viatris,,OpenAlex
https://ror.org/02qh9je05,"Pacific Consultants Co., Ltd. (Japan)","Pacific Consultants|Pacific Consultants Co., Ltd.|Pacific Consultants Co., Ltd. (Japan)|パシフィックコンサルタンツ株式会社",JP,OpenAlex
https://ror.org/01hght844,Lattice Semiconductor (United States),Lattice Semiconductor (United States),US,OpenAlex
https://ror.org/018a8yy17,ENN (China),"ENN (China)|ENN Group|ENN Group Co.|ENN Group Co., Ltd.|新奥集团|ENN",CN,OpenAlex
https://ror.org/01abzsb47,Prediction Systems (United States),Prediction Systems (United States)|PSI,US,OpenAlex
https://ror.org/02h8kp866,Polpharma Biologics (Netherlands),Bioceros|Polpharma Biologics (Netherlands),NL,OpenAlex
https://ror.org/02m2ek616,N&N Pharmaceuticals (United States),N&N Pharmaceuticals (United States)|N&N,US,OpenAlex
https://ror.org/031870q06,Orchid Pharma (India),Orchid Chemicals & Pharmaceuticals Limited|Orchid Pharma (India),IN,OpenAlex
https://ror.org/03pn9bd47,Sanofi (China),Sanofi (China)|赛诺菲,CN,OpenAlex
https://ror.org/05psz3234,Bridge Pharma (United States),Bridge Pharma (United States),US,OpenAlex
https://ror.org/05s5wce38,Chemopharma (Austria),Chemopharma (Austria),AT,OpenAlex
https://ror.org/040b32p69,Megvii (China),Megvii|Megvii (China)|Megvii Inc|Megvii Technology|Megvii Technology Limited|Megvii Technology Ltd|北京旷视科技有限公司|旷视|旷视科技,,OpenAlex
https://ror.org/03nbnyc28,Brain Innovation (Netherlands),Brain Innovation (Netherlands),NL,OpenAlex
https://ror.org/05d0e9y67,Eli Lilly (Italy),Eli Lilly (Italy),IT,OpenAlex
https://ror.org/004j18068,ILC Dover (United States),ILC Dover (United States),US,OpenAlex
https://ror.org/00cnb1p42,Ocean Acoustical Services and Instrumentation Systems (United States),OASIS|Ocean Acoustical Services and Instrumentation Systems (United States),US,OpenAlex
https://ror.org/010ajwv03,Eli Lilly (Singapore),Eli Lilly (Singapore),SG,OpenAlex
https://ror.org/01qdnge68,Fluent (United States),Fluent (United States),US,OpenAlex
https://ror.org/030rrcn92,TCG Lifesciences (India),Chembiotek Research International|TCG Lifesciences (India),IN,OpenAlex
https://ror.org/02nma1c30,International Flavors & Fragrances (United States),International Flavors & Fragrances (United States)|IFF,US,OpenAlex
https://ror.org/053frp704,Yebio Bioengineering (China),Yebio Bioengineering (China),CN,OpenAlex
https://ror.org/044p0s778,Environmental Energy & Engineering,Environmental Energy & Engineering,US,OpenAlex
https://ror.org/05ecd4168,Chongqing Electromechanical Holdings (China),Chongqing Electromechanical Holdings (China)|重庆机电控股|CME,CN,OpenAlex
https://ror.org/058v0cd57,Genus (United Kingdom),Genus (United Kingdom),GB,OpenAlex
https://ror.org/017art439,Amentum (United States),Amentum|Amentum (United States)|Jacobs,FR,OpenAlex
https://ror.org/033kc7n58,Creusot-Loire Entreprises (France),Creusot-Loire Entreprises (France)|CLE,FR,OpenAlex
https://ror.org/01k0v6g02,SURFsara (Netherlands),SURFsara (Netherlands)|Stichting Academisch Rekencentrum Amsterdam|SARA,NL,OpenAlex
https://ror.org/02qwkar08,Mitra Biotech (India),Mitra Biotech (India),IN,OpenAlex
https://ror.org/03t9rxt77,Sage Therapeutics (United States),Sage Therapeutics (United States),US,OpenAlex
https://ror.org/03qkhyr66,Novozymes (United States),Novozymes (United States),US,OpenAlex
https://ror.org/04jfnqt61,Western Forest Products,Western Forest Products|WFP,CA,OpenAlex
https://ror.org/00fx55r32,Hua Yuan Group (China),Beijing Huayuan Group|Hua Yuan Group (China)|华远集团,CN,OpenAlex
https://ror.org/01ktf2g48,Boréa (Sweden),Boréa (Sweden),SE,OpenAlex
https://ror.org/023yhem40,Materialprüfungsamt Nordrhein-Westfalen,Institute of Materials Testing of Northrhine-Westphalia|Materialprüfungsamt NRW|Materialprüfungsamt Nordrhein-Westfalen|MPA NRW,DE,OpenAlex
https://ror.org/030nx8440,A.S. Watson (Netherlands),A.S. Watson (Netherlands),NL,OpenAlex
https://ror.org/0411v1p84,Estée Lauder (United States),Estée Lauder (United States),US,OpenAlex
https://ror.org/031v4g827,NXP (Belgium),NXP (Belgium),BE,OpenAlex
https://ror.org/03se72f21,Zinpro (United States),Zinpro (United States),US,OpenAlex
https://ror.org/04f254318,Skretting (Norway),Skretting (Norway),NO,OpenAlex
https://ror.org/05rgpb984,Information and Mathematical Science and Bioinformatics (Japan),Information and Mathematical Science and Bioinformatics (Japan)|IMSBIO,JP,OpenAlex
https://ror.org/01rybb297,Edge Technologies (United States),Edge Technologies (United States),US,OpenAlex
https://ror.org/02rzqa255,KT&G (South Korea),KT&G (South Korea)|Korea Tobacco & Ginseng|Korea Tomorrow & Global Corporation|주식회사 케이티앤지,KR,OpenAlex
https://ror.org/03g1x1714,Materials Design (France),Materials Design (France),FR,OpenAlex
https://ror.org/03w1c1p82,Huntsman (Belgium),Huntsman (Belgium),BE,OpenAlex
https://ror.org/04p6jwd33,Fate Therapeutics (United States),Fate Therapeutics (United States),US,OpenAlex
https://ror.org/04akq1s78,Mound Laser & Photonics Center (United States),Mound Laser & Photonics Center (United States)|MLPC,US,OpenAlex
https://ror.org/0000p0n60,Otis (United States),Otis (United States)|Otis Elevator Company|Otis Worldwide Corporation,US,OpenAlex
https://ror.org/01bhs6g30,Novavax (United States),Novavax (United States),US,OpenAlex
https://ror.org/01egf3y42,Technikon (Austria),TECHNIKON Forschungs- und Planungsgesellschaft mbH|Technikon (Austria),AT,OpenAlex
https://ror.org/01wpzjj95,Tofwerk (Switzerland),Tofwerk (Switzerland),CH,OpenAlex
https://ror.org/0212gej90,ON Semiconductor (Belgium),ON Semiconductor (Belgium),BE,OpenAlex
https://ror.org/03sxe1905,FibroGen (United States),FibroGen (United States),US,OpenAlex
https://ror.org/05t1y0b59,Visa (United States),Visa (United States),US,OpenAlex
https://ror.org/047xpay52,PAX Scientific (United States),PAX Scientific (United States),US,OpenAlex
https://ror.org/04h9a4v60,New Hope Liuhe (China),New Hope Liuhe (China),CN,OpenAlex
https://ror.org/01b3dk794,Autodesk (Canada),Autodesk (Canada),CA,OpenAlex
https://ror.org/049835d66,Institute of Political History (Hungary),Institute of Political History (Hungary)|Politikatörténeti Intézet|PTI,HU,OpenAlex
https://ror.org/04hqnrz12,Bruker (Switzerland),Bruker (Switzerland),CH,OpenAlex
https://ror.org/04d8f4804,HeidelbergCement (United States),HeidelbergCement (United States),US,OpenAlex
https://ror.org/04f81me03,Constellium (France),Constellium (France),FR,OpenAlex
https://ror.org/05dvp4993,Ubitech (Greece),Ubitech (Greece),GR,OpenAlex
https://ror.org/01yzrt577,Genedata (Switzerland),Genedata (Switzerland),CH,OpenAlex
https://ror.org/001g7ce71,Biomass Technology Group (Netherlands),Biomass Technology Group (Netherlands)|BTG,NL,OpenAlex
https://ror.org/00g51ew42,Sanofi (Spain),Sanofi (Spain),ES,OpenAlex
https://ror.org/017d1hs72,Banco Santander (Spain),Banco Santander (Spain),ES,OpenAlex
https://ror.org/01bs8y378,Autoimmune Technologies (United States),Autoimmune Technologies (United States),US,OpenAlex
https://ror.org/033wz4y55,Anhui East China Institute of Optoelectronic Technology (China),Anhui East China Institute of Optoelectronic Technology (China)|Anhui Huadong Photoelectric Technology Institute,CN,OpenAlex
https://ror.org/054vdfx15,IDEXX Laboratories (Germany),IDEXX Laboratories (Germany),DE,OpenAlex
https://ror.org/050yv1382,JTEC Corporation (Japan),JTEC Corporation|JTEC Corporation (Japan)|ジェイテックコーポレーション|株式会社ジェイテックコーポレーション,,OpenAlex
https://ror.org/03p1cbx82,Nektar Therapeutics (United States),Nektar Therapeutics (United States),US,OpenAlex
https://ror.org/02t9jkq72,Beam Engineering for Advanced Measurements (United States),BEAM|Beam Engineering for Advanced Measurements (United States),US,OpenAlex
https://ror.org/02jsytr13,Prometeia (Italy),Prometeia (Italy),IT,OpenAlex
https://ror.org/0405ahw63,DNA Diagnostic (Denmark),DNA Diagnostic (Denmark),DK,OpenAlex
https://ror.org/043hwx747,Proteome Sciences (United Kingdom),Proteome Sciences (United Kingdom),GB,OpenAlex
https://ror.org/05m34fq04,Motorola (France),Galvin Manufacturing Corporation|Motorola (France),FR,OpenAlex
https://ror.org/03ycssf34,ArcelorMittal (United States),ArcelorMittal (United States),US,OpenAlex
https://ror.org/05jddt560,Cell Medica (Switzerland),Cell Medica (Switzerland),CH,OpenAlex
https://ror.org/002sg8b56,Resource (United States),Resource (United States),US,OpenAlex
https://ror.org/01274hc70,Colorado Engineering (United States),Colorado Engineering (United States),US,OpenAlex
https://ror.org/02jvnqf51,Cramer Fish Sciences (United States),Cramer Fish Sciences (United States)|CFS,US,OpenAlex
https://ror.org/04mdy6t91,OAO VNIPIneft (Russia),"OAO VNIPIneft (Russia)|Research and Design Institute of Oil Refining and Petrochemical JSC ""VNP""|Научно-исследовательский и проектный институт нефтеперерабатывающей и нефтехимической промышленности ОАО ""ВНИПИнефть""",RU,OpenAlex
https://ror.org/050qk7w58,Garrett Technologies (United States),Garrett Technologies (United States),US,OpenAlex
https://ror.org/020k76687,Régie Autonome des Transports Parisiens (France),Autonomous Operator of Parisian Transports|RATP Group|Régie Autonome des Transports Parisiens (France)|RATP,FR,OpenAlex
https://ror.org/00962x353,Luossavaara-Kiirunavaara Aktiebolag (Sweden),Luossavaara-Kiirunavaara Aktiebolag (Sweden)|LKAB,SE,OpenAlex
https://ror.org/01cwhph72,PQ Corporation (Canada),PQ Corporation (Canada),CA,OpenAlex
https://ror.org/00qy2fm62,Beijing Zhongke Science and Technology (China),Beijing Scientific Instrument Research Center of the Chinese Academy of Sciences|Beijing Zhongke Science and Technology (China)|Scientific Instrument Factory of the Chinese Academy of Sciences|北京中科科仪股份有限公司,CN,OpenAlex
https://ror.org/027c2yv63,Illumina (United Kingdom),Illumina (United Kingdom),GB,OpenAlex
https://ror.org/02t2pyr24,Procter & Gamble (Germany),Procter & Gamble (Germany)|P&G,DE,OpenAlex
https://ror.org/046d7bv94,Lodestar Research Corporation (United States),Lodestar Research Corporation (United States),US,OpenAlex
https://ror.org/051zzmk23,Höganäs (Sweden),Höganäs (Sweden),SE,OpenAlex
https://ror.org/035bmh889,"CareDx, Inc. (United States)","CareDx|CareDx, Inc.|CareDx, Inc. (United States)|XDx, Inc.",US,OpenAlex
https://ror.org/05debk536,Turkish Petroleum Corporation (Turkey),Turkish Petroleum Corp.|Turkish Petroleum Corporation|Turkish Petroleum Corporation (Turkey)|Türkiye Petrolleri A.O.|Türkiye Petrolleri Anonim Ortaklığı|TPAO,TR,OpenAlex
https://ror.org/015pd1843,Phoenix Scientific Industries (United Kingdom),Phoenix Scientific Industries (United Kingdom)|PSI,GB,OpenAlex
https://ror.org/0151s7v18,Umicore (Germany),Umicore (Germany)|Union Minière,DE,OpenAlex
https://ror.org/02krbtc48,Paradigm Pharmaceuticals (United States),Paradigm Pharma|Paradigm Pharmaceuticals (United States),US,OpenAlex
https://ror.org/03mex2a54,BioStrategies (United States),BioStrategies (United States),US,OpenAlex
https://ror.org/01c5dd102,Mahindra and Mahindra Limited (India),Mahindra and Mahindra Limited (India)|M&M,IN,OpenAlex
https://ror.org/027zxhv97,Research Management (Norway),Research Management (Norway),NO,OpenAlex
https://ror.org/02gck7e73,Institute for Clinical Pharmacodynamics (United States),Institute for Clinical Pharmacodynamics (United States)|ICPD,US,OpenAlex
https://ror.org/05ykg3d23,Wärtsilä (Finland),Wärtsilä (Finland),FI,OpenAlex
https://ror.org/01ht95816,Seco Tools (Sweden),Seco Tools (Sweden)|Seco Tools AB|Seco Tools Aktiebolag,SE,OpenAlex
https://ror.org/01a9h7w04,Furuno (Japan),Furuno (Japan)|Furuno Denki Kabushiki-gaisha|古野電気株式会社,JP,OpenAlex
https://ror.org/00vhvv548,Andersen (United States),Andersen (United States),US,OpenAlex
https://ror.org/018k0qv55,Sozvezdie (Russia),Sozvezdie (Russia)|Voronezh Research Institute of Communications|Voronezh Research Institute of Telecommunications|Воронежский научно-исследовательский институт телекоммуникаций|VNIIS|ВНИИС,RU,OpenAlex
https://ror.org/01sf6dn24,Procter & Gamble (Netherlands),Procter & Gamble (Netherlands)|P&G,NL,OpenAlex
https://ror.org/02ffkja82,Hewlett-Packard (India),Hewlett-Packard (India)|HP,IN,OpenAlex
https://ror.org/03bsv7x15,Ramboll (Finland),Ramboll (Finland)|Ramboll Group|Rambøll & Hannemann,FI,OpenAlex
https://ror.org/0493cs919,Jusung Engineering (South Korea),Jusung Engineering (South Korea)|주성엔지니어링,KR,OpenAlex
https://ror.org/04zz3cg37,Monterey Technologies (United States),Monterey Technologies (United States)|MTI,US,OpenAlex
https://ror.org/01f10xn48,NTN (Japan),"NTN (Japan)|NTN Kabushiki-gaisha|NTN株式会社|Niwa, Tomoe, Nishizono",JP,OpenAlex
https://ror.org/02wxws056,Dynamic Graphics (United States),Dynamic Graphics (United States),US,OpenAlex
https://ror.org/025xwwx95,International Consultants (Egypt),International Consultants (Egypt)|IC,EG,OpenAlex
https://ror.org/02ww26h70,Shionogi (United States),Shionogi (United States)|Shionogi Seiyaku Kabushiki Kaisha,US,OpenAlex
https://ror.org/043pjwk57,DNAnexus (United States),DNAnexus (United States),US,OpenAlex
https://ror.org/0437mk135,BioMimetic Systems (United States),BioMimetic Systems (United States)|BMS,US,OpenAlex
https://ror.org/02pf9q447,"Philips Japan, Limited (Japan)","Philips Electronics Japan|Philips Japan|Philips Japan, Limited|Philips Japan, Limited (Japan)|株式会社フィリップス・ジャパン",JP,OpenAlex
https://ror.org/016065f51,Kanto Chemical (Japan),Kanto Chemical (Japan),JP,OpenAlex
https://ror.org/01wen3r86,Boliden (Sweden),Boliden (Sweden),SE,OpenAlex
https://ror.org/02npppw10,BMT Group (United Kingdom),BMT Group (United Kingdom)|British Maritime Technology|BMT,GB,OpenAlex
https://ror.org/0357dmp95,Utility Development (United States),Utility Development (United States)|UDC ,US,OpenAlex
https://ror.org/038q4zz19,Wanhua Chemical (China),Wanhua Chemical (China)|万华化学,CN,OpenAlex
https://ror.org/047mw6m75,Aerosol Dynamics (United States),Aerosol Dynamics (United States),US,OpenAlex
https://ror.org/04rmmk944,SV Health Investors (United States),SV Health Investors (United States),US,OpenAlex
https://ror.org/04wd9yj02,Strategic Analysis Enterprises (United States),Strategic Analysis Enterprises (United States)|SAE,US,OpenAlex
https://ror.org/059hsy938,China Minmetals (China),China Minmetals (China)|长沙矿冶研究院有限责任公司,CN,OpenAlex
https://ror.org/03rytet35,KMS Fusion (United States),KMS Fusion (United States),US,OpenAlex
https://ror.org/05q6wv670,Trelleborg (Sweden),Trelleborg (Sweden),SE,OpenAlex
https://ror.org/00ackcm59,Construction Development (Qatar),Construction Development (Qatar)|Qatar Construction and Development|CDC|QCDC,QA,OpenAlex
https://ror.org/00m448187,Vantage Power (United Kingdom),Vantage Power (United Kingdom),GB,OpenAlex
https://ror.org/026vpvt76,Geron (United States),Geron (United States),US,OpenAlex
https://ror.org/045h8gy65,Vale (Canada),CVRD Inco|Inco Limited|Vale (Canada)|Vale Inco,CA,OpenAlex
https://ror.org/00m2ky193,Biohaven Pharmaceuticals (United States),Biohaven Pharmaceuticals (United States),US,OpenAlex
https://ror.org/01n6t9x28,UCB Pharma (France),UCB Pharma (France)|Union Chimique Belge,FR,OpenAlex
https://ror.org/01ybtyf05,Ishihara Sangyo Kaisha (Japan),Ishihara Sangyo Kaisha (Japan)|石原産業株式会社,JP,OpenAlex
https://ror.org/0230sdc57,Tanner Research (United States),Tanner Research (United States),US,OpenAlex
https://ror.org/05k84m754,Celltrion (South Korea),Celltrion (South Korea),KR,OpenAlex
https://ror.org/00n22rm50,United States Gypsum (United States),USG Corporation|United States Gypsum (United States)|USG,US,OpenAlex
https://ror.org/01vmgtx82,Sentient Science (United States),Sentient Science (United States),US,OpenAlex
https://ror.org/02mnmm768,Sanofi (Italy),Sanofi (Italy),IT,OpenAlex
https://ror.org/03098ta78,Optical Fiber Solutions (Denmark),Optical Fiber Solutions (Denmark)|OFS,DK,OpenAlex
https://ror.org/04xrcx824,NEC (China),NEC (China)|Nippon Denki Kabushiki Gaisha|Nippon Electric Company|日本電気株式会社,CN,OpenAlex
https://ror.org/01af58f81,Stanley Electric (Japan),Stanley Electric (Japan)|Sutanre Denki KK|Sutanrē Denki Kabushiki-gaisha|スタンレー電気株式会社,JP,OpenAlex
https://ror.org/00z0kkz74,Accelerated Medical Diagnostics (United States),Accelerated Medical Diagnostics (United States)|AMD,US,OpenAlex
https://ror.org/01tbkq861,"Tianjin Geothermal Exploration, Development and Design Institute (China)","Tianjin Geothermal Exploration, Development and Design Institute (China)|Tianjin No.1 Geological Exploration Brigade|天津地热勘查开发设计院",CN,OpenAlex
https://ror.org/02qm4q539,Rockwell Automation (Canada),Rockwell Automation (Canada),CA,OpenAlex
https://ror.org/03yfgnq74,Summit (United Kingdom),Summit (United Kingdom),GB,OpenAlex
https://ror.org/04xtdqy92,Gumi Electronics & Information Technology Research Institute (South Korea),Gumi Electronics & Information Technology Research Institute (South Korea)|구미전자정보기술원,KR,OpenAlex
https://ror.org/031x58280,"ASIA AIR Survey Co., Ltd. (Japan)","ASIA AIR Survey|ASIA AIR Survey Co., Ltd.|ASIA AIR Survey Co., Ltd. (Japan)|アジア航測株式会社",JP,OpenAlex
https://ror.org/038vabw28,SoftBank Corp. (Japan),SoftBank Corp.|SoftBank Corp. (Japan)|Softbank Mobile|Softbank Mobile Corp.|ソフトバンクモバイル株式会社|ソフトバンク株式会社,JP,OpenAlex
https://ror.org/003qafx79,Ideko (Spain),Ideko (Spain),ES,OpenAlex
https://ror.org/004sfne89,Klinikum Westfalen (Germany),Klinikum Westfalen (Germany),DE,OpenAlex
https://ror.org/01ksntm04,Oblikue Consulting (Spain),Oblikue Consulting (Spain),ES,OpenAlex
https://ror.org/01r2s9d65,Ocular Proteomics (United States),Ocular Proteomics (United States)|OPL,US,OpenAlex
https://ror.org/02heqf923,Panasonic (Poland),Panasonic (Poland),PL,OpenAlex
https://ror.org/036hc2148,Advanced Systems Technology (United States),Advanced Systems Technology (United States)|AST,US,OpenAlex
https://ror.org/0533vxh11,RISC Software (Austria),RISC Software (Austria),AT,OpenAlex
https://ror.org/041cwwp58,Technical Design (United States),Technical Design (United States),US,OpenAlex
https://ror.org/05skpc353,TriNetX (United States),TriNetX (United States),US,OpenAlex
https://ror.org/01qpswk97,Canon Medical Systems Corporation (Japan),Canon Medical|Canon Medical Systems|Canon Medical Systems Corporation (Japan)|キヤノンメディカルシステムズ株式会社,JP,OpenAlex
https://ror.org/037m25169,"China Tobacco Hunan Industrial Co., Ltd. (China)","China Tobacco Hunan Industrial Co., Ltd. (China)|China Tobacco Hunan Industrial Company Ltd|Hunan China Tobacco Industrial Co., Ltd.|Hunan Tobacco Company|湖南中烟工业有限责任公司",CN,OpenAlex
https://ror.org/02ap4eq27,Origin Energy (Australia),Origin Energy (Australia),AU,OpenAlex
https://ror.org/00k5ek978,SmartFactory (Germany),SmartFactory (Germany)|Technologie-Initiative SmartFactory KL,DE,OpenAlex
https://ror.org/00msnjb96,Essa Pharma (United States),Essa Pharma (United States),US,OpenAlex
https://ror.org/00zmtvv40,Research Support Instruments (United States),Research Support Instruments (United States)|RSI,US,OpenAlex
https://ror.org/023q7ek24,Stornoway Diamond (Canada),Stornoway Diamond (Canada),CA,OpenAlex
https://ror.org/02y22dj89,KUKA (Germany),KUKA (Germany)|Keller und Knappich Augsburg,DE,OpenAlex
https://ror.org/04fce1c40,Clarivate (United States),Clarivate (United States),US,OpenAlex
https://ror.org/053aznw88,FM Global (United States),FM Global (United States),US,OpenAlex
https://ror.org/04cj8wf50,APT Therapeutics (United States),APT Therapeutics (United States)|APT,US,OpenAlex
https://ror.org/05gh45115,Rhythm (United states),Rhythm (United states),US,OpenAlex
https://ror.org/00y61sp67,JSW Group (India),JSW Group (India),IN,OpenAlex
https://ror.org/055mvz558,Sumitomo Precision Products (Japan),Sumitomo Precision Products (Japan)|住友精密工業株式会社|SPP,JP,OpenAlex
https://ror.org/00f86gt02,Nippon Zoki (Japan),Nippon Zoki (Japan)|日本臓器製薬,JP,OpenAlex
https://ror.org/015mg4834,Dimagi (United States),Dimagi (United States),US,OpenAlex
https://ror.org/01r2vjq11,Tower Semiconductor (Israel),Tower Semiconductor (Israel)|TowerJazz|タワーセミコンダクター,IL,OpenAlex
https://ror.org/023jx0404,Coal Industry Jinan Design & Research Institute (China),"Coal Industry Jinan Design & Research Institute (China)|Jinan Design and Research Institute Co., Ltd|煤炭工业济南设计研究院有限公司",CN,OpenAlex
https://ror.org/02hzxf772,Sitma (Norway),Sitma (Norway)|Supply Chain Management,NO,OpenAlex
https://ror.org/029nrcq47,RS Dynamics (Czechia),RS Dynamics (Czechia),CZ,OpenAlex
https://ror.org/03ae5ch37,Toyon (United States),Toyon (United States),US,OpenAlex
https://ror.org/05ft43x45,Themis (India),Themis (India)|Themis Chemical|Themis Medicare|TML,IN,OpenAlex
https://ror.org/03w6g7b34,"Daihatsu Motor Co., Ltd. (Japan)","Daihatsu Motor|Daihatsu Motor Co., Ltd.|Daihatsu Motor Co., Ltd. (Japan)|ダイハツ工業株式会社",JP,OpenAlex
https://ror.org/010c9nr19,Knorr-Bremse (Germany),Knorr-Bremse (Germany)|Knorr-Bremse AG,DE,OpenAlex
https://ror.org/02m8g1k56,Ion Technology Center (Japan),Ion Engineering Research Institute Corporation|Ion Technology Center (Japan)|イオンテクノセンター|ITC,JP,OpenAlex
https://ror.org/04pqzwm85,GlaxoSmithKline (Brazil),GlaxoSmithKline (Brazil)|GSK,BR,OpenAlex
https://ror.org/04cdebn34,ProCure (United States),ProCure (United States)|ProCure Treatment Centers,US,OpenAlex
https://ror.org/05jnv7j09,Michael Baker International (United States),Michael Baker International (United States),US,OpenAlex
https://ror.org/04wz8fg60,QED Technologies (United States),QED Technologies (United States),US,OpenAlex
https://ror.org/00sqg3532,Maxygen (United States),Maxygen (United States),US,OpenAlex
https://ror.org/02145de51,Dairy Australia (Australia),Dairy Australia (Australia)|Dairy Research & Development Corporation|DA|DRDC,AU,OpenAlex
https://ror.org/00xysp757,Yanmar (Japan),Yanmar (Japan)|ヤンマー株式会社,JP,OpenAlex
https://ror.org/021k6d838,Psychogenics (United States),Psychogenics (United States),US,OpenAlex
https://ror.org/02c67p367,Array Information Technology (United States),Array Information Technology (United States),US,OpenAlex
https://ror.org/03k03ec42,Computer Technology Associates (United States),Computer Technology Associates (United States)|CTA,US,OpenAlex
https://ror.org/05k2ek264,Vigo System (Poland),Vigo System (Poland),PL,OpenAlex
https://ror.org/03p0gwt85,NTT Communications Corporation (Japan),NTT Communications|NTT Communications Corporation|NTT Communications Corporation (Japan)|エヌ・ティ・ティ・コミュニケーションズ株式会社,JP,OpenAlex
https://ror.org/001ajv156,EES Research (United Kingdom),EES Research (United Kingdom),GB,OpenAlex
https://ror.org/00xqcpg12,Solvay (Italy),Solvay (Italy),IT,OpenAlex
https://ror.org/00r23cm16,Lesaffre (France),Groupe Lesaffre|Lesaffre (France),FR,OpenAlex
https://ror.org/040823y46,Guger Technologies (Austria),Guger Technologies (Austria)|g.tec,AT,OpenAlex
https://ror.org/04zpt4h82,IBM (Egypt),IBM (Egypt)|International Business Machines Corporation,EG,OpenAlex
https://ror.org/021bvd011,Boston Scientific (Netherlands),Boston Scientific (Netherlands)|Boston Scientific Corporation|BSC,NL,OpenAlex
https://ror.org/034tp1f71,Medizinisch Wissenschaftliche Verlagsgesellschaft (Germany),Medizinisch Wissenschaftliche Verlagsgesellschaft (Germany)|MWV,DE,OpenAlex
https://ror.org/0415p9s42,Dräger (Germany),Dräger (Germany)|Drägerwerk,DE,OpenAlex
https://ror.org/03k7v4244,Infinity (United States),Infinity (United States)|Infinity Fuel Cell and Hydrogen,US,OpenAlex
https://ror.org/04z9rrc30,Cerus (United States),Cerus (United States),US,OpenAlex
https://ror.org/05j7hv850,GeoMechanics Technologies (United States),GeoMechanics Technologies (United States)|Terralog Technologies,US,OpenAlex
https://ror.org/04tktxv05,Fujita Corporation (Japan),Fujita|Fujita Corporation|Fujita Corporation (Japan)|株式会社フジタ,JP,OpenAlex
https://ror.org/020ye1821,Meta (United Kingdom),Facebook UK|Meta (United Kingdom)|Meta UK,GB,OpenAlex
https://ror.org/037mj4292,Defence Materials Technology Centre (Australia),Defence Materials Technology Centre (Australia)|DMTC,AU,OpenAlex
https://ror.org/039arew28,Micro Materials (United Kingdom),Micro Materials (United Kingdom),GB,OpenAlex
https://ror.org/03e8gpx64,MetroLaser (United States),MetroLaser (United States),US,OpenAlex
https://ror.org/04gtryb63,Life Science Center Düsseldorf (Germany),Life Science Center Düsseldorf (Germany)|GED,DE,OpenAlex
https://ror.org/0290kkw06,Applied Behavioral Research (United States),Applied Behavioral Research (United States),US,OpenAlex
https://ror.org/054j4ex16,Satellite Healthcare (United States),Satellite Healthcare (United States),US,OpenAlex
https://ror.org/049svd053,Chiyoda Corporation (Japan),Chiyoda|Chiyoda Corporation|Chiyoda Corporation (Japan)|千代田化工建設株式会社,JP,OpenAlex
https://ror.org/04e2w5782,"Mizuho Research & Technologies, Ltd. (Japan)","Mizuho Information & Research Institute|Mizuho Research & Technologies, Ltd.|Mizuho Research & Technologies, Ltd. (Japan)|みずほリサーチ&テクノロジーズ株式会社|みずほ情報総研株式会社",JP,OpenAlex
https://ror.org/02gfwng46,Whirlpool (United States),Whirlpool (United States),US,OpenAlex
https://ror.org/05ehe6278,Cameco (Canada),Cameco (Canada)|Canadian Mining and Energy Corporation,CA,OpenAlex
https://ror.org/00b0m7v78,Institute of Reactor Materials (Russia),Institute of Nuclear Materials|Institute of Reactor Materials (Russia)|ИНСТИТУТ РЕАКТОРНЫХ МАТЕРИАЛОВ|IRM,RU,OpenAlex
https://ror.org/02fp12092,CeGaT (Germany),CeGaT (Germany),DE,OpenAlex
https://ror.org/03v3jkw12,Active Biotech (Sweden),Active Biotech (Sweden),SE,OpenAlex
https://ror.org/04a1h1h05,Smart Solution (Norway),Smart Solution (Norway),NO,OpenAlex
https://ror.org/03j4s9c05,Argentine Water and Sanitation (Argentina),Agua y Saneamientos Argentinos|Argentine Water and Sanitation (Argentina)|AySA,AR,OpenAlex
https://ror.org/059s09c28,Cook Medical (Denmark),Cook Medical (Denmark),DK,OpenAlex
https://ror.org/00knakc29,Nestlé (United Kingdom),Nestlé (United Kingdom),GB,OpenAlex
https://ror.org/01rwmh192,Excel Life Sciences (India),Excel Life Sciences (India)|ELS,IN,OpenAlex
https://ror.org/01zg9j813,Thieme Medical Publishers (Germany),Georg Thieme Verlag KG|Thieme Medical Publishers (Germany),DE,OpenAlex
https://ror.org/028chtg69,SVT Associates (United States),SVT Associates (United States)|SVTA,US,OpenAlex
https://ror.org/02ka1d450,Siena Biotech (Italy),Siena Biotech (Italy),IT,OpenAlex
https://ror.org/042any649,ArcelorMittal (Belgium),ArcelorMittal (Belgium),BE,OpenAlex
https://ror.org/03sr1zw68,Biocompatibles (United Kingdom),Biocompatibles (United Kingdom),GB,OpenAlex
https://ror.org/0465y5v04,Epsilon Systems (United States),Epsilon Systems (United States),US,OpenAlex
https://ror.org/05nqkcp91,WengFu Group (China),Guizhou Hongfu Industry & Commerce Development|WengFu Group (China),CN,OpenAlex
https://ror.org/0033hxy10,Vaisala (United States),Vaisala (United States),US,OpenAlex
https://ror.org/006qymt97,ZIN Technologies (United States),ZIN Technologies (United States),US,OpenAlex
https://ror.org/00g578s43,Oregon Center For Applied Science (United States),Oregon Center For Applied Science (United States)|ORCAS,US,OpenAlex
https://ror.org/00xttnp21,Flex (Mauritius),Flex (Mauritius)|Flextronics,MU,OpenAlex
https://ror.org/015r6qx80,Laboratoires d'Anjou (France),Cebelia Laboratoires d'Anjou|Laboratoires d'Anjou (France),FR,OpenAlex
https://ror.org/01ep0vp31,Rheinmetall (Germany),Rheinmetall (Germany),DE,OpenAlex
https://ror.org/01thy5064,Biosensor (Italy),Biosensor (Italy)|Biosensors International Group,IT,OpenAlex
https://ror.org/01vepzj85,Roche (Japan),Roche (Japan)|中外製薬,JP,OpenAlex
https://ror.org/02epwnv39,ILJIN Group (South Korea),ILJIN Group (South Korea)|일진 그룹,KR,OpenAlex
https://ror.org/03ma9wk70,AstraZeneca (India),AstraZeneca (India)|AZ,IN,OpenAlex
https://ror.org/03zmqr331,Bristol-Myers Squibb (India),Bristol-Myers Squibb (India)|BBRC|BMS,IN,OpenAlex
https://ror.org/04vkhtf23,Johnson & Johnson (Netherlands),Crucell|Johnson & Johnson (Netherlands),NL,OpenAlex
https://ror.org/004b7jc50,Maxim Integrated (United Kingdom),Maxim Integrated (United Kingdom),GB,OpenAlex
https://ror.org/05fy2ba68,SKF (Sweden),SKF (Sweden)|Svenska Kullagerfabriken,SE,OpenAlex
https://ror.org/016q5ce10,Jilian Technology Group (China),Jilian Technology Group (China),CN,OpenAlex
https://ror.org/0215n2163,RadiaBeam Technologies (United States),RadiaBeam Technologies (United States),US,OpenAlex
https://ror.org/033tvvz33,Cook Research (United States),Cook Research (United States),US,OpenAlex
https://ror.org/02mabf754,Bissell (United States),Bissell (United States)|Bissell Homecare,US,OpenAlex
https://ror.org/03jn2ja08,Xperi (United States),Tessera|Xperi|Xperi (United States),US,OpenAlex
https://ror.org/03cssbw37,Parallel Consulting (United States),Parallel Consulting (United States),US,OpenAlex
https://ror.org/04kpvds24,Applied Logic Laboratory (Hungary),Applied Logic Laboratory (Hungary)|ALL,HU,OpenAlex
https://ror.org/04ge7a533,Digital Video (Italy),Digital Video (Italy),IT,OpenAlex
https://ror.org/04fc9fa94,Sensor Electronic Technology (United States),Sensor Electronic Technology (United States)|SETi,US,OpenAlex
https://ror.org/054px3h87,Materials Resources (United States),Materials Resources (United States)|MRL,US,OpenAlex
https://ror.org/000bvba82,Biomarker Technologies (China),Biomarker Technologies (China)|百迈客生物科技,CN,OpenAlex
https://ror.org/03f9m1k43,BP (France),BP (France)|BP Amoco|The British Petroleum Company,FR,OpenAlex
https://ror.org/05mbp3c63,AnatomyWorks (United States),AnatomyWorks (United States),US,OpenAlex
https://ror.org/00wx06002,Nisshin Flour Milling Inc. (Japan),Nisshin Flour Milling|Nisshin Flour Milling Inc.|Nisshin Flour Milling Inc. (Japan)|日清製粉株式会社,JP,OpenAlex
https://ror.org/00gfjrf11,Johnson & Johnson (France),Johnson & Johnson (France),FR,OpenAlex
https://ror.org/00kznd563,Ingeniería de Sistemas para la Defensa de España,Ingeniería de Sistemas para la Defensa de España|Isdefe,ES,OpenAlex
https://ror.org/03ntya366,Ezaki Glico (Japan),Ezaki Glico (Japan)|江崎グリコ株式会社,JP,OpenAlex
https://ror.org/03c782j94,Judd Systems Technologies (United States),Judd Systems Technologies (United States)|JST,US,OpenAlex
https://ror.org/04paq1j76,ScienceScope (United Kingdom),ScienceScope (United Kingdom),GB,OpenAlex
https://ror.org/055rf7657,Roche (Sweden),Roche (Sweden),SE,OpenAlex
https://ror.org/005zc2807,Tissue Regeneration Systems (United States),Tissue Regeneration Systems (United States)|TRS,US,OpenAlex
https://ror.org/008krtd86,Thomson Reuters (United Kingdom),Thomson Reuters (United Kingdom),GB,OpenAlex
https://ror.org/00w5xhg82,Assured Information Security (United States),Assured Information Security (United States)|AIS,US,OpenAlex
https://ror.org/010fzp376,Nanion (Germany),Nanion (Germany),DE,OpenAlex
https://ror.org/023x6j183,Guardian Industries (United States),Guardian Industries (United States),US,OpenAlex
https://ror.org/01hp71z51,Philochem (Switzerland),Philochem (Switzerland),CH,OpenAlex
https://ror.org/0265tbd09,Advanced Materials Technology (United States),Advanced Materials Technology (United States)|AMT,US,OpenAlex
https://ror.org/04kwq4x05,Harmonic Drive (Germany),Harmonic Drive (Germany),DE,OpenAlex
https://ror.org/04kmxp840,Target (Germany),Target (Germany),DE,OpenAlex
https://ror.org/00nt82y31,LG AI Research (South Korea),LG AI Research|LG AI Research (South Korea)|LG AI 연구원,KR,OpenAlex
https://ror.org/05mspvn40,Isuzu Motors (United States),Isuzu Jidōsha Kabushiki-Kaisha|Isuzu Motors (United States),US,OpenAlex
https://ror.org/051177492,BP (Canada),BP (Canada),CA,OpenAlex
https://ror.org/00v85ww51,China Railway Signal & Communication (China),China Railway Signal & Communication (China)|中国铁路通信信号股份有限公司|CRSC,CN,OpenAlex
https://ror.org/01rz5qz78,Murata (United States),Kabushiki-gaisha Murata Seisakusho|Murata (United States),US,OpenAlex
https://ror.org/039tznx53,Ventana Research Corporation (United States),Ventana Research Corporation (United States),US,OpenAlex
https://ror.org/054k4qn06,Advanced Ceramics Manufacturing (United States),Advanced Ceramics Manufacturing (United States)|ACM,US,OpenAlex
https://ror.org/01gpm9f56,Jiangsu Provincial Water Survey & Design Institute (China),Jiangsu Provincial Institute of Water Conservancy Survey and Design|Jiangsu Provincial Water Survey & Design Institute (China)|江苏省水利勘测设计研究院有限公司,CN,OpenAlex
https://ror.org/03c5c0a39,Genomics Medicine (Ireland),Genomics Medicine (Ireland)|GMI,IE,OpenAlex
https://ror.org/04fcd0528,Geotechnical Consulting Group (United Kingdom),Geotechnical Consulting Group (United Kingdom)|GCG,GB,OpenAlex
https://ror.org/01pwq1j60,N2 Biomedical (United States),N2 Biomedical (United States)|Spire Biomedical,US,OpenAlex
https://ror.org/01w8r0j67,Abbott (Spain),Abbott (Spain),ES,OpenAlex
https://ror.org/03cvz4414,Würth Elektronik (Germany),Würth Elektronik (Germany),DE,OpenAlex
https://ror.org/03fbqtm75,Dassault Systèmes (United States),Dassault Systèmes (United States)|DS,US,OpenAlex
https://ror.org/02r8axs93,NeuroRx Research (Canada),NeuroRx Research (Canada),CA,OpenAlex
https://ror.org/03v73t130,Space Applications Services (Belgium),Space Applications Services (Belgium),BE,OpenAlex
https://ror.org/05gmzxc62,Arconic (United States),Alcoa Inc|Arconic (United States),US,OpenAlex
https://ror.org/03ssvsv78,Quantinuum (United States),Quantinuum|Quantinuum (United States)|Quantinuum Ltd,,OpenAlex
https://ror.org/04b9sdb26,"TAE Technologies, Inc (United States)","TAE Technologies|TAE Technologies, Inc|TAE Technologies, Inc (United States)|Tri Alpha Energy|TAE",US,OpenAlex
https://ror.org/00yt6w794,Sierra Nevada Corporation (United States),Sierra Nevada Corporation (United States)|SNC,US,OpenAlex
https://ror.org/00nxzrk14,Debiopharm (Switzerland),Debiopharm (Switzerland),CH,OpenAlex
https://ror.org/010k79j48,The Nisshin OilliO Group (Japan),The Nisshin OilliO Group (Japan)|日清オイリオグループ 名古屋工場,JP,OpenAlex
https://ror.org/04b4sq284,Collaborative Drug Discovery (United States),Collaborative Drug Discovery (United States)|CDD,US,OpenAlex
https://ror.org/0310sdb05,Syngenta (France),Syngenta|Syngenta (France),,OpenAlex
https://ror.org/0030xrh72,CryptoExperts (France),CryptoExperts (France),FR,OpenAlex
https://ror.org/009v14c36,Ferioli & Gianotti (Italy),Ferioli & Gianotti (Italy)|FG,IT,OpenAlex
https://ror.org/011wwxv17,TopGaN (Poland),TopGaN (Poland),PL,OpenAlex
https://ror.org/01s33dn56,Oncotherapeutics (United States),Oncotherapeutics (United States),US,OpenAlex
https://ror.org/01x29j481,Samsung (Japan),Samsung (Japan)|株式会社サムスン日本研究所,JP,OpenAlex
https://ror.org/03wckff62,Southwest Sciences (United States),Southwest Sciences (United States),US,OpenAlex
https://ror.org/034vp3v91,"Research Institute ""Pulsar"" (Russia)","Research Institute ""Pulsar"" (Russia)|НАУЧНО-ПРОИЗВОДСТВЕННОЕ ПРЕДПРИЯТИЕ ""ПУЛЬСАР""",RU,OpenAlex
https://ror.org/03kswc577,Statistics Collaborative,Statistics Collaborative|SCI,US,OpenAlex
https://ror.org/043c9gs72,Diversified Technologies (United States),Diversified Technologies (United States)|DTI,US,OpenAlex
https://ror.org/052yhxz58,Innovation Center Iceland,Innovation Center Iceland|Nýsköpunarmiðstöð Íslands,IS,OpenAlex
https://ror.org/006rbxt37,Alimentiv Inc. (Canada),Alimentiv|Alimentiv Inc.|Alimentiv Inc. (Canada),CA,OpenAlex
https://ror.org/01ye7b264,Avaya (Bermuda),Avaya (Bermuda),BM,OpenAlex
https://ror.org/04xxqgb42,Leco Corporation (United States),Laboratory Equipment Corporation|Leco Corporation (United States),US,OpenAlex
https://ror.org/0006jev58,Alpha Technologies (Canada),Alpha Technologies (Canada),CA,OpenAlex
https://ror.org/004np0e76,Dornier (Germany),Dornier (Germany),DE,OpenAlex
https://ror.org/01z38sf41,AmerisourceBergen (United States),AmerisourceBergen (United States),US,OpenAlex
https://ror.org/0175s4d43,Engineering Software Steyr (Austria),Engineering Software Steyr (Austria)|ESS,AT,OpenAlex
https://ror.org/05g91z486,Organ Technologies (Japan),Organ Technologies (Japan)|オーガンテクノロジーズ,JP,OpenAlex
https://ror.org/04d3ma894,Berliner Wasserbetriebe (Germany),Berliner Wasserbetriebe (Germany)|BWB,DE,OpenAlex
https://ror.org/04s6bs470,Prysmian Group (United States),Prysmian Group (United States),US,OpenAlex
https://ror.org/041jqqq20,Eli Lilly (Australia),Eli Lilly (Australia)|Eli Lilly Australia|Eli Lilly Australia Pty Ltd,AU,OpenAlex
https://ror.org/00pe39y85,Bruker (France),Bruker (France),FR,OpenAlex
https://ror.org/04cy1f506,Optimum Therapeutics (United States),Optimum Therapeutics (United States),US,OpenAlex
https://ror.org/03decxd42,Software602 (Czechia),Software602 (Czechia),CZ,OpenAlex
https://ror.org/05k7ts633,Advanced Neural Dynamics (United States),Advanced Neural Dynamics (United States)|AND,US,OpenAlex
https://ror.org/04rp35a76,Yunnan Yingmao Biotechnology (China),Yunnan Primate Center for Experimental Animals in China|Yunnan Yingmao Biotechnology (China)|云南英茂生物科技有限公司,CN,OpenAlex
https://ror.org/05qnbjn88,Opal-Rt Technologies (Canada),Opal-Rt Technologies (Canada),CA,OpenAlex
https://ror.org/04e0ysh28,Trouw Nutrition (Brazil),Trouw Nutrition (Brazil),BR,OpenAlex
https://ror.org/053hexc75,CS Communication & Systèmes (France),CS Communication & Systèmes (France)|CS,FR,OpenAlex
https://ror.org/0564zte48,Science City York (United Kingdom),Science City York (United Kingdom)|SCY,GB,OpenAlex
https://ror.org/009ag0z22,Toshima Manufacturing (Japan),Toshima Manufacturing (Japan),JP,OpenAlex
https://ror.org/01jbagx41,Hydrosolutions (Switzerland),Hydrosolutions (Switzerland),CH,OpenAlex
https://ror.org/03jkgmn26,PUH Team (Slovenia),"PUH Team (Slovenia)|Poslanstvo,Upanje,Harmonija",SI,OpenAlex
https://ror.org/02ehvej48,Rational (Germany),Rational (Germany),DE,OpenAlex
https://ror.org/02j3enb93,ArcelorMittal (Spain),ArcelorMittal (Spain),ES,OpenAlex
https://ror.org/04wqtzp08,Henan Provincial Institute of Communications Planning Survey & Design (China),Henan Provincial Institute of Communications Planning Survey & Design (China)|河南省交通规划设计研究院股份有限公司,CN,OpenAlex
https://ror.org/04459n726,Dillinger Hütte (Germany),Dillinger Hütte (Germany),DE,OpenAlex
https://ror.org/04gmdfj30,Biotronik (Germany),Biotronik (Germany)|Biotronik SE & Co. KG,DE,OpenAlex
https://ror.org/05w59af50,Deimos Engenharia (Portugal),Deimos Engenharia (Portugal),PT,OpenAlex
https://ror.org/003s4zv17,EaglePicher Technologies (United States),Eagle-Picher Corporation|EaglePicher Technologies (United States),US,OpenAlex
https://ror.org/013mgh495,Language Computer (United States),Language Computer (United States),US,OpenAlex
https://ror.org/012729810,GeoEngineers (United States),GeoEngineers (United States),US,OpenAlex
https://ror.org/012hjj416,Farmak (Czechia),Farmak (Czechia),CZ,OpenAlex
https://ror.org/020epnp70,Technical Data Analysis (United States),Technical Data Analysis (United States)|TDA,US,OpenAlex
https://ror.org/01sv65921,Optima Neuroscience (United States),Optima Neuroscience (United States),US,OpenAlex
https://ror.org/05gwh5f13,Sistema (Russia),Sistema (Russia),RU,OpenAlex
https://ror.org/05fd42690,Huron (France),Huron (France)|Huron Graffenstaden,FR,OpenAlex
https://ror.org/05fafcp48,Golder Associates (United Kingdom),Golder Associates (United Kingdom),GB,OpenAlex
https://ror.org/0305ndp35,MatTek Corporation (United States),MatTek Corporation (United States),US,OpenAlex
https://ror.org/02shrfh49,Yutong (China),Yutong (China)|Zhengzhou Yutong Group,CN,OpenAlex
https://ror.org/04jwhvn72,TechLab (United States),TechLab (United States),US,OpenAlex
https://ror.org/04n3ta263,Flometrics (United States),Flometrics (United States),US,OpenAlex
https://ror.org/04cmxh670,Lenzing (Austria),Lenzing (Austria),AT,OpenAlex
https://ror.org/04yns5a36,Esteve (Spain),Esteve (Spain),ES,OpenAlex
https://ror.org/01m29p162,Median SCP (Spain),Median SCP (Spain),ES,OpenAlex
https://ror.org/0131rtf77,II-VI (United States),II-VI (United States)|Marlow Industries,US,OpenAlex
https://ror.org/0311zp875,"Ginkgo Bioworks, Inc. (United States)","Ginkgo|Ginkgo BioWorks|Ginkgo Bioworks, Inc.",US,OpenAlex
https://ror.org/03fyf9c76,McKinsey & Company (Germany),McKinsey & Company (Germany),DE,OpenAlex
https://ror.org/03ac4tk02,KIOXIA Corporation (Japan),KIOXIA|KIOXIA Corporation|キオクシア株式会社,JP,OpenAlex
https://ror.org/03kd1v147,TVS Motor Company (India),TVS Motor Company (India)|TVS,IN,OpenAlex
https://ror.org/00gqmky69,Achmea (Netherlands),Achmea (Netherlands),NL,OpenAlex
https://ror.org/05fzcfb55,Harman (United Kingdom),Harman (United Kingdom)|Harman International Industries,GB,OpenAlex
https://ror.org/00ws8h732,Tyson Foods (United States),Tyson Foods (United States),US,OpenAlex
https://ror.org/03abe5304,Loxo Oncology at Lilly (United States),Loxo Oncology at Lilly (United States),US,OpenAlex
https://ror.org/04hkh7617,Cyclopharma (France),Cyclopharma (France),FR,OpenAlex
https://ror.org/00gze1672,Teradata (United Kingdom),Teradata (United Kingdom),GB,OpenAlex
https://ror.org/05fynv140,Transelectrica (Romania),Transelectrica (Romania),RO,OpenAlex
https://ror.org/00mjs6x71,Advanced Technology and Research Corporation (United States),Advanced Technology and Research Corporation (United States)|ATR,US,OpenAlex
https://ror.org/00nkkkz19,CeramTec (Germany),CeramTec (Germany),DE,OpenAlex
https://ror.org/00wnbwz45,Fukushima Technology Centre (Japan),Fukushima Prefecture High-tech Plaza|Fukushima Technology Centre (Japan)|Fukushima Technology Plaza|福島県ハイテクプラザ,JP,OpenAlex
https://ror.org/012xttn04,Centro Ricerche Produzioni Animali,Centro Ricerche Produzioni Animali|CRPA,IT,OpenAlex
https://ror.org/00ynxc274,Kao Corporation (Germany),Kao Corporation (Germany)|Kao Kabushiki-gaisha,DE,OpenAlex
https://ror.org/02s0g2v93,Polytec (Germany),Polytec (Germany),DE,OpenAlex
https://ror.org/04a6c5752,Navitas Systems (United States),MicroSun IESS|Navitas Advanced Solutions Group|Navitas Systems (United States),US,OpenAlex
https://ror.org/031ytbe94,Mahlo (Germany),Mahlo (Germany),DE,OpenAlex
https://ror.org/0370d1z23,Toyoda Gosei (Japan),Toyoda Gosei (Japan)|豊田合成,JP,OpenAlex
https://ror.org/02sdahq48,Guangzhou Metro Design & Research Institute,Guangzhou Metro Design & Research Institute|Guangzhou Metro Design and Research Institute|广州地铁设计研究院股份有限公司|GZMDRI,,OpenAlex
https://ror.org/0396gxt62,Motorola (United Kingdom),Motorola (United Kingdom),GB,OpenAlex
https://ror.org/04qknqs93,JIMRO (Japan),JIMRO (Japan)|Japan Immunoresearch Laboratories Company Limited|株式会社JIMRO,JP,OpenAlex
https://ror.org/02ksqcf75,Didi Chuxing (China),Beijing DiDi Infinity Technology and Development Co Ltd|Beijing Xiaoju Technology Co.|Didi Chuxing|Didi Chuxing (China)|Didi Chuxing Technology Co Ltd|Didi Chuxing Technology Co.|北京小桔科技有限公司|滴滴|滴滴出行,,OpenAlex
https://ror.org/00e2fg256,Biogemma (France),Biogemma (France),FR,OpenAlex
https://ror.org/00mr5jb15,STR Biotech (South Korea),(주)에스티알바이오텍|STR Biotech (South Korea),KR,OpenAlex
https://ror.org/0182wtt39,Fracture Analysis Consultants (United States),Fracture Analysis Consultants (United States)|FAC,US,OpenAlex
https://ror.org/01rdex851,Arkema (United States),Arkema (United States),US,OpenAlex
https://ror.org/01xsmwp79,Springer Nature (United States),Springer Nature (United States),US,OpenAlex
https://ror.org/029v5hv47,Antaros Medical (Sweden),Antaros Medical (Sweden),SE,OpenAlex
https://ror.org/04q9g9s58,Voss Scientific (United States),Voss Scientific (United States),US,OpenAlex
https://ror.org/0447s2m06,Hartmann Group (Germany),Hartmann Group (Germany),DE,OpenAlex
https://ror.org/04f6ygk28,Siemens (Italy),Siemens (Italy),IT,OpenAlex
https://ror.org/03nwfz403,Krka (Slovenia),Krka (Slovenia),SI,OpenAlex
https://ror.org/03a17f132,Light Chain Bioscience (Switzerland),Light Chain Bioscience (Switzerland)|Novimmune,CH,OpenAlex
https://ror.org/04rewz209,Research Center for Surface and Vacuum (Russia),Research Center for Surface and Vacuum (Russia)|Научно-исследовательский центр по изучению свойств поверхности и вакуума|NICPV,RU,OpenAlex
https://ror.org/002h3mc90,Ingredion (United States),"Corn Products International, Inc|Ingredion (United States)",US,OpenAlex
https://ror.org/05xjn4769,Topcon (Netherlands),Topcon (Netherlands),NL,OpenAlex
https://ror.org/00c93aj32,DIC (Japan),DIC (Japan)|Dī Ai Shī Kabushiki-gaisha|ディーアイシー,JP,OpenAlex
https://ror.org/016ykaq31,Nissan (United States),Nissan (United States)|Nissan Technical Center North America|NTCNA,US,OpenAlex
https://ror.org/01zk1vt68,Pfizer (Belgium),Pfizer (Belgium),BE,OpenAlex
https://ror.org/032qryz87,Anritsu (Japan),Anritsu (Japan)|アンリツ株式会社,JP,OpenAlex
https://ror.org/03c1b7x32,Institut für Angewandte Gewässerökologie (Germany),Institut für Angewandte Gewässerökologie (Germany),DE,OpenAlex
https://ror.org/04hayh169,DSI Informationstechnik (Germany),DSI Informationstechnik (Germany),DE,OpenAlex
https://ror.org/04j6nkt56,Xylem (United States),Xylem (United States),US,OpenAlex
https://ror.org/05xv7s149,Bioscience (Slovakia),Bioscience (Slovakia),SK,OpenAlex
https://ror.org/051a97h21,National Nuclear Corporation (United Kingdom),National Nuclear Corporation (United Kingdom),GB,OpenAlex
https://ror.org/03qk53891,Yankuang Energy Group Company Limited (China),"Yankuang Energy Group|Yankuang Energy Group Company|Yankuang Energy Group Company Limited|Yankuang Energy Group Company Limited (China)|Yankuang Energy Group Company, Ltd.|Yankuang Group|兖矿能源集团股份有限公司|兗礦集團有限公司",,OpenAlex
https://ror.org/02zvqmp51,V.F. Corporation (United States),V.F. Corporation|V.F. Corporation (United States)|VF Corp.|VF Corporation,,OpenAlex
https://ror.org/05jqjhm27,Reckitt Benckiser Health Limited (United Kingdom),Reckitt|Reckitt Benckiser|Reckitt Benckiser Health Limited|Reckitt Benckiser Health Limited (United Kingdom),GB,OpenAlex
https://ror.org/00tc93763,Materialise (Belgium),Materialise (Belgium),BE,OpenAlex
https://ror.org/00thhxf09,Lambda Instruments (United States),Lambda Instruments (United States),US,OpenAlex
https://ror.org/00rgz6j19,Upper Austrian Research,Upper Austrian Research|UAR,AT,OpenAlex
https://ror.org/00yvkcc48,SomaLogic (United States),SomaLogic (United States),US,OpenAlex
https://ror.org/01j5et233,Numerica Corporation (United States),Numerica Corporation (United States),US,OpenAlex
https://ror.org/03r95z943,Prometheus (United States),Prometheus (United States),US,OpenAlex
https://ror.org/04wpnc326,Cells Therapy (Poland),Cells Therapy (Poland),PL,OpenAlex
https://ror.org/04q421571,PT Bio Farma (Indonesia),PT Bio Farma (Indonesia),ID,OpenAlex
https://ror.org/051an6p98,Samsung (Russia),Samsung (Russia),RU,OpenAlex
https://ror.org/04zj5m910,Actalia (France),Actalia (France),FR,OpenAlex
https://ror.org/04j24r737,Huf Hülsbeck & Fürst (Germany),Huf|Huf Hülsbeck & Fürst (Germany),DE,OpenAlex
https://ror.org/05f3k0a16,Consorzio CREO (Italy),Consorzio CREO (Italy),IT,OpenAlex
https://ror.org/050y0ba80,D'Appolonia (Italy),D'Appolonia (Italy),IT,OpenAlex
https://ror.org/00a611q12,Tokyo Electron Kyushu Ltd (Japan),Tokyo Electron Kyushu|Tokyo Electron Kyushu Ltd|Tokyo Electron Kyushu Ltd (Japan)|東京エレクトロン九州株式会社,JP,OpenAlex
https://ror.org/0053bzc32,Proton (Malaysia),PROTON Holdings Berhad|Proton (Malaysia)|PHB,MY,OpenAlex
https://ror.org/00p9kvn81,Pacific Radiology (New Zealand),Pacific Radiology (New Zealand),NZ,OpenAlex
https://ror.org/00rbdbh54,Orbital Research (United States),Orbital Research (United States),US,OpenAlex
https://ror.org/03hkx5x33,Ormond (United States),Ormond (United States),US,OpenAlex
https://ror.org/04exf1753,ASM Terni (Italy),ASM Terni (Italy),IT,OpenAlex
https://ror.org/018pfae44,Axcelis Technologies (United States),Axcelis Technologies (United States),US,OpenAlex
https://ror.org/00shwmt46,Precision Therapeutics (United States),Precision Therapeutics (United States),US,OpenAlex
https://ror.org/015c8af10,Mitsubishi Chemical (Germany),Mitsubishi Chemical (Germany)|Mitsubishi Chemical Europe,DE,OpenAlex
https://ror.org/0231n7e68,Apellis Pharmaceuticals (United States),Apellis Pharmaceuticals (United States),US,OpenAlex
https://ror.org/04mqtjh57,Biogen (Italy),Biogen (Italy)|Biogen Idec,IT,OpenAlex
https://ror.org/04cgz2t37,AT Sciences (United States),AT Sciences (United States),US,OpenAlex
https://ror.org/059j7sj66,Wockhardt (United States),Wockhardt (United States),US,OpenAlex
https://ror.org/03mj2tv58,Ewos Innovation (Norway),Ewos Innovation (Norway),NO,OpenAlex
https://ror.org/006ghrq92,Principia Ingenieros Consultores,Principia|Principia Ingenieros Consultores,ES,OpenAlex
https://ror.org/05ehfjt50,General Electric (Italy),General Electric (Italy)|GE,IT,OpenAlex
https://ror.org/03eydf751,TechnipFMC (Germany),TechnipFMC (Germany),DE,OpenAlex
https://ror.org/00b43n621,Mitutoyo Corporation (Japan),Kabushiki Kaisha Mitsutoyo|Mitutoyo Corporation (Japan)|株式会社ミツトヨ,JP,OpenAlex
https://ror.org/00abnnq69,Hexal (Germany),Hexal (Germany),DE,OpenAlex
https://ror.org/008ke6x86,Chong Kun Dang Bio (South Korea),Chong Kun Dang Bio (South Korea)|Chong Kun Dang Pharm|Gungbon Pharmacy|종근당홀딩스|CKD BiO,KR,OpenAlex
https://ror.org/002famp79,Türk Telekom (Turkey),Türk Telekom (Turkey),TR,OpenAlex
https://ror.org/00kdx6519,Applied Science Laboratories (United States),ASL Eye Tracking|Applied Science Laboratories (United States),US,OpenAlex
https://ror.org/019qdfq91,Borealis (Finland),Borealis (Finland),FI,OpenAlex
https://ror.org/01q3p8f34,Inflammatory Response Research (United States),Inflammatory Response Research (United States)|IRR,US,OpenAlex
https://ror.org/018es5w79,Kairos (United States),Kairos (United States),US,OpenAlex
https://ror.org/01py2n540,Guizhou Aerospace Power Science & Tech (China),Guizhou Aerospace Power Science & Tech (China)|Guizhou Aerospace Power Technology|贵州航天动力技术,CN,OpenAlex
https://ror.org/03p9zdb14,ISCO International (United States),ISCO International (United States),US,OpenAlex
https://ror.org/03qan5r71,Macrogen (South Korea),Macrogen (South Korea)|마크로젠,KR,OpenAlex
https://ror.org/0498w0n61,Nestlé (Brazil),Nestlé (Brazil),BR,OpenAlex
https://ror.org/048n7pq28,Oji Holdings (Japan),Oji Holdings (Japan)|Ōji Hōrudingusu Kabushiki-kaisha|王子ホールディングス株式会社,JP,OpenAlex
https://ror.org/04hjzh827,First Solar (United States),First Solar (United States),US,OpenAlex
https://ror.org/0154hk987,Entegris (United States),Entegris (United States),US,OpenAlex
https://ror.org/03ajjdx52,ASM International (Belgium),ASM International (Belgium)|Advanced Semiconductor Materials|ASMi,BE,OpenAlex
https://ror.org/04vfyfx73,Teer Coatings (United Kingdom),Teer Coatings (United Kingdom)|TCL,GB,OpenAlex
https://ror.org/04spfxf63,Argenx (Belgium),Argenx (Belgium),BE,OpenAlex
https://ror.org/02dc9kd16,"Nuclear Fuel Industries, Ltd. (Japan)","Nuclear Fuel Industries|Nuclear Fuel Industries, Ltd.|Nuclear Fuel Industries, Ltd. (Japan)|原子燃料工業株式会社|NFI",JP,OpenAlex
https://ror.org/05sjz3b60,British Standards Institution,BSI Group|British Standards Institution|BSI,GB,OpenAlex
https://ror.org/034bznj45,Fresenius Kabi (Czechia),Fresenius Kabi (Czechia),CZ,OpenAlex
https://ror.org/034yf9p50,Nanjing Water Conservancy Planning & Design Institute (China),Nanjing Water Conservancy Planning & Design Institute (China)|Nanjing Water Resources Planning and Design Institute|南京市水利规划设计院股份有限公司,CN,OpenAlex
https://ror.org/03a05n602,Telkom (South Africa),Telkom (South Africa),ZA,OpenAlex
https://ror.org/04h82wq77,Atara Biotherapeutics (United States),Atara Biotherapeutics (United States),US,OpenAlex
https://ror.org/054r3wx31,Hill Top Research (United States),Hill Top Research (United States),US,OpenAlex
https://ror.org/00184ca40,Ballard Power Systems (Canada),Ballard Power Systems (Canada),CA,OpenAlex
https://ror.org/00sexkk33,Siemens (Romania),Siemens (Romania),RO,OpenAlex
https://ror.org/00vqhxg21,SMEC (Australia),SMEC (Australia)|Snowy Mountains Engineering Corporation,AU,OpenAlex
https://ror.org/00ygx9p32,Data Fusion International (Ireland),Data Fusion International (Ireland)|DFI,IE,OpenAlex
https://ror.org/033zbpq04,Industrial Systems and Control (United Kingdom),Industrial Systems and Control (United Kingdom),GB,OpenAlex
https://ror.org/027bhx472,Univar (United States),Univar (United States),US,OpenAlex
https://ror.org/05b1mdp86,Vernalis (R&D) Limited (United Kingdom),Vernalis|Vernalis (R&D) Limited|Vernalis (R&D) Limited (United Kingdom)|Vernalis (R&D) Ltd.|Vernalis Research,GB,OpenAlex
https://ror.org/04m68qh23,"Tokyu Construction Co., Ltd. (Japan)","Tokyu Construction|Tokyu Construction Co., Ltd.|Tokyu Construction Co., Ltd. (Japan)|東急建設株式会社",JP,OpenAlex
https://ror.org/01qtea582,PAREXEL International (India),PAREXEL International (India),IN,OpenAlex
https://ror.org/02kvgg008,Cepsa (Spain),Cepsa (Spain),ES,OpenAlex
https://ror.org/02w2qw090,Charles River Laboratories (Germany),Charles River Laboratories (Germany)|CRL,DE,OpenAlex
https://ror.org/03455bm37,Epix Pharmaceuticals (United States),Epix Pharmaceuticals (United States)|Predix Pharmaceuticals,US,OpenAlex
https://ror.org/0324q6b35,Chevron (Australia),Chevron (Australia),AU,OpenAlex
https://ror.org/03st26d34,Opto Eletrônica (Brazil),OPTO|Opto Eletrônica (Brazil),BR,OpenAlex
https://ror.org/03dfzxf19,Agilent Technologies (United Kingdom),Agilent Technologies (United Kingdom),GB,OpenAlex
https://ror.org/04q26jh72,General Electric (France),General Electric (France)|GE,FR,OpenAlex
https://ror.org/055923009,Celldex Therapeutics (United States),Celldex Therapeutics (United States),US,OpenAlex
https://ror.org/05w4kcm12,Emergence Tech Limited (United Kingdom),Emergence Tech Limited (United Kingdom),GB,OpenAlex
https://ror.org/00szax507,Avid Radiopharmaceuticals (United States),Avid Radiopharmaceuticals (United States),,OpenAlex
https://ror.org/013gjg633,E.ON (Germany),E.ON (Germany)|E.ON AG,DE,OpenAlex
https://ror.org/00ehgcp58,Mitaka Kohki (Japan),Mitaka Kohki (Japan),JP,OpenAlex
https://ror.org/03hqjqp33,Arcadis (Netherlands),Arcadis (Netherlands),NL,OpenAlex
https://ror.org/057vhsp23,Nuctech (China),Nuctech (China)|威视股份,CN,OpenAlex
https://ror.org/046qtkm10,Electroformed Nickel (United States),Electroformed Nickel (United States)|ENI,US,OpenAlex
https://ror.org/04c0z3e83,"Morgan, Lewis & Bockius (United States)","Morgan Lewis|Morgan, Lewis & Bockius (United States)",US,OpenAlex
https://ror.org/04yv75396,Univé (Netherlands),Univé (Netherlands),NL,OpenAlex
https://ror.org/05prt4y28,Genetic Analysis (Norway),Genetic Analysis (Norway),NO,OpenAlex
https://ror.org/05w7pd234,Texas Retina Associates (United States),Texas Retina Associates (United States),US,OpenAlex
https://ror.org/012rthc43,Explora (Italy),Explora (Italy),IT,OpenAlex
https://ror.org/020ezhp63,Conceptual Mindworks (United States),Conceptual Mindworks (United States)|CMI,US,OpenAlex
https://ror.org/04qr62034,Roche (Romania),Roche (Romania),RO,OpenAlex
https://ror.org/03bvd4t69,Kyowa Kirin (France),Kyowa Kirin (France),FR,OpenAlex
https://ror.org/03txpx007,Agendia (Netherlands),Agendia (Netherlands),NL,OpenAlex
https://ror.org/05xp03991,Robotic Technology (United States),Robotic Technology (United States)|RTI,US,OpenAlex
https://ror.org/04cq3yd71,Banyan Biomarkers (United States),Banyan Biomarkers (United States),US,OpenAlex
https://ror.org/05afmgm93,Sachtleben Bergbau (Germany),Sachtleben Bergbau (Germany),DE,OpenAlex
https://ror.org/00rkxs190,TDA Research (United States),TDA Research (United States)|TDA,US,OpenAlex
https://ror.org/00wvqmj08,QT Ultrasound (United States),QT Ultrasound (United States),US,OpenAlex
https://ror.org/01b448t83,Brimrose (United States),Brimrose (United States),US,OpenAlex
https://ror.org/02azyxf26,TechnipFMC (France),TechnipFMC (France),FR,OpenAlex
https://ror.org/033sdmz09,ITS (United Kingdom),ITS (United Kingdom)|Intelligent Transport Systems,GB,OpenAlex
https://ror.org/05jgtkc28,Baxter (Germany),Baxter (Germany)|Gambro Dialysatoren GmbH,DE,OpenAlex
https://ror.org/01wg5gq86,Simplot (United States),J. R. Simplot Company|Simplot (United States),US,OpenAlex
https://ror.org/02c23zs54,Adidas (Canada),Adidas (Canada),CA,OpenAlex
https://ror.org/00212dq27,Elekta (Switzerland),Elekta (Switzerland),CH,OpenAlex
https://ror.org/00p4am161,SCREEN (Japan),SCREEN (Japan)|株式会社SCREENホールディングス,JP,OpenAlex
https://ror.org/01cjdx044,Johnson & Johnson (Singapore),Johnson & Johnson (Singapore),SG,OpenAlex
https://ror.org/0196jzw13,Kruger (Canada),Kruger (Canada),CA,OpenAlex
https://ror.org/02c4sht73,Trenitalia (Italy),Ferrovie dello Stato Italiane|Trenitalia (Italy),IT,OpenAlex
https://ror.org/02nftnt56,Arqule (United States),Arqule (United States),US,OpenAlex
https://ror.org/044f8a932,Data Power Decisions (United States),Data Power Decisions (United States)|DPD,US,OpenAlex
https://ror.org/04zyg9w69,Sonic Emotion (France),Sonic Emotion (France),FR,OpenAlex
https://ror.org/059xg9r41,Unified Messaging Systems (Norway),Unified Messaging Systems (Norway)|UMS,NO,OpenAlex
https://ror.org/039pwme76,Viasat (United States),Viasat (United States),US,OpenAlex
https://ror.org/007fp9y47,Rapt Therapeutics (United States),Rapt Therapeutics (United States),US,OpenAlex
https://ror.org/00g5g8212,Ipsos (United States),Ipsos (United States),US,OpenAlex
https://ror.org/00nz1s384,Belorusneft (Belarus),Belorusneft (Belarus)|Белоруснефть,BY,OpenAlex
https://ror.org/01hgvdq15,Zimmerman Associates (United States),Zimmerman Associates (United States)|ZAI ,US,OpenAlex
https://ror.org/0260rem45,Kinetic Art & Technology (United States),Kinetic Art & Technology (United States)|KAT,US,OpenAlex
https://ror.org/051c7bh69,Frequency Therapeutics (United States),Frequency Therapeutics (United States),US,OpenAlex
https://ror.org/0470e9841,Infineon Technologies (Singapore),Infineon Technologies (Singapore),SG,OpenAlex
https://ror.org/0507xbc51,Invent (Germany),Invent (Germany),DE,OpenAlex
https://ror.org/056sv4492,Volcanic Basin Petroleum Research (Norway),Volcanic Basin Petroleum Research (Norway)|VBPR,NO,OpenAlex
https://ror.org/03hjh0h14,CNRS@CREATE Ltd (Singapore),CNRS@CREATE|CNRS@CREATE Ltd|CNRS@CREATE Ltd (Singapore)|CNRS@CREATE Singapore,SG,OpenAlex
https://ror.org/012dbhs94,Semiconductor Technology Academic Research Center (Japan),Semiconductor Technology Academic Research Center|Semiconductor Technology Academic Research Center (Japan)|株式会社半導体理工学研究センター,JP,OpenAlex
https://ror.org/05f7v9a12,"Taiyo Kagaku Co., Ltd. (Japan)","Taiyo Kagaku|Taiyo Kagaku Co., Ltd.|Taiyo Kagaku Co., Ltd. (Japan)|太陽化学株式会社",JP,OpenAlex
https://ror.org/00pf0g237,Theragen,Theragen,KR,OpenAlex
https://ror.org/01x22f448,PC Krause & Associates (United States),PC Krause & Associates (United States)|PCKA,US,OpenAlex
https://ror.org/0456z6869,Crytur (Czechia),Crytur (Czechia),CZ,OpenAlex
https://ror.org/04nfv1e19,ALPhANOV (France),ALPhANOV (France),FR,OpenAlex
https://ror.org/03y1f1208,Railway Research Institute (Czechia),"Czech Railways, state organization Railway Research Institute Prague branch institute|Railway Research Institute (Czechia)|Výzkumný Ústav Železniční|VUZ",CZ,OpenAlex
https://ror.org/05nqb8479,Quantify Research (Sweden),Quantify Research (Sweden),SE,OpenAlex
https://ror.org/02h7b0x59,"Nippon Light Metal Co., Ltd. (Japan)","Nippon Light Metal|Nippon Light Metal Co., Ltd.|Nippon Light Metal Co., Ltd. (Japan)|日本軽金属株式会社|NLM",JP,OpenAlex
https://ror.org/05bhesh09,Masimo (United States),Masimo (United States),US,OpenAlex
https://ror.org/01jzvc390,Sweden Water Research (Sweden),Sweden Water Research (Sweden)|SWR,SE,OpenAlex
https://ror.org/02em2aa12,Frontier Agriculture (United Kingdom),Frontier Agriculture (United Kingdom),GB,OpenAlex
https://ror.org/039cvdc85,Tianmu Lake Institute of Advanced Energy Storage Technologies (China),Tianmu Lake Institute of Advanced Energy Storage Technologies (China)|TIES,CN,OpenAlex
https://ror.org/02mvn1p69,Ivchenko Progress (Ukraine),"Ivchenko Progress (Ukraine)|Zaporizhia Machine-Building Design Bureau ""Progress"" State Enterprise named after Academician O.H.Ivchenko|Запорізьке машинобудівне конструкторське бюро|ZMKB",UA,OpenAlex
https://ror.org/04de4xn59,Neogen (United States),Neogen (United States),US,OpenAlex
https://ror.org/057t4ts30,Igenbio (United States),Igenbio (United States)|Integrated Genomics,US,OpenAlex
https://ror.org/054n84d53,L'Oreal (United States),L'Oreal (United States),US,OpenAlex
https://ror.org/03zf72497,Consol Energy (United States),Consol Energy (United States),US,OpenAlex
https://ror.org/00p66nq73,Amphos 21 (Spain),Amphos 21 (Spain),ES,OpenAlex
https://ror.org/00z7vk025,Electronic Sensor Technology (United States),Electronic Sensor Technology (United States)|EST,US,OpenAlex
https://ror.org/01aqjb686,Svenska Cellulosa (Sweden),Svenska Cellulosa (Sweden)|SCA,SE,OpenAlex
https://ror.org/01jj57g95,Naturex (France),Naturex (France),FR,OpenAlex
https://ror.org/01rdxvn05,Galderma (United States),Galderma (United States),US,OpenAlex
https://ror.org/01rn6rn86,Palo Alto Networks (United States),Palo Alto Networks (United States),US,OpenAlex
https://ror.org/0220t3t55,Nikkei Business Publications (Japan),Nikkei BP|Nikkei Business Publications (Japan)|株式会社日経,JP,OpenAlex
https://ror.org/02znknb21,Prysmian Group (United Kingdom),Prysmian Group (United Kingdom),GB,OpenAlex
https://ror.org/04dgpsg75,Yazaki (Japan),Yazaki (Japan)|Yazaki Sōgyō Kabushiki Kaisha|矢崎総業株式会社,JP,OpenAlex
https://ror.org/040h02z76,Sanofi (Japan),Sanofi (Japan)|サノフィ,JP,OpenAlex
https://ror.org/054dxwf20,Vibrant Data (United States),Vibrant Data (United States),US,OpenAlex
https://ror.org/05he43612,TE Connectivity (Switzerland),TE Connectivity (Switzerland)|Tyco Electronics,CH,OpenAlex
https://ror.org/00a4rps73,Profu (Sweden),Profu (Sweden),SE,OpenAlex
https://ror.org/01f67ew21,Hendrix Genetics (Netherlands),Hendrix Genetics (Netherlands),NL,OpenAlex
https://ror.org/01a8nnm19,PicoQuant (Germany),PicoQuant (Germany),DE,OpenAlex
https://ror.org/04apsy796,BioInVision (United States),BioInVision (United States),US,OpenAlex
https://ror.org/025gn9692,Maeda Corporation (Japan),Maeda Corporation|Maeda Corporation (Japan)|前田建設工業株式会社,JP,OpenAlex
https://ror.org/01b44s469,Covestro (Germany),Covestro (Germany),DE,OpenAlex
https://ror.org/01hthpr47,Hamilton Medical (Switzerland),Hamilton Medical (Switzerland),CH,OpenAlex
https://ror.org/023edjq13,Johnson & Johnson (Germany),Johnson & Johnson (Germany),DE,OpenAlex
https://ror.org/03t8n7w93,Health Advances (United States),Health Advances (United States),US,OpenAlex
https://ror.org/047yd6g50,Salzgitter Group (Germany),Salzgitter AG|Salzgitter Group (Germany),DE,OpenAlex
https://ror.org/04h411m05,Transneft (Russia),The Pipeline Transport Institute|Transneft (Russia)|Транснефть|PTI,RU,OpenAlex
https://ror.org/051fk5x88,Heptares Therapeutics (United Kingdom),Heptares Therapeutics (United Kingdom),GB,OpenAlex
https://ror.org/03qvyw596,Genus (United States),Genus (United States),US,OpenAlex
https://ror.org/05ex5rg26,Bang & Olufsen (Denmark),Bang & Olufsen (Denmark),DK,OpenAlex
https://ror.org/03esh6f70,International Flavors & Fragrances (France),International Flavors & Fragrances (France)|IFF,FR,OpenAlex
https://ror.org/01fykt827,Curtiss-Wright (United Kingdom),Curtiss-Wright (United Kingdom),GB,OpenAlex
https://ror.org/01mmn7c12,D-Wave Systems (Canada),D-Wave Systems (Canada),CA,OpenAlex
https://ror.org/03hs0j596,Electricity Supply Board (Ireland),Bord Soláthair an Leictreacha|Electricity Supply Board (Ireland)|ESB,IE,OpenAlex
https://ror.org/00sjx7d61,Vencore (United States),"The SI Organization, Inc.|Vencore (United States)",US,OpenAlex
https://ror.org/00fpw9a48,Hamburgische Schiffbau-Versuchsanstalt (Germany),Hamburg Ship Model Basin|Hamburgische Schiffbau-Versuchsanstalt (Germany)|HSVA,DE,OpenAlex
https://ror.org/01ftjhs10,Ramboll (Germany),Ramboll (Germany)|Ramboll Group|Rambøll & Hannemann,DE,OpenAlex
https://ror.org/013xgfd67,Biopredic (France),Biopredic (France),FR,OpenAlex
https://ror.org/022k36x48,Taylor Wimpey (United Kingdom),Taylor Wimpey (United Kingdom)|Taylor Woodrow plc,GB,OpenAlex
https://ror.org/02pj05f64,Etegent Technologies (United States),"Etegent Technologies (United States)|Sheet Dynamics, Ltd.|SDL",US,OpenAlex
https://ror.org/031mgj447,BioCryst Pharmaceuticals (United States),BioCryst Pharmaceuticals (United States),US,OpenAlex
https://ror.org/02vpbac71,Bayer (Italy),Bayer (Italy),IT,OpenAlex
https://ror.org/03294gc92,Audiology (United States),Audiology (United States),US,OpenAlex
https://ror.org/03hw64936,Campbell Soup (United States),Campbell Soup (United States)|Campbell's,US,OpenAlex
https://ror.org/04a0vqv69,Dow Chemical (Brasil),Dow|Dow Chemical (Brasil),BR,OpenAlex
https://ror.org/05mx3tz05,Polymer Institute Brno (Czechia),Polymer Institute Brno (Czechia)|Research Institute of Macromolecular Chemistry|PIB|RIMC,CZ,OpenAlex
https://ror.org/05m866204,Iquadrat (Spain),Iquadrat (Spain),ES,OpenAlex
https://ror.org/04nmx3106,AngloGold Ashanti (South Africa),AngloGold Ashanti (South Africa),ZA,OpenAlex
https://ror.org/006p7vb38,Armstrong World Industries (United States),Armstrong World Industries (United States)|AWI,US,OpenAlex
https://ror.org/00ctmea67,Progress (Ireland),Progress (Ireland)|Progress Software (Ireland)|Progress Software Technologies LTD,IE,OpenAlex
https://ror.org/01vd19x80,Arthrex (United States),Arthrex (United States)|Arthroscopy Excision Instruments Inc,US,OpenAlex
https://ror.org/015xhag49,Archol (Netherlands),Archol (Netherlands),NL,OpenAlex
https://ror.org/023kmsj44,WINGS ICT Solutions (Greece),WINGS ICT Solutions (Greece),GR,OpenAlex
https://ror.org/030gh7x86,Immunosciences Lab (United States),Immunosciences Lab (United States),US,OpenAlex
https://ror.org/035br3k73,China Aluminum International Engineering Corporation Limited (China),CHALIECO|China Aluminum International Engineering Corporation Limited (China)|中国铝业国际工程有限公司,CN,OpenAlex
https://ror.org/03c1k0368,Schlaich Bergermann und Partner (Germany),Schlaich Bergermann und Partner (Germany),DE,OpenAlex
https://ror.org/04bxq2s19,Evalueserve (India),Evalueserve (India),IN,OpenAlex
https://ror.org/03jq05c33,Deep Blue (Italy),Deep Blue (Italy),IT,OpenAlex
https://ror.org/05y1gzz92,GHH-Bonatrans (Czechia),GHH-Bonatrans (Czechia),CZ,OpenAlex
https://ror.org/04a021880,Optolink (Russia),Optolink (Russia)|RPC Optolink|Research & Production Company,RU,OpenAlex
https://ror.org/04p535e55,"Hino Motors, Ltd. (Japan)","Hino Motors|Hino Motors, Ltd.|Hino Motors, Ltd. (Japan)|日野自動車株式会社",JP,OpenAlex
https://ror.org/01hzsk060,Gojo (France),Gojo (France),FR,OpenAlex
https://ror.org/000smmv87,Morinaga Institute of Biological Science,Morinaga Institute of Biological Science|MIoBS,JP,OpenAlex
https://ror.org/003br8b23,Akebia Therapeutics (United States),Akebia Therapeutics (United States),US,OpenAlex
https://ror.org/003eds368,Samsung Pharm (South Korea),Samsung Pharm (South Korea)|Samsung Pharmaceutical|삼성제약㈜,KR,OpenAlex
https://ror.org/02khq4z72,Kelvin Nanotechnology (United Kingdom),Kelvin Nanotechnology (United Kingdom)|KNT,GB,OpenAlex
https://ror.org/05jzxm583,Williams (United Kingdom),Williams (United Kingdom)|Williams F1|Williams Grand Prix Engineering|Williams Martini Racing,GB,OpenAlex
https://ror.org/04wjfz810,Thermal Wave Imaging (United States),Thermal Wave Imaging (United States)|TWI,US,OpenAlex
https://ror.org/052nqyp83,Research Institute for Building Materials (Czechia),"Research Institute for Building Materials (Czechia)|Výzkumný ústav stavebních hmot,a.s.|VUSTAH",CZ,OpenAlex
https://ror.org/05hv6a803,Kobelco Eco-Solutions (Japan),Kobelco Eco-Solutions (Japan)|株式会社神鋼環境ソリューション,JP,OpenAlex
https://ror.org/05agnp051,Nema Research (United States),Nema Research (United States),US,OpenAlex
https://ror.org/02e9za279,Galen Research (United Kingdom),Galen Research (United Kingdom),GB,OpenAlex
https://ror.org/02cxadc11,Winrock International (United States),Winrock International (United States),US,OpenAlex
https://ror.org/02ktw5c97,Walgreens Boots Alliance (United Kingdom),Walgreens Boots Alliance (United Kingdom),GB,OpenAlex
https://ror.org/034zb3z40,United Monolithic Semiconductor (France),United Monolithic Semiconductor (France)|UMS,FR,OpenAlex
https://ror.org/04v4fdz58,Advanced Technology Group (Czechia),Advanced Technology Group (Czechia)|ATG,CZ,OpenAlex
https://ror.org/0448sav47,Castor,Castor,,OpenAlex
https://ror.org/059wz5438,"China Huaneng Group Co., Ltd. (China)","China Huaneng Group|China Huaneng Group Co.|China Huaneng Group Co., Ltd.|China Huaneng Group Co., Ltd. (China)|中国华能集团",CN,OpenAlex
https://ror.org/00gth7213,"Japan Radio Co., Ltd. (Japan)","Japan Radio|Japan Radio Co., Ltd.|Japan Radio Co., Ltd. (Japan)|日本無線株式会社|JRC",JP,OpenAlex
https://ror.org/05s1apj20,Bharat Petroleum (India),Bharat Petroleum (India)|BPCL,IN,OpenAlex
https://ror.org/04z6j1174,Rambus (United Kingdom),Rambus (United Kingdom),GB,OpenAlex
https://ror.org/01nap1w14,Transnet (South Africa),Transnet (South Africa),ZA,OpenAlex
https://ror.org/01425vp67,Applied Materials (Israel),Applied Materials (Israel),IL,OpenAlex
https://ror.org/017q93w69,Ricoh (United States),Kabushiki-gaisha Rikō|Ricoh (United States),US,OpenAlex
https://ror.org/0203rjz92,Insmed (United States),Insmed (United States),US,OpenAlex
https://ror.org/02dcndt64,Rite-Solutions (United States),Rite-Solutions (United States),US,OpenAlex
https://ror.org/02smhv438,BQS Institut für Qualität und Patientensicherheit (Germany),BQS Institut für Qualität und Patientensicherheit (Germany)|Bundesgeschäftsstelle Qualitätssicherung gGmbH,DE,OpenAlex
https://ror.org/02wcat891,MRC Holland (Netherlands),MRC Holland (Netherlands),NL,OpenAlex
https://ror.org/05bdzte56,Issy Media (France),Issy Media (France),FR,OpenAlex
https://ror.org/04qca6973,Chemical Semantics (United States),Chemical Semantics (United States),US,OpenAlex
https://ror.org/05knsbt04,Sophia Genetics (Switzerland),Sophia Genetics (Switzerland),CH,OpenAlex
https://ror.org/057vybt25,Plansee (Germany),Lake Plansee|Plansee (Germany),DE,OpenAlex
https://ror.org/000y25914,Tine (Norway),Tine (Norway),NO,OpenAlex
https://ror.org/00gf55f61,Opexa Therapeutics (United States),Opexa Therapeutics (United States),US,OpenAlex
https://ror.org/01ckz8750,Lickenbrock,Lickenbrock,US,OpenAlex
https://ror.org/023kj5402,Craig Technologies (United States),Craig Technologies (United States),US,OpenAlex
https://ror.org/02yjcwm21,Daiichi-Sankyo (South Korea),Daiichi Sankyō Kabushiki-Kaisha|Daiichi-Sankyo (South Korea)|한국다이이찌산쿄주식회사,KR,OpenAlex
https://ror.org/01jtkws96,Biographics (United States),Biographics (United States),US,OpenAlex
https://ror.org/01zjb7k44,Pharmahungary Group (Hungary),PHARMAHUNGARY 2000 Kísérletes és Klinikai Kutatásfejlesztési Korlátolt Felelősségű Társaság|Pharmahungary Group|Pharmahungary Group (Hungary),HU,OpenAlex
https://ror.org/01se4qt95,Amada (Japan),Amada (Japan)|株式会社アマダ,JP,OpenAlex
https://ror.org/01nc0cp29,United Parcel Service (United States),United Parcel Service (United States)|UPS,US,OpenAlex
https://ror.org/023f84a29,Statkraft (Norway),Statkraft (Norway),NO,OpenAlex
https://ror.org/0244cxh34,Gubra (Denmark),Gubra (Denmark),DK,OpenAlex
https://ror.org/01sxvbm95,10X Genomics (United States),10X Genomics (United States),US,OpenAlex
https://ror.org/02jsvy381,Chimerix (United States),Chimerix (United States),US,OpenAlex
https://ror.org/039wjmj68,Atlas Copco (Germany),Atlas Copco (Germany),DE,OpenAlex
https://ror.org/041h6pr97,Voith (Germany),Voith (Germany)|Voith GmbH,DE,OpenAlex
https://ror.org/03p76jc78,ES Technology (United Kingdom),ES Technology (United Kingdom),GB,OpenAlex
https://ror.org/054ys4h04,Cobham (United Kingdom),Cobham (United Kingdom)|Flight Refuelling Limited|FRL,GB,OpenAlex
https://ror.org/024x5f906,Hexcel (United States),Hexcel (United States),US,OpenAlex
https://ror.org/03tb49961,Elektrobit (Finland),Elektrobit (Finland)|EB,FI,OpenAlex
https://ror.org/009txp447,PureTemp (United States),Entropy Solutions|PureTemp (United States),US,OpenAlex
https://ror.org/00hq40871,Jacobson Holman (United States),Jacobson Holman (United States)|JH,US,OpenAlex
https://ror.org/00qsw2f44,Teollisuuden Voima (Finland),Industrial Power Corporation|Industrins Kraft Abp|Teollisuuden Voima (Finland)|TVO,FI,OpenAlex
https://ror.org/039cbfe54,Invicro (United States),Invicro (United States),US,OpenAlex
https://ror.org/02zz2nb17,KeyGene (Netherlands),KeyGene (Netherlands),NL,OpenAlex
https://ror.org/03tme2b78,Transgenomic (United States),Transgenomic (United States),US,OpenAlex
https://ror.org/04090g527,ImmunityBio (United States),ImmunityBio (United States)|NantKwest,US,OpenAlex
https://ror.org/05fr4xz54,Nitto (United States),Nitto (United States)|Nitto Denko,US,OpenAlex
https://ror.org/047h1e475,Celica (Slovenia),Celica (Slovenia),SI,OpenAlex
https://ror.org/05ahs5p53,Brandywine Photonics (United States),Brandywine Photonics (United States),US,OpenAlex
https://ror.org/04dj4k716,S&F Systemtechnik (Germany),S&F Systemtechnik (Germany),DE,OpenAlex
https://ror.org/01dhwg439,Hauser (United States),Hauser (United States)|Hauser Chemical Research,US,OpenAlex
https://ror.org/04ggpbw68,Nuance Communications (Austria),Nuance Communications (Austria),AT,OpenAlex
https://ror.org/02ex4jy25,iRobot (United States),iRobot (United States),US,OpenAlex
https://ror.org/0328xw886,Amicus Therapeutics (United States),Amicus Therapeutics (United States),US,OpenAlex
https://ror.org/03jwhs418,Grail (United States),Grail (United States),US,OpenAlex
https://ror.org/05xpqbj32,Forschungsinstitut für Mineralische und Metallische Werkstoffe Edelsteine/Edemetalle,Forschungsinstitut für Mineralische und Metallische Werkstoffe Edelsteine/Edemetalle|Research Institute for Mineral and Metallic Materials Gemstones/Precious Metals|FEE,DE,OpenAlex
https://ror.org/014xzez86,Immunocore (United Kingdom),Immunocore (United Kingdom),GB,OpenAlex
https://ror.org/02nq2ye56,Colorado Power Electronics (United States),Colorado Power Electronics (United States)|CPE,US,OpenAlex
https://ror.org/03p9nrq57,Hodogaya Chemical (Japan),Hodogaya Chemical (Japan)|保土谷化学工業株式会社,JP,OpenAlex
https://ror.org/04tnhnq23,Kite (United States),Kite (United States)|Olfactor Laboratories,US,OpenAlex
https://ror.org/04vh4pp56,Pinney Associates (United States),"Pinney Associates|Pinney Associates (United States)|Pinney Associates, Inc.|PA",,OpenAlex
https://ror.org/04k75jj88,LSI Medience Corporation (Japan),LSI Medience|LSI Medience Corporation|LSI Medience Corporation (Japan)|株式会社LSIメディエンス,JP,OpenAlex
https://ror.org/00gmnqd91,Ipsen (United Kingdom),Ipsen (United Kingdom),GB,OpenAlex
https://ror.org/00j08hk87,Adama (Israel),"Adama (Israel)|Adama Agricultural Solutions|Makhteshim-Agan|אדמה בע""מ‎",IL,OpenAlex
https://ror.org/00sf3p382,Turner Consulting Group (United States),Turner Consulting Group (United States),US,OpenAlex
https://ror.org/017ptvx95,Infineon Technologies (United Kingdom),Infineon Technologies (United Kingdom),GB,OpenAlex
https://ror.org/03fvjsd23,Prosthetic Design + Research (United States),Prosthetic Design + Research (United States)|PDR,US,OpenAlex
https://ror.org/03enm7r21,Pakistan Telecommunication Company (Pakistan),Pakistan Telecommunication Company (Pakistan)|پی ٹی سی ایل|PTCL,PK,OpenAlex
https://ror.org/04r0k9g65,Brockmann Consult (Germany),Brockmann Consult (Germany),DE,OpenAlex
https://ror.org/05ksj8h20,Infraestruturas de Portugal (Portugal),Infraestruturas de Portugal (Portugal)|IP,PT,OpenAlex
https://ror.org/01vp4kx90,Pitney Bowes (France),Pitney Bowes (France),FR,OpenAlex
https://ror.org/038rse530,Sumitomo Rubber Industries (Japan),Sumitomo Gomu Kōgyo Kabushiki-gaisha|Sumitomo Rubber Industries (Japan)|住友ゴム工業株式会社,JP,OpenAlex
https://ror.org/00gssft54,Invicro (United Kingdom),Invicro (United Kingdom),GB,OpenAlex
https://ror.org/008gaha58,Ionicon Analytik (Austria),Ionicon Analytik (Austria),AT,OpenAlex
https://ror.org/013kffh65,IRD Fuel Cells (Denmark),IRD Fuel Cells (Denmark),DK,OpenAlex
https://ror.org/02kxdc598,Forschungszentrum für Verbrennungsmotoren und Thermodynamik Rostock (Germany),Forschungszentrum für Verbrennungsmotoren und Thermodynamik Rostock (Germany)|FVTR,DE,OpenAlex
https://ror.org/02kexh790,Missouri Breaks Industries Research (United States),Missouri Breaks Industries Research (United States)|MBIRI,US,OpenAlex
https://ror.org/024jgsd53,Arctic Slope Regional (United States),Arctic Slope Regional (United States)|ASRC,US,OpenAlex
https://ror.org/03kgran92,Nexans (Norway),Nexans (Norway),NO,OpenAlex
https://ror.org/03sss6f31,Thales (Brazil),Thales (Brazil),BR,OpenAlex
https://ror.org/04kb0nk47,Impaq International (United States),Impaq International (United States),US,OpenAlex
https://ror.org/00a8x0890,TetraLogic Pharmaceuticals (United States),Apop Corp|Gentara Corporation|TetraLogic Pharmaceuticals (United States),US,OpenAlex
https://ror.org/01tk5k162,Trimble (Germany),Trimble (Germany),DE,OpenAlex
https://ror.org/014b6hs81,Prometheus Research (United States),Prometheus Research (United States),US,OpenAlex
https://ror.org/01mmh4r39,Hitachi (Sweden),Hitachi (Sweden)|Kabushiki-gaisha Hitachi Seisakusho,SE,OpenAlex
https://ror.org/05tm9j755,Mitsui & Co (Japan),"Daiichi Bussan Kaisha, Ltd|Mitsui & Co (Japan)|三井物産",JP,OpenAlex
https://ror.org/01x653j15,ManTech International (United States),ManTech International (United States),US,OpenAlex
https://ror.org/02hdxw977,Paccar (United States),Paccar (United States),US,OpenAlex
https://ror.org/00mddz208,And Technology Research (United Kingdom),And Technology Research (United Kingdom),GB,OpenAlex
https://ror.org/00zz3cs83,Momentive (United States),Momentive (United States)|Momentive Performance Materials,US,OpenAlex
https://ror.org/00yam4t82,McKing Consulting (United States),McKing Consulting (United States),US,OpenAlex
https://ror.org/020853v42,Bureau Waardenburg (Netherlands),Bureau Waardenburg (Netherlands),NL,OpenAlex
https://ror.org/020jwmq86,Johnson & Johnson (Sweden),Johnson & Johnson (Sweden),SE,OpenAlex
https://ror.org/04eq9z946,Synergetics (Belgium),Synergetics (Belgium),BE,OpenAlex
https://ror.org/04d06q394,Google (Canada),Google (Canada),CA,OpenAlex
https://ror.org/05j0yvv31,Rigel (United States),Rigel (United States),US,OpenAlex
https://ror.org/03e7pqd57,K1-MET GmbH (Austria),K1-MET|K1-MET GmbH|K1-MET GmbH (Austria),AT,OpenAlex
https://ror.org/04m5wpy84,Maxar Technologies (United States),Maxar Technologies (United States),US,OpenAlex
https://ror.org/004r4ve77,DNV (Netherlands),DNV (Netherlands)|DNV GL (Netherlands),NL,OpenAlex
https://ror.org/01hcrwv94,Engineering Research & Analysis (United States),Engineering Research & Analysis (United States)|ERAC,US,OpenAlex
https://ror.org/02123w421,Sir Robert McAlpine (United Kingdom),Sir Robert McAlpine (United Kingdom),GB,OpenAlex
https://ror.org/02wnz8673,Sanofi (Belgium),Sanofi (Belgium),BE,OpenAlex
https://ror.org/02yxqev59,Vistec Electron Beam (Germany),Leica Microsystems Lithography|Vistec Electron Beam (Germany),DE,OpenAlex
https://ror.org/04n3be660,GEO Partner (Switzerland),GEO Partner (Switzerland),CH,OpenAlex
https://ror.org/0596vwe73,Veroscience (United States),Veroscience (United States),US,OpenAlex
https://ror.org/05whrz662,Biostats (United States),Biostats (United States),US,OpenAlex
https://ror.org/03fs7vk32,American International Group (United States),American International Group (United States)|AIG,US,OpenAlex
https://ror.org/03gfc4s78,SMC Corporation (Japan),SMC Corporation (Japan)|SMC Kabushiki-gaisha|SMC 株式会社,JP,OpenAlex
https://ror.org/047ts9g27,Nanobiotix (France),Nanobiotix (France),FR,OpenAlex
https://ror.org/00trkpm41,Engineering Software Research and Development (United States),Engineering Software Research and Development (United States)|ESRD,US,OpenAlex
https://ror.org/01vnxev61,Bayer (Canada),Bayer (Canada),CA,OpenAlex
https://ror.org/03f4b7c94,Jiangling Motors Corporation (China),Jiangling Motors Corporation (China)|江铃汽车公司|JMC,CN,OpenAlex
https://ror.org/05jg7dd90,Photronics (United States),Photronics (United States),US,OpenAlex
https://ror.org/01a80cj23,Novartis (Netherlands),Novartis (Netherlands)|Novartis Pharma,NL,OpenAlex
https://ror.org/03mz6dw96,Synthetic Genomics (United States),Synthetic Genomics (United States)|SGI,US,OpenAlex
https://ror.org/0555q8a52,Advanced Cell Diagnostics (United States),Advanced Cell Diagnostics (United States)|ACD,US,OpenAlex
https://ror.org/046tk5b58,Wala Heilmittel (Germany),Wala|Wala Heilmittel (Germany),DE,OpenAlex
https://ror.org/04e2r7y81,Powerchip (Taiwan),Powerchip (Taiwan)|Powerchip Semiconductor Corporation|力晶科技股份有限公司|PTC,TW,OpenAlex
https://ror.org/05c691y47,BTG International (United Kingdom),BTG International (United Kingdom)|British Technology Group Ltd.,GB,OpenAlex
https://ror.org/03210bg97,Dynex Semiconductor (United Kingdom),AEI Semiconductors Ltd|Dynex Semiconductor (United Kingdom),GB,OpenAlex
https://ror.org/00p18a507,China First Heavy Industries (China),China First Heavy Industries (China)|中国第一重型机械英|CFHI,CN,OpenAlex
https://ror.org/00sj73q02,CoorsTek (United States),CoorsTek (United States),US,OpenAlex
https://ror.org/014hygp17,Vitkovice - Research and Development (Czechia),Vitkovice - Research and Development (Czechia),CZ,OpenAlex
https://ror.org/02fbyq253,Campden BRI (Hungary),Campden BRI (Hungary),HU,OpenAlex
https://ror.org/02x5pe091,SCG Chemicals (Thailand),SCG Chemicals (Thailand),TH,OpenAlex
https://ror.org/03fs5jd74,Vertex Pharmaceuticals (United Kingdom),Vertex Pharmaceuticals (United Kingdom),GB,OpenAlex
https://ror.org/04nkjmp39,AeroDNA (United Kingdom),AeroDNA (United Kingdom),GB,OpenAlex
https://ror.org/04cc2md17,Nihon Medi-Physics (Japan),Nihon Medi-Physics (Japan)|日本メジフィジックス株式会社,JP,OpenAlex
https://ror.org/00d5z2352,Bekaert (Belgium),Bekaert (Belgium),BE,OpenAlex
https://ror.org/009vrft62,Cole Engineering Services (United States),Cole Engineering Services (United States)|CESI,US,OpenAlex
https://ror.org/021t57y21,HUI Research (Sweden),HUI Research (Sweden),SE,OpenAlex
https://ror.org/02jhs2h97,Concert Pharmaceuticals (United States),Concert Pharmaceuticals (United States),US,OpenAlex
https://ror.org/04hb77r84,Plastic Electronic (Austria),Plastic Electronic (Austria),AT,OpenAlex
https://ror.org/04kmayk86,Von Ardenne (Germany),Von Ardenne (Germany)|Von Ardenne Anlagentechnik,DE,OpenAlex
https://ror.org/04jrd4q87,Expro (United States),Expro (United States)|Expro International Group,US,OpenAlex
https://ror.org/05x20ta98,Information Management Consultants (United States),Information Management Consultants (United States)|IMC,US,OpenAlex
https://ror.org/05x9bmy83,Ommic (France),Ommic (France),FR,OpenAlex
https://ror.org/00htggt94,Pasqal (France),Pasqal|Pasqal (France),FR,OpenAlex
https://ror.org/01dhcr905,Nationwide Mutual Insurance Company (United States),Nationwide Mutual Insurance Company (United States),US,OpenAlex
https://ror.org/007vmjm88,Seoul Semiconductor (South Korea),Seoul Semiconductor (South Korea),KR,OpenAlex
https://ror.org/00sb6vz77,Valid International (United Kingdom),Valid International (United Kingdom),GB,OpenAlex
https://ror.org/045ygyt79,Powertech Labs (Canada),Powertech Labs (Canada),CA,OpenAlex
https://ror.org/04c1def54,ElSohly Laboratories (United States),ElSohly Laboratories (United States)|ELI,US,OpenAlex
https://ror.org/05cnabr44,eBay (United States),eBay (United States),US,OpenAlex
https://ror.org/04kte4472,Materials and Electrochemical Research (United States),Materials and Electrochemical Research (United States),US,OpenAlex
https://ror.org/02fjph951,Institut für Diabetes-Technologie (Germany),Institut für Diabetes-Technologie|Institut für Diabetes-Technologie (Germany)|IfDT,DE,OpenAlex
https://ror.org/036dqy506,NuVasive (United States),NuVasive (United States),US,OpenAlex
https://ror.org/01bss2h67,PE International (Germany),PE International (Germany),DE,OpenAlex
https://ror.org/002xeeh02,Ingeteam (Spain),Ingeteam (Spain),ES,OpenAlex
https://ror.org/01c1w2064,Zakład Wodociągów i Kanalizacji (Poland),Zakład Wodociągów i Kanalizacji (Poland),PL,OpenAlex
https://ror.org/02dkg4b27,Kayser Automotive (Germany),Kayser Automotive (Germany),DE,OpenAlex
https://ror.org/03avk6553,Agnostiq (Canada),Agnostiq (Canada),CA,OpenAlex
https://ror.org/041q2mm12,Altimmune (United States),Altimmune (United States),US,OpenAlex
https://ror.org/02nmjb623,Xi'an City Planning&Design Institute (China),Xi'an City Planning&Design Institute (China)|西安市城市规划设计研究院,CN,OpenAlex
https://ror.org/04v4hfj66,Image Intelligence (Sweden),Image Intelligence (Sweden)|IMINT,SE,OpenAlex
https://ror.org/03cpy3x24,Motiva (Finland),Motiva (Finland),FI,OpenAlex
https://ror.org/04g4p0a45,Lonza (United States),Lonza (United States),US,OpenAlex
https://ror.org/03wcqja14,Wuhan YZY Biopharma (China),Wuhan YZY Biopharma (China),CN,OpenAlex
https://ror.org/04vkkat38,Teradata (United States),Teradata (United States),US,OpenAlex
https://ror.org/01z6d3p29,"Novus International, Inc. (United States)","Novus International|Novus International, Inc.|Novus International, Inc. (United States)|Novus",US,OpenAlex
https://ror.org/022ezfa61,"TANAKA PRECIOUS METAL TECHNOLOGIES Co., Ltd. (Japan)","TANAKA PRECIOUS METAL TECHNOLOGIES Co., Ltd.|TANAKA PRECIOUS METAL TECHNOLOGIES Co., Ltd. (Japan)|Tanaka Kikinzoku Kogyo|Tanaka Kikinzoku Kogyo K.K.|田中貴金属工業株式会社",JP,OpenAlex
https://ror.org/001tx6p24,Wacom (Japan),Wacom (Japan)|株式会社ワコム,JP,OpenAlex
https://ror.org/04as6y835,TomTom (Netherlands),TomTom (Netherlands),NL,OpenAlex
https://ror.org/00ey8ew03,Löwenstein Medical (Germany),Löwenstein Medical (Germany),DE,OpenAlex
https://ror.org/00zv9r340,Pan Asia Technical Automotive Center (China),Pan Asia Technical Automotive Center (China)|泛亚汽车技术中心|PATAC,CN,OpenAlex
https://ror.org/00nwrzz95,Beijing Founder Electronics (China),Beijing Founder Electronics (China)|北京北大方正电子有限公司,CN,OpenAlex
https://ror.org/01h0vdv12,Bristol-Myers Squibb (Ireland),Bristol-Myers Squibb (Ireland)|BMS,IE,OpenAlex
https://ror.org/01t338n33,Pharmazeutische Fabrik Dr. Reckeweg (Germany),Pharmazeutische Fabrik Dr. Reckeweg (Germany),DE,OpenAlex
https://ror.org/024fgbf65,HEM Technologies (United States),HEM Technologies (United States),US,OpenAlex
https://ror.org/03gmxkp43,Vision Technology (United States),Vision Technology (United States),US,OpenAlex
https://ror.org/03dc7cm27,XOMA (United States),XOMA (United States),US,OpenAlex
https://ror.org/03ag5ed62,Allied Technology (United States),Allied Technology (United States),US,OpenAlex
https://ror.org/05p03en70,ASL Environmental Sciences (Canada),ASL Environmental Sciences|ASL Environmental Sciences (Canada),CA,OpenAlex
https://ror.org/05ey1mh42,Riverside Technology (United States),Riverside Technology (United States),US,OpenAlex
https://ror.org/05gcc9f60,Endress+Hauser (Switzerland),Endress+Hauser (Switzerland),CH,OpenAlex
https://ror.org/05yk8hs36,ID Pharma (Japan),DNAVEC Corporation|ID Pharma (Japan)|株式会社IDファーマ,JP,OpenAlex
https://ror.org/05t8h2f11,ZONA Technology (United States),ZONA Technology (United States),US,OpenAlex
https://ror.org/05x1p4174,Expertise Engenharia (Brazil),Expertise Engenharia (Brazil),BR,OpenAlex
https://ror.org/05tx5hy52,Tech4Imaging (United States),Tech4Imaging (United States),US,OpenAlex
https://ror.org/00a84en41,Mari Petroleum Company (Pakistan),Mari Gas Company Limited|Mari Petroleum Company (Pakistan)|MPCL,PK,OpenAlex
https://ror.org/013c4m264,Waters (China),Waters (China),CN,OpenAlex
https://ror.org/016x3qj75,Nielsen (United States),Nielsen (United States),US,OpenAlex
https://ror.org/024arnh55,Solid State Scientific Corporation (United States),Solid State Scientific Corporation (United States)|SSSC,US,OpenAlex
https://ror.org/02acz2505,Cenaero (Belgium),Cenaero (Belgium),BE,OpenAlex
https://ror.org/05txnrv95,Oriental Yuhong (China),Beijing Oriental Yuhong Waterproof Technology|Oriental Yuhong (China)|东方雨虹,CN,OpenAlex
https://ror.org/05hakgg65,Advanced Power Electronics (United States),Advanced Power Electronics (United States)|ApECOR,US,OpenAlex
https://ror.org/05qvjtg77,Chemi (Italy),Chemi (Italy),IT,OpenAlex
https://ror.org/0155cg005,"Qilu Pharmaceutical Co., Ltd. (China)","Qilu Pharma|Qilu Pharmaceutical|Qilu Pharmaceutical Co., Ltd.|Qilu Pharmaceutical Co., Ltd. (China)|Qilu Pharmaceutical Group Co., Ltd.",CN,OpenAlex
https://ror.org/04dyk5z88,Advantest (Singapore),Advantest (Singapore),SG,OpenAlex
https://ror.org/0014agb17,Stago (France),Stago (France),FR,OpenAlex
https://ror.org/0050kdp78,Materials Science International Services (Germany),Materials Science International Services (Germany)|MSI,DE,OpenAlex
https://ror.org/01yejqg95,Applied Technical Services (United States),Applied Technical Services (United States)|ATS,US,OpenAlex
https://ror.org/02zp8yy63,FEG Textiltechnik (Germany),FEG Textiltechnik (Germany),DE,OpenAlex
https://ror.org/037afsz69,BioMar (Norway),BioMar (Norway),NO,OpenAlex
https://ror.org/04fjkje50,User Interface Design (Germany),User Interface Design (Germany)|UID,DE,OpenAlex
https://ror.org/04tbz4c44,Remote Sensing Solutions (United States),Remote Sensing Solutions (United States)|RSS,US,OpenAlex
https://ror.org/05b1skj70,Sciencetech (Canada),Sciencetech (Canada)|SCI,CA,OpenAlex
https://ror.org/0505c0p37,Icometrix (Belgium),Icometrix (Belgium),BE,OpenAlex
https://ror.org/05dv2rg34,2P-Info (Poland),2P-Info (Poland),PL,OpenAlex
https://ror.org/05pnhe163,Biocontrol (Brazil),Biocontrol (Brazil),BR,OpenAlex
https://ror.org/0552sh187,Cohort (United Kingdom),Cohort (United Kingdom),GB,OpenAlex
https://ror.org/04zrf9x98,Planet Labs PBC (United States),"Cosmogia|Cosmogia, Inc.|Planet|Planet Labs PBC|Planet Labs PBC (United States)|Planet Labs, Inc.|PL",US,OpenAlex
https://ror.org/00nsb2c30,Itochu Techno-Solutions Corporation (Japan),Itochu Techno-Solutions|Itochu Techno-Solutions Corporation|Itochu Techno-Solutions Corporation (Japan)|伊藤忠テクノソリューションズ株式会社,JP,OpenAlex
https://ror.org/01024mn06,Nederlandse Spoorwegen,Dutch Railways|Nederlandse Spoorwegen|NS,NL,OpenAlex
https://ror.org/045100v05,Winbond (Taiwan),Winbond (Taiwan)|Winbond Electronics Corporation|華邦電子公司,TW,OpenAlex
https://ror.org/00mg9ng87,Subsea 7 (France),Subsea 7 (France),FR,OpenAlex
https://ror.org/00mny1y94,Revolution Medicines (United States),Revolution Medicines (United States),US,OpenAlex
https://ror.org/01k7j5430,Design Interactive (United States),Design Interactive (United States)|DI,US,OpenAlex
https://ror.org/02rbfgr17,European Media Laboratory (Germany),European Media Laboratory (Germany)|EML,DE,OpenAlex
https://ror.org/01bhrtv82,Zapata (United States),Zapata (United States)|Zapata Computing,US,OpenAlex
https://ror.org/02ah93945,Estonian Environmental Research Center (Estonia),Estonian Environmental Research Center (Estonia)|EKUK,EE,OpenAlex
https://ror.org/02a8zpt37,Essilor (France),Essilor (France),FR,OpenAlex
https://ror.org/049ag6g97,GWT-TUD (Germany),GWT-TUD (Germany),DE,OpenAlex
https://ror.org/04qd5p107,ALTA (Italy),ALTA (Italy),IT,OpenAlex
https://ror.org/05meqs994,Innovation Research and Training,Innovation Research and Training,US,OpenAlex
https://ror.org/051cjrp31,McGuireWoods,McGuireWoods,US,OpenAlex
https://ror.org/0563dqj82,Landesgewerbeanstalt Bayern (Germany),Bayerische Landesgewerbeanstalt|Landesgewerbeanstalt Bayern (Germany)|LGA,DE,OpenAlex
https://ror.org/05sw6n724,Right Way (Germany),Right Way (Germany),DE,OpenAlex
https://ror.org/00ps92954,Nagase (Japan),Nagase (Japan)|長瀬産業株式会社,JP,OpenAlex
https://ror.org/01x5py295,SC Solutions (United States),SC Solutions (United States),US,OpenAlex
https://ror.org/040fqas51,Baxalta (United States),Baxalta (United States),US,OpenAlex
https://ror.org/02s9dw784,Gesellschaft für Elektrometallurgie (Germany),Gesellschaft für Elektrometallurgie (Germany)|GFE,DE,OpenAlex
https://ror.org/03wgfnb71,Barron Associates (United States),Barron Associates (United States),US,OpenAlex
https://ror.org/05863t818,Alstom (Sweden),Alstom (Sweden),SE,OpenAlex
https://ror.org/05j2afk93,Alpha Environmental (United States),Alpha Environmental (United States),US,OpenAlex
https://ror.org/04re4vr44,Japan Energy Inc. (Japan),Japan Energy|Japan Energy Inc.|Japan Energy Inc. (Japan)|株式会社ジャパンエナジー,JP,OpenAlex
https://ror.org/00ms25z94,Wates (United Kingdom),Wates (United Kingdom),GB,OpenAlex
https://ror.org/01ew95g57,Vir Biotechnology (Switzerland),Vir Biotechnology (Switzerland),CH,OpenAlex
https://ror.org/01s8ppv52,Incell Corporation (United States),Incell Corporation (United States),US,OpenAlex
https://ror.org/02c6kb837,BorgWarner (United States),BorgWarner (United States)|Morse Equalizing Spring Co.,US,OpenAlex
https://ror.org/02fzn1g05,Contipro (Czechia),Contipro (Czechia),CZ,OpenAlex
https://ror.org/02gxffd98,Laing O'Rourke (United Kingdom),Laing O'Rourke (United Kingdom),GB,OpenAlex
https://ror.org/032rwz169,Oncoceutics (United States),Oncoceutics (United States),US,OpenAlex
https://ror.org/03ea38411,Water Corporation of Western Australia (Australia),Water Corporation of Western Australia (Australia),AU,OpenAlex
https://ror.org/04h1ssz20,CoDa Therapeutics (United States),CoDa Therapeutics (United States),US,OpenAlex
https://ror.org/05edycz02,Tec-Masters (United States),Tec-Masters (United States),US,OpenAlex
https://ror.org/04r34kg48,Energie NB Power (Canada),Energie NB Power (Canada)|New Brunswick Electric Power Commission|New Brunswick Power Corporation|Énergie NB,CA,OpenAlex
https://ror.org/057c2xb31,Shanghai Model Organisms (China),Shanghai Model Organisms (China)|Shanghai Model Organisms Center|上海南方模式生物研究中心|SMOC,CN,OpenAlex
https://ror.org/04xz4db24,Caelum Research Corporation (United States),Caelum Research Corporation (United States),US,OpenAlex
https://ror.org/01j077k51,BlueScope Steel Limited (Australia),BlueScope Steel|BlueScope Steel Limited|BlueScope Steel Limited (Australia)|BSL,AU,OpenAlex
https://ror.org/04rsexf17,Stemcell Technologies,Stemcell Technologies,CA,OpenAlex
https://ror.org/001x5ea44,Halozyme Therapeutics (United States),Halozyme Therapeutics (United States),US,OpenAlex
https://ror.org/01m1p2k59,MetaMetrics (United States),MetaMetrics (United States),US,OpenAlex
https://ror.org/01r5ta105,Azimuth (United States),Azimuth (United States),US,OpenAlex
https://ror.org/02mwgzr84,Toyo Kohan (Japan),Toyo Kohan (Japan)|東洋鋼鈑株式会社,JP,OpenAlex
https://ror.org/04941ww55,Hamari Chemicals (Japan),HAMA Research Institute|Hamari Chemicals (Japan),JP,OpenAlex
https://ror.org/04h484195,Printed Electronics (United Kingdom),Printed Electronics (United Kingdom)|PEL,GB,OpenAlex
https://ror.org/052syjz96,Environmental Remediation Consultants (United States),Environmental Remediation Consultants (United States)|ERC,US,OpenAlex
https://ror.org/05g0b2873,Cogent (United Kingdom),Cogent (United Kingdom)|Cogent Power,GB,OpenAlex
https://ror.org/05w5shm69,Chevron Phillips Chemical (United States),Chevron Phillips Chemical (United States),US,OpenAlex
https://ror.org/04343ty25,Ibiden (Japan),Ibiden (Japan)|Ibiden Kabushiki-kaisha|イビデン株式会社,JP,OpenAlex
https://ror.org/05nqrfj72,UK Power Networks,UK Power Networks,GB,OpenAlex
https://ror.org/01wm1ge07,Littoral Research Group (United States),Littoral Research Group (United States)|LRG,US,OpenAlex
https://ror.org/02dyts510,Tennet (Netherlands),TenneT TSO B.V|Tennet (Netherlands),NL,OpenAlex
https://ror.org/02y8ft411,Rohto Pharmaceutical (Japan),Rohto Pharmaceutical (Japan)|ロート製薬株式会社,JP,OpenAlex
https://ror.org/04xz21s03,Futura Medical (United Kingdom),Futura Medical (United Kingdom),GB,OpenAlex
https://ror.org/0597afe55,BIOCAD (Russia),BIOCAD (Russia),RU,OpenAlex
https://ror.org/02tvxad59,Peter Lang,Peter Lang|Peter Lang AG|Peter Lang Group|Peter Lang International Academic Publishers|Peter Lang Publishers|Peter Lang Publishing Group|Peter Lang Verlag,CH,OpenAlex
https://ror.org/01a6nz466,Milliken & Company (United States),Milliken & Company (United States),US,OpenAlex
https://ror.org/007tk2m83,Cleveland-Cliffs (United States),Cleveland-Cliffs (United States),US,OpenAlex
https://ror.org/0129yjg29,Altamira Technologies,Altamira Technologies,US,OpenAlex
https://ror.org/01dcaj468,Nokia (Ireland),Nokia (Ireland),IE,OpenAlex
https://ror.org/028h2cy94,Tetra Pak (Sweden),Tetra Pak (Sweden),SE,OpenAlex
https://ror.org/02ytn5d60,Ferring Pharmaceuticals (United States),Ferring Pharmaceuticals (United States),US,OpenAlex
https://ror.org/03m823837,Magnezit (Russia),Magnezit (Russia)|Магнезита,RU,OpenAlex
https://ror.org/03s20bw89,Monasterium Laboratory Skin & Hair Research Solutions (Germany),Monasterium Laboratory Skin & Hair Research Solutions (Germany),DE,OpenAlex
https://ror.org/04wam6707,IBM (Spain),IBM (Spain)|International Business Machines,ES,OpenAlex
https://ror.org/05dw07152,Novo Nordisk (India),Novo Nordisk (India),IN,OpenAlex
https://ror.org/05pqwek81,Alliance Protein Laboratories (United States),Alliance Protein Laboratories (United States)|APL,US,OpenAlex
https://ror.org/016c76a68,ADx NeuroSciences,ADx NeuroSciences,,OpenAlex
https://ror.org/00227f603,Elia (Belgium),Elia (Belgium)|Elia System Operator,BE,OpenAlex
https://ror.org/041jbqr21,Stillwater (Canada),Stillwater (Canada)|Stillwater Canada Inc|Stillwater Mining Company,CA,OpenAlex
https://ror.org/002jks503,Medivir (Sweden),Medivir (Sweden),SE,OpenAlex
https://ror.org/00kyj9h67,Horizon Therapeutics (United States),Horizon Therapeutics (United States),US,OpenAlex
https://ror.org/02axkyn34,SK Group (Japan),Hynix Semiconductors|Hyundai Electric Industry|SK Group (Japan)|SK Hynix|Sunkyong Group,JP,OpenAlex
https://ror.org/02bw2gt68,BioClinicum (Russia),BioClinicum (Russia),RU,OpenAlex
https://ror.org/0301tkm88,HeartFlow (United States),HeartFlow (United States),US,OpenAlex
https://ror.org/030c4gr60,STMicroelectronics (Singapore),STMicroelectronics (Singapore),SG,OpenAlex
https://ror.org/03yywea39,Plasma Processes (United States),Plasma Processes (United States),US,OpenAlex
https://ror.org/04grcvp20,Ingenieria Y Economia Del Transporte,Ingenieria Y Economia Del Transporte|INECO,ES,OpenAlex
https://ror.org/038eqqh78,Lockheed Martin Orincon (United States),Lockheed Martin Orincon (United States)|ORINCON Corporation International,US,OpenAlex
https://ror.org/01c00kj47,DSM-Firmenich AG (Switzerland),DSM-Firmenich|DSM-Firmenich AG|DSM-Firmenich AG (Switzerland)|dsm-firmenich Switzerland AG,CH,OpenAlex
https://ror.org/0554hqk85,Singulus (Germany),Singulus (Germany)|Singulus Technologies,DE,OpenAlex
https://ror.org/00wa5fs40,Shenzhen General Institute of Architectural Design and Research (China),Shenzhen General Institute of Architectural Design and Research (China)|深圳市建筑设计研究总院有限公司|SADI,CN,OpenAlex
https://ror.org/00fw4m615,Cablevision (United States),Cablevision (United States)|Cablevision Systems Corporation,US,OpenAlex
https://ror.org/0119z9797,Cybernet Systems Corporation (Canada),Cybernet Systems Corporation (Canada),CA,OpenAlex
https://ror.org/01d8jjd81,Nautilus (United States),Nautilus (United States),US,OpenAlex
https://ror.org/01f18s848,Mission Bio (United States),Mission Bio (United States),US,OpenAlex
https://ror.org/02v27yb50,Blue Ridge Research and Consulting (United States),Blue Ridge Research and Consulting (United States)|BRRC,US,OpenAlex
https://ror.org/03p3h5q71,Datar Cancer Genetics (India),Datar Cancer Genetics (India)|Datar Genetics|Datar Virology|DCG|DCGL|DGL,IN,OpenAlex
https://ror.org/04z4kzf83,A.P. Krylov All-Russian Oil and Gas Research Institute (Russia),A.P. Krylov All-Russian Oil and Gas Research Institute (Russia)|Акционерное общество «Всероссийский нефтегазовый научно-исследовательский институт имени академика А.П. Крылова»|VNIINEFT JSC,RU,OpenAlex
https://ror.org/00mzdcr22,Giner (United States),Giner (United States),US,OpenAlex
https://ror.org/01hcney72,Thyssenkrupp (Slovakia),PSL|Thyssenkrupp (Slovakia),SK,OpenAlex
https://ror.org/01snp8f97,The Russian Research Institute of the Tube & Pipe Industries (Russia),The Russian Research Institute of the Tube & Pipe Industries (Russia)|Ural Research Institute of the Tube & Pipe Industries|Российский научно–исследовательский институт трубной промышленности|ROSNITI,RU,OpenAlex
https://ror.org/02hswyz47,Next Generation Technology (United States),Nature’s Secret Technology|Next Generation Technology (United States)|NSS,US,OpenAlex
https://ror.org/03qgfjh43,Medline (United States),Medline (United States)|Medline Industries,US,OpenAlex
https://ror.org/02tms8754,Research and Testing Institute Plzen (Czechia),Research and Testing Institute Plzen (Czechia)|Výzkumný a zkušební ústav Plzeň|VZU,CZ,OpenAlex
https://ror.org/042epp307,Jøtul (Norway),Jøtul (Norway)|Kværner Foundry|Kværner Jernstøberi,NO,OpenAlex
https://ror.org/058y2sm81,Dayforce (United States),Ceridian|Ceridian (United States)|Ceridian HCM|Dayforce,US,OpenAlex
https://ror.org/051qkf035,Constellation Technology (United States),Constellation Technology (United States),US,OpenAlex
https://ror.org/048gya260,Kerry Group (Ireland),Kerry Group (Ireland),IE,OpenAlex
https://ror.org/056gaxr94,Cameca (United States),Cameca (United States)|Cameca Instruments,US,OpenAlex
https://ror.org/047nvfh18,Global Green Synergy (Malaysia),Global Green Synergy (Malaysia)|GGS,MY,OpenAlex
https://ror.org/053kr4v45,Puma Biotechnology (United States),Puma Biotechnology (United States),US,OpenAlex
https://ror.org/0527cde49,Epic Sciences (United States),Epic Sciences (United States),US,OpenAlex
https://ror.org/04zvkqw17,Signal Systems Corporation (United States),Signal Systems Corporation (United States)|SSC,US,OpenAlex
https://ror.org/007nzgd38,Expedition (United Kingdom),Expedition (United Kingdom)|Expedition Engineering,GB,OpenAlex
https://ror.org/020kg3x12,Ernst & Young (United Kingdom),Ernst & Young (United Kingdom)|EY,GB,OpenAlex
https://ror.org/02syf5698,Business Region Göteborg (Sweden),Business Region Göteborg (Sweden)|BRG,SE,OpenAlex
https://ror.org/02byc7177,Motor Design (United Kingdom),Motor Design (United Kingdom)|MDL,GB,OpenAlex
https://ror.org/03j5af397,Iomedico (Germany),Iomedico (Germany),DE,OpenAlex
https://ror.org/04cj8sj38,Hydrogenics (Belgium),Hydrogenics (Belgium),BE,OpenAlex
https://ror.org/05vfxqe03,Devon Energy (Canada),Devon Energy (Canada),CA,OpenAlex
https://ror.org/05sdrja69,Janssen (Italy),Janssen (Italy),IT,OpenAlex
https://ror.org/02kb3q578,Dolby (Netherlands),Dolby (Netherlands)|Dolby Labs,NL,OpenAlex
https://ror.org/02tmx5588,Danaher (United States),Danaher (United States),US,OpenAlex
https://ror.org/00pv8f849,Genome and Company (South Korea),Genome and Company (South Korea)|지놈앤컴퍼니,KR,OpenAlex
https://ror.org/015snna87,NOVA Scientific (United States),NOVA Scientific (United States),US,OpenAlex
https://ror.org/01z86wn38,Vision Medicals (China),Guangzhou Weiyuan Gene Technology|Vision Medicals (China)|微远基因,CN,OpenAlex
https://ror.org/02bkgy413,Relay Therapeutics (United States),Relay Therapeutics (United States),US,OpenAlex
https://ror.org/03xz7zy75,Hamburg Wasser (Germany),Hamburg Wasser (Germany),DE,OpenAlex
https://ror.org/05168x816,Biocrates Life Sciences (Austria),Biocrates Life Sciences (Austria),AT,OpenAlex
https://ror.org/05qd85289,Outotec (Finland),Outotec (Finland)|Outotec Oyj,FI,OpenAlex
https://ror.org/05r1dd276,ICF International (United Kingdom),ICF International (United Kingdom)|ICFI,GB,OpenAlex
https://ror.org/00hre1f37,The Japan Atomic Power Company (Japan),Japan Atomic Power Company|The Japan Atomic Power Company|The Japan Atomic Power Company (Japan)|日本原子力発電株式会社|JAPC,JP,OpenAlex
https://ror.org/026452768,PTV Group (Germany),PTV Group (Germany)|Planung Transport Verkehr AG,DE,OpenAlex
https://ror.org/0060hwx87,Alliance Pharmaceutical (United States),Alliance Pharmaceutical (United States),US,OpenAlex
https://ror.org/010hpfk35,Li Creative Technologies (United States),Li Creative Technologies (United States)|LCT,US,OpenAlex
https://ror.org/022gnfx83,Shell (Norway),Shell (Norway)|Shell i Norge,NO,OpenAlex
https://ror.org/02dbpdq51,DATA4 (France),DATA4 (France),FR,OpenAlex
https://ror.org/024pjcr93,Red Electrica de Espana (Spain),Red Electrica de Espana (Spain)|REE,ES,OpenAlex
https://ror.org/031z84p26,Agbar (Spain),Agbar (Spain)|Sociedad General de Aguas de Barcelona|SGAB,ES,OpenAlex
https://ror.org/033we5h36,Vaxine (Australia),Vaxine (Australia),AU,OpenAlex
https://ror.org/03rec7637,Cigna (United States),Cigna (United States),US,OpenAlex
https://ror.org/04mptne15,Strategic Solutions Consulting (United States),Strategic Solutions Consulting (United States),US,OpenAlex
https://ror.org/04jgxcn84,C&R Technologies (United States),C&R Technologies (United States),US,OpenAlex
https://ror.org/03sj17n32,Molecular Innovations (United States),Molecular Innovations (United States),US,OpenAlex
https://ror.org/059q1xd66,RE Hydrogen (United Kingdom),RE Hydrogen (United Kingdom),GB,OpenAlex
https://ror.org/04g6gjh55,Petrochemical Research and Technology Company (Iran),Petrochemical Research & Technology Co.|Petrochemical Research and Technology Company|Petrochemical Research and Technology Company (Iran)|پژوهش و فناوری پتروشیمی|NPC-RT|PRTC,IR,OpenAlex
https://ror.org/00z1y3s94,Nanshan Group (China),Nanshan Group (China)|南山控股,CN,OpenAlex
https://ror.org/023ka9926,Progenics Pharmaceuticals (United States),Progenics Pharmaceuticals (United States),US,OpenAlex
https://ror.org/04h6xfr41,77 Elektronika (Hungary),77 Elektronika (Hungary),HU,OpenAlex
https://ror.org/00160wq72,"Zenyaku Kogyo Co., Ltd. (Japan)","Zenyaku Kogyo|Zenyaku Kogyo Co., Ltd.|Zenyaku Kogyo Co., Ltd. (Japan)|全薬工業株式会社",JP,OpenAlex
https://ror.org/04ke50w30,ViiV Healthcare (Spain),ViiV Healthcare (Spain),ES,OpenAlex
https://ror.org/022r80268,Intuitive Surgical (Switzerland),Intuitive Surgical (Switzerland),CH,OpenAlex
https://ror.org/00ad1c858,Botswana Vaccine Institute (Botswana),Botswana Vaccine Institute (Botswana)|BVI,BW,OpenAlex
https://ror.org/00e5w5x57,Simpson Strong-Tie (United States),Simpson Strong-Tie (United States),US,OpenAlex
https://ror.org/01f6f4a30,Capital Meeting Planning,Capital Meeting Planning|CMP,US,OpenAlex
https://ror.org/02kc0ck80,M&I/Partners,M&I/Partners,NL,OpenAlex
https://ror.org/04gbdgm24,Champions Oncology (United States),Champions Oncology (United States),US,OpenAlex
https://ror.org/04ahqd251,Plant Integrity (United Kingdom),Plant Integrity (United Kingdom),GB,OpenAlex
https://ror.org/04q745m62,Radiance Technologies (United States),Radiance Technologies (United States),US,OpenAlex
https://ror.org/055en7988,Ensemble Therapeutics (United States),Ensemble Therapeutics (United States),US,OpenAlex
https://ror.org/05jzx9n24,Georg Fischer (Switzerland),Georg Fischer (Switzerland)|GF,CH,OpenAlex
https://ror.org/04rxtvg30,Carbon Solutions (United States),Carbon Solutions (United States)|CSI,US,OpenAlex
https://ror.org/052kwn289,Avantium (Netherlands),Avantium (Netherlands),NL,OpenAlex
https://ror.org/05ygyfy76,Hill's Pet Nutrition (United States),Hill's|Hill's Pet Nutrition|Hill's Pet Nutrition (United States),,OpenAlex
https://ror.org/03mav6487,Eurogentec (Belgium),Eurogentec (Belgium),BE,OpenAlex
https://ror.org/00jvma136,Shanghai Industrial Boiler Research Institute (China),Shanghai Industrial Boiler Research Institute (China)|上海工业锅炉研究所,CN,OpenAlex
https://ror.org/00ntr9f13,Pharmerit (Netherlands),Pharmerit (Netherlands),NL,OpenAlex
https://ror.org/00z8w4e54,CBC (Canada),CBC (Canada)|Canadian Broadcasting Corporation|Société Radio-Canada,CA,OpenAlex
https://ror.org/00s7bz409,Oerlikon (Switzerland),OC Oerlikon|Oerlikon (Switzerland),CH,OpenAlex
https://ror.org/00qw2t413,Lifetech Scientific (China),Lifetech Scientific (China),CN,OpenAlex
https://ror.org/01fx1d378,Eurofins (Netherlands),Eurofins (Netherlands)|Eurofins Agro,NL,OpenAlex
https://ror.org/01yhcdk46,Rex Medical (United States),Rex Medical (United States),US,OpenAlex
https://ror.org/01pgkb997,KG Chemical (South Korea),Gyeonggi Chemical|KG Chemical (South Korea),KR,OpenAlex
https://ror.org/04j2hh758,Metrum Research Group (United States),Metrum Research Group (United States),US,OpenAlex
https://ror.org/04mg0we30,Inmunal (Spain),Inmunal (Spain)|Instituto de Inmunologia y Alergia,ES,OpenAlex
https://ror.org/05hawnt37,Universal Instruments (United States),Universal Instruments (United States),US,OpenAlex
https://ror.org/05jaz3369,Indian Immunologicals (India),Indian Immunologicals (India)|IIL,IN,OpenAlex
https://ror.org/04g81mm64,Keysight Technologies (United Kingdom),Keysight|Keysight Technologies (United Kingdom),GB,OpenAlex
https://ror.org/052htmq47,BioNTech (United States),BioNTech (United States)|Biopharmaceutical New Technologies,US,OpenAlex
https://ror.org/05c0j1j47,MPB Technologies & Communications (Canada),MPB Technologies & Communications (Canada),CA,OpenAlex
https://ror.org/05thjzm58,Advanced Bionics (United States),Advanced Bionics|Advanced Bionics (United States)|AB,US,OpenAlex
https://ror.org/02jqm1g69,Biotronik (Switzerland),Biotronik (Switzerland)|Biotronik SE & Co. KG,CH,OpenAlex
https://ror.org/00526y629,SES (Luxembourg),SES (Luxembourg)|Société Européenne des Satellites,LU,OpenAlex
https://ror.org/02hx58q14,Alabama Power (United States),Alabama Power (United States),US,OpenAlex
https://ror.org/0231ar939,Earth Networks (United States),Earth Networks (United States),US,OpenAlex
https://ror.org/02hnr5x72,Harman (Germany),Harman (Germany)|Harman International Industries,DE,OpenAlex
https://ror.org/03gs9sh82,BioVentures (United States),BioVentures (United States),US,OpenAlex
https://ror.org/05v8xqq83,Advanced Processing Technology (United States),Advanced Processing Technology (United States)|AvPro,US,OpenAlex
https://ror.org/05xr0bc04,ServiceNow (United States),ServiceNow (United States),US,OpenAlex
https://ror.org/01c64df17,Illumina (Singapore),"Illumina (Singapore)|Illumina Singapore Pte Ltd|Illumina, Inc.",SG,OpenAlex
https://ror.org/03thhsh17,Cambridge Scholars Publishing,Cambridge Scholars|Cambridge Scholars Publishing|CSP,GB,OpenAlex
https://ror.org/01age2z78,Oxford Instruments (United States),Oxford Instruments (United States),US,OpenAlex
https://ror.org/02y3tc479,Salvat (Spain),Salvat (Spain),ES,OpenAlex
https://ror.org/03tsfw439,Saint-Gobain (United States),Saint-Gobain (United States),US,OpenAlex
https://ror.org/04ztb5g16,Shanxi Provincial Institute of Chemical Industry (China),Shanxi Provincial Institute of Chemical Industry (China)|Taiyuan Chemical Research Institute of the Ministry of Chemical Industry|山西省化工研究所,CN,OpenAlex
https://ror.org/03xfq0m13,DATEV (Germany),DATEV (Germany)|Datenverarbeitung und Dienstleistung für den steuerberatenden Beruf,DE,OpenAlex
https://ror.org/02bkv2b25,Tepco SYSTEMS Corporation (Japan),Tepco SYSTEMS|Tepco SYSTEMS Corporation|Tepco SYSTEMS Corporation (Japan)|株式会社テプコシステムズ,JP,OpenAlex
https://ror.org/02k3mp398,Korea Aerospace Industries (South Korea),"Korea Aerospace Industries|Korea Aerospace Industries (South Korea)|Korea Aerospace Industries, Ltd.|한국항공우주산업|KAI",KR,OpenAlex
https://ror.org/01pt3av70,"Honda Electronics Co., Ltd. (Japan)","Honda Electronics|Honda Electronics Co., Ltd.|Honda Electronics Co., Ltd. (Japan)|本多電子株式会社",JP,OpenAlex
https://ror.org/034gkfh25,Intas Pharmaceuticals (India),Intas Pharmaceuticals (India),IN,OpenAlex
https://ror.org/01bthtp68,Corixa Corporation,Corixa Corporation,US,OpenAlex
https://ror.org/033s2jy46,South East Water (Australia),South East Water (Australia),AU,OpenAlex
https://ror.org/001bx3s75,Ulvac-Phi (Japan),Ulvac-Phi (Japan)|アルバック・ファイ株式会社,JP,OpenAlex
https://ror.org/00n7ybs24,LVMH (France),LVMH (France)|Louis Vuitton Moët Hennessy,FR,OpenAlex
https://ror.org/014fxpb13,Engineering Data Management,Engineering Data Management|EDM,US,OpenAlex
https://ror.org/01rgzab50,Eaton (United Kingdom),Eaton (United Kingdom),GB,OpenAlex
https://ror.org/02atexs87,Kangmei Pharmaceutical (China),Kangmei Pharmaceutical (China)|康美药业股份有限公司,CN,OpenAlex
https://ror.org/030p6ep86,Aecom (United Kingdom),AECOM Technology Corporation|Aecom (United Kingdom),GB,OpenAlex
https://ror.org/0393mwb72,United Utilities (United Kingdom),United Utilities (United Kingdom)|UU,GB,OpenAlex
https://ror.org/03hc5gb19,American Industrial Partners (United States),American Industrial Partners (United States)|AIP,US,OpenAlex
https://ror.org/04xhxg104,Microsoft (Canada),Microsoft (Canada),CA,OpenAlex
https://ror.org/05w2bg973,Wasatch Molecular (United States),Wasatch Molecular (United States)|WMI,US,OpenAlex
https://ror.org/056eew379,Shanghai Micro Electronics Equipment (China),Shanghai Micro Electronics Equipment (China)|上海微电子装备|SMEE,CN,OpenAlex
https://ror.org/03hk8yf10,Entergy (United States),Entergy|Entergy (United States)|Entergy Co|Entergy Corporation,,OpenAlex
https://ror.org/05eqqvk78,Janssen Pharmaceutical K.K. (Japan),Janssen Pharmaceutical K.K.|Janssen Pharmaceutical K.K. (Japan)|ヤンセンファーマ株式会社,JP,OpenAlex
https://ror.org/02vbg8350,Primetals Technologies (Austria),Primetals Technologies (Austria),AT,OpenAlex
https://ror.org/005rnqt78,Invenia (Canada),Invenia (Canada),CA,OpenAlex
https://ror.org/00j899309,Inflexxion (United States),Inflexxion (United States),US,OpenAlex
https://ror.org/00ngjbr32,Nokia (Spain),Nokia (Spain),ES,OpenAlex
https://ror.org/01tfba323,Sumitomo Seika Chemicals (Japan),Sumitomo Seika Chemicals (Japan)|住友精化株式会社,JP,OpenAlex
https://ror.org/027rr8795,Sonova (Switzerland),Phonak AG|Phonak Holding AG|Phonak Switzerland|Sonova (Switzerland)|Sonova International,CH,OpenAlex
https://ror.org/01ncrbb53,Gerber Technology (United States),Gerber Scientific|Gerber Technology (United States),US,OpenAlex
https://ror.org/055qxpb63,EpiVax (United States),EpiVax (United States),US,OpenAlex
https://ror.org/04f3bkd55,Cascade (United States),Cascade (United States),US,OpenAlex
https://ror.org/05vwgdc91,B2 (Slovenia),B2 (Slovenia)|B2 d.o.o.,SI,OpenAlex
https://ror.org/05ye48k35,Brainlab (Germany),Brainlab (Germany),DE,OpenAlex
https://ror.org/05p26dc09,Emery Oleochemicals (Malaysia),Emery|Emery Oleochemicals (Malaysia),MY,OpenAlex
https://ror.org/05cmv6g68,Horizon Robotics (China),"Beijing Horizon Robotics Technology Development Co LTD|Dipingxian|Horizon Robotics|Horizon Robotics (China)|Horizon Robotics, Inc.|北京地平线信息技术有限公司|地平线",,OpenAlex
https://ror.org/00r1xq380,"Mitsubishi Cable Industries, Ltd. (Japan)","Mitsubishi Cable Industries|Mitsubishi Cable Industries, Ltd.|Mitsubishi Cable Industries, Ltd. (Japan)|三菱電線工業株式会社",JP,OpenAlex
https://ror.org/01788sq40,Acorda Therapeutics (United States),Acorda Therapeutics (United States),US,OpenAlex
https://ror.org/03wvdfp77,Posiva (Finland),Posiva (Finland),FI,OpenAlex
https://ror.org/01bws2668,IGEA Clinical Biophysics (Italy),IGEA Clinical Biophysics (Italy),IT,OpenAlex
https://ror.org/01ys7qn31,LivaNova (Italy),LivaNova (Italy)|Sorin,IT,OpenAlex
https://ror.org/02vekd613,OAI Consulting (United States),OAI Consulting (United States)|Ocean Associates,US,OpenAlex
https://ror.org/02sx1y706,Sears Holdings (United States),Sears Holdings (United States)|SHC,US,OpenAlex
https://ror.org/04fe2dt25,Renaissance Sciences Corporation (United States),Renaissance Sciences Corporation (United States)|RSC,US,OpenAlex
https://ror.org/037xpcd02,Pasco Corporation (Japan),Pasco Corporation|Pasco Corporation (Japan)|株式会社パスコ,JP,OpenAlex
https://ror.org/05nfrar05,"Mitsubishi FBR Systems, Inc. (Japan)","Mitsubishi FBR Systems|Mitsubishi FBR Systems, Inc.|Mitsubishi FBR Systems, Inc. (Japan)|三菱FBRシステムズ株式会社",JP,OpenAlex
https://ror.org/05848kk30,Cascades (Canada),Cascades (Canada),CA,OpenAlex
https://ror.org/00vyqsz57,Shanghai Genon Biological Products (China),Genon|Shanghai Genon Biological Products (China)|上海转基因研究中心,CN,OpenAlex
https://ror.org/00km5bz41,Casablanca (Brazil),"Casablanca (Brazil)|Intertrade Brasil Telecomunicações, Multimídia e Representações Ltda",BR,OpenAlex
https://ror.org/00wj1b221,Integrated Statistics (United States),Integrated Statistics (United States)|IS,US,OpenAlex
https://ror.org/018rhs370,IFC Research (United Kingdom),IFC Research (United Kingdom)|International Fire Consultants Ltd.,GB,OpenAlex
https://ror.org/01maah330,Intrinsic LifeSciences (United States),Intrinsic LifeSciences (United States),US,OpenAlex
https://ror.org/018z3cr21,Dongbu HiTek (South Korea),Dongbu HiTek (South Korea)|동부 하이텍,KR,OpenAlex
https://ror.org/026djsb11,Space Environment Technologies (United States),Space Environment Technologies (United States)|SET,US,OpenAlex
https://ror.org/05tm3n275,ARTS Group (China),ARTS Group (China)|Suzhou Industrial Park Design & Research|艺术 组,CN,OpenAlex
https://ror.org/05tqne909,Insilicogen (South Korea),(주)인실리코젠|Insilicogen (South Korea),KR,OpenAlex
https://ror.org/039j29a96,Plastic Electronics (Netherlands),Plastic Electronics (Netherlands),NL,OpenAlex
https://ror.org/05nz79105,MBDA (Germany),MBDA (Germany),DE,OpenAlex
https://ror.org/00xmtrb24,LC Resources (United States),LC Resources (United States)|LCR,US,OpenAlex
https://ror.org/01zg9ry50,Bavarian Nordic (Germany),Bavarian Nordic (Germany),DE,OpenAlex
https://ror.org/01hnzmd62,Smart Information Flow Technologies (United States),Smart Information Flow Technologies (United States)|SIFT,US,OpenAlex
https://ror.org/01xdzbt45,Verisk Analytics (United States),Verisk Analytics (United States),US,OpenAlex
https://ror.org/01r4zz038,Thomson Reuters (Canada),Thomson Reuters (Canada),CA,OpenAlex
https://ror.org/02tbjbv63,Sino Biological (China),Sino Biological (China),CN,OpenAlex
https://ror.org/03k879d12,Seqirus (United States),Seqirus (United States),US,OpenAlex
https://ror.org/03q8mf789,Goleta Engineering (United States),Goleta Engineering (United States),US,OpenAlex
https://ror.org/03w007e62,Aware (United States),Aware (United States),US,OpenAlex
https://ror.org/04v71zy84,Toyoda Gosei (Germany),Toyoda Gosei (Germany),DE,OpenAlex
https://ror.org/052xe5r02,Forest and Wood Products (Australia),Forest and Wood Products (Australia)|FWPA,AU,OpenAlex
https://ror.org/054v7pb78,Teva Pharmaceuticals (Czechia),Teva Pharmaceuticals (Czechia),CZ,OpenAlex
https://ror.org/05hb5sg68,Johnson & Johnson (India),Johnson & Johnson (India)|जॉन्सन आणि जॉन्सन प्रायव्हेट लिमिटेड|जॉन्सन और जॉन्सन प्रायोजित लिमिटेड|ಜಾನ್ಸನ್ ಮತ್ತು ಜಾನ್ಸನ್ ಪ್ರೈವೇಟ್ ಲಿಮಿಟೆಡ್,IN,OpenAlex
https://ror.org/018fdr531,Yara (Norway),Yara (Norway),NO,OpenAlex
https://ror.org/03nscjy42,General Electric (Denmark),General Electric (Denmark)|GE,DK,OpenAlex
https://ror.org/000znb612,Royal Bank of Scotland (United Kingdom),Banca Rìoghail na h-Alba|Royal Bank of Scotland (United Kingdom)|RBS,GB,OpenAlex
https://ror.org/00mdqpf86,Bepress (United States),Bepress (United States),US,OpenAlex
https://ror.org/00tg69j59,Argus International (United States),Argus International (United States),US,OpenAlex
https://ror.org/019m6fr90,New York Audio Productions (United States),New York Audio Productions (United States)|NYA,US,OpenAlex
https://ror.org/01by01460,Mirati Therapeutics (United States),Mirati Therapeutics (United States),US,OpenAlex
https://ror.org/01m108388,Dimension Technologies (United States),Dimension Technologies (United States)|DTI,US,OpenAlex
https://ror.org/02jy4mx12,Lead Discovery Center (Germany),Lead Discovery Center|Lead Discovery Center (Germany)|Lead Discovery Center GmbH|LDC,DE,OpenAlex
https://ror.org/02fj56008,Vestergaard (Switzerland),Vestergaard (Switzerland)|Vestergaard Frandsen,CH,OpenAlex
https://ror.org/02z43nn16,Taiho Oncology (United States),Taiho Oncology (United States)|Taiho Pharmaceutical,US,OpenAlex
https://ror.org/02w96wv37,Ramboll (Norway),Ramboll (Norway)|Ramboll Group|Rambøll & Hannemann,NO,OpenAlex
https://ror.org/03m91y692,Coloplast (Denmark),Coloplast (Denmark),DK,OpenAlex
https://ror.org/03dr7j353,Biognosys (Switzerland),Biognosys (Switzerland),CH,OpenAlex
https://ror.org/03kk6t048,Taitech (United States),Taitech (United States),US,OpenAlex
https://ror.org/04x4tst13,Bioprojet (France),Bioprojet (France),FR,OpenAlex
https://ror.org/04jjzrj83,TTTech Computertechnik (Austria),TTTech Computertechnik (Austria),AT,OpenAlex
https://ror.org/04c2h1p08,State Farm (United States),State Farm (United States),US,OpenAlex
https://ror.org/056fctw89,Nexter (France),Army Industries Group|GIAT Industries|Groupement des Industries de l'Armée de Terre|Nexter (France),FR,OpenAlex
https://ror.org/05f4fbs05,Western Digital (Netherlands),Western Digital (Netherlands)|WD|WDC,NL,OpenAlex
https://ror.org/04hhxc122,State Research Institute for Material Protection (Czechia),SVÚOM s.r.o.|State Research Institute for Material Protection (Czechia)|Státní výzkumný ústav ochrany materiálu|SVÚOM,CZ,OpenAlex
https://ror.org/053y5js51,Real-Time Innovations (United States),Real-Time Innovations (United States)|RTI,US,OpenAlex
https://ror.org/04xze1462,Nokia (Belgium),Nokia (Belgium),BE,OpenAlex
https://ror.org/05nczr056,KOZO Keikaku Engineering Inc. (Japan),KOZO Keikaku Engineering|KOZO Keikaku Engineering Inc.|KOZO Keikaku Engineering Inc. (Japan)|株式会社構造計画研究所,JP,OpenAlex
https://ror.org/05s2h4a13,Imagine Optic (France),Imagine Optic (France),FR,OpenAlex
https://ror.org/005ev0c40,IMU Institut (Germany),IMU Institut (Germany),DE,OpenAlex
https://ror.org/03kh4zk18,Weinberg Medical Physics (United States),Weinberg Medical Physics (United States),US,OpenAlex
https://ror.org/03wjhyh40,Oxford Applied Research (United Kingdom),Oxford Applied Research (United Kingdom),GB,OpenAlex
https://ror.org/05cxavv95,Metacomp Technologies (United States),Metacomp Technologies (United States),US,OpenAlex
https://ror.org/009cyjs32,SK Innovation (South Korea),"SK Innovation|SK Innovation (South Korea)|SK Innovation Co|SK Innovation Co., Ltd.|에스케이이노베이션 주식회사",KR,OpenAlex
https://ror.org/05ygvx278,Nederlandse Aardolie Maatschappij (Netherlands),Dutch Petroleum Company|Nederlandse Aardolie Maatschappij|Nederlandse Aardolie Maatschappij (Netherlands)|Nederlandse Aardolie Maatschappij B.V.|Nederlandse Aardolie Maatschappij BV|NAM,NL,OpenAlex
https://ror.org/03sh4z743,Sunovion (United Kingdom),Sepracor|Sunovion (United Kingdom),GB,OpenAlex
https://ror.org/00bxkz165,Asus (Taiwan),ASUSTeK Computer Inc|Asus (Taiwan)|Huáshuò Diànnǎo Gǔfèn Yǒuxiàn Gōngsī|華碩電腦股份有限公司,TW,OpenAlex
https://ror.org/00b1twa08,Scientific and Production Association of Electromechanics (Russia),Miass Electromechanical Research Institute|Scientific Research Institute of Applied Mechanics named after academician V.I. Kuznetsov in Moscow|Scientific and Production Association of Electromechanics (Russia)|MERI,RU,OpenAlex
https://ror.org/01jzyr789,Bronkhorst (Netherlands),Bronkhorst (Netherlands),NL,OpenAlex
https://ror.org/01stake94,D2S International (Belgium),D2S International (Belgium),BE,OpenAlex
https://ror.org/02szcd955,Positive Action,Positive Action,US,OpenAlex
https://ror.org/029t2gr02,Xenon Pharmaceuticals (Canada),Xenon Pharmaceuticals (Canada),CA,OpenAlex
https://ror.org/03e14gy69,GenomeDesigns Lab (United States),GenomeDesigns Lab (United States)|GDL,US,OpenAlex
https://ror.org/04zjdjq28,Hutchinson (United Kingdom),Hutchinson (United Kingdom),GB,OpenAlex
https://ror.org/01azjk350,Mercian Corporation (Japan),Mercian|Mercian Corporation|Mercian Corporation (Japan)|メルシャン株式会社,JP,OpenAlex
https://ror.org/014knkt22,Perspectum Ltd. (United Kingdom),Perspectum|Perspectum Diagnostics|Perspectum Holdings|Perspectum Ltd.|Perspectum Ltd. (United Kingdom),GB,OpenAlex
https://ror.org/02m083m46,"Hokkaido Electric Power Co., Inc. (Japan)","Hokkaido Electric Power Co.|Hokkaido Electric Power Co., Inc.|Hokkaido Electric Power Co., Inc. (Japan)|北海道電力株式会社|HEPCO",JP,OpenAlex
https://ror.org/01j0jk666,ResMed (United States),ResMed (United States),US,OpenAlex
https://ror.org/0231rt128,GS Yuasa (Japan),GS Yuasa (Japan)|Kabushiki-gaisha GS Yuasa Kōporēshon|株式会社ジーエス・ユアサ コーポレーション,JP,OpenAlex
https://ror.org/035zsgw07,Cambridge Collaborative (United States),Cambridge Collaborative (United States),US,OpenAlex
https://ror.org/03z6emt78,NanoBio (United States),NanoBio (United States),US,OpenAlex
https://ror.org/043axjc63,Kingfisher (United Kingdom),Kingfisher (United Kingdom),GB,OpenAlex
https://ror.org/057p4eb38,Bioibérica (Spain),Bioibérica (Spain),ES,OpenAlex
https://ror.org/041vwff03,Fuso Pharmaceutical Industries (Japan),Fuso Pharmaceutical Industries (Japan)|扶桑薬品工業株式会社,JP,OpenAlex
https://ror.org/02grspc61,Hugging Face,Hugging Face,US,OpenAlex
https://ror.org/02apw2076,Xiaohongshu (Little Red Book) (China),Information Technology (Shanghai) Co Ltd|Little Red Book|Xiaohongshu|Xiaohongshu (Little Red Book)|Xiaohongshu (Little Red Book) (China)|Xingyin Information Technology (Shanghai) Co Ltd.|Xingyin Information Technology Shanghai Co Ltd|Xingyin Xinxi Keji (Shanghai) Youxian Gongsi|小红书|行吟信息科技（上海）有限公司,,OpenAlex
https://ror.org/031hy7140,Daihen Corporation (Japan),Daihen|Daihen Corporation|Daihen Corporation (Japan)|株式会社ダイヘン,JP,OpenAlex
https://ror.org/05ew15w80,"Tocalo Co., Ltd. (Japan)","Tocalo|Tocalo Co., Ltd.|Tocalo Co., Ltd. (Japan)|トーカロ株式会社",JP,OpenAlex
https://ror.org/05snhe788,Johnson & Johnson Vision Care (United States),"Johnson & Johnson Vision Care|Johnson & Johnson Vision Care (United States)|Johnson & Johnson Vision Care, Inc.|Johnson and Johnson Vision",US,OpenAlex
https://ror.org/051jtz490,Thoratec Corporation (United States),Thoratec Corporation (United States),US,OpenAlex
https://ror.org/013g3g638,Vertically Integrated Systems (Germany),VI Systems|Vertically Integrated Systems (Germany)|VIS,DE,OpenAlex
https://ror.org/0206kf863,Link Consulting,Link Consulting,PT,OpenAlex
https://ror.org/03bmdtg34,SGS Institut Fresenius (Germany),SGS Institut Fresenius (Germany),DE,OpenAlex
https://ror.org/058m4x348,Setas (Turkey),Setas (Turkey),TR,OpenAlex
https://ror.org/05waa9105,Kite Pharma (United States),Kite Pharma|Kite Pharma (United States),US,OpenAlex
https://ror.org/0532ef257,Cargill (Canada),Cargill (Canada),CA,OpenAlex
https://ror.org/02wc3s860,National Administration of Power Plants and Electrical Transmissions (Uruguay),Administración Nacional de Usinas y Trasmisiones Eléctricas|National Administration of Power Plants and Electrical Transmissions (Uruguay)|UTE,UY,OpenAlex
https://ror.org/04cjgh922,Honeywell (Canada),Honeywell (Canada),CA,OpenAlex
https://ror.org/04trkh314,Rigetti Computing (United States),Rigetti Computing (United States),US,OpenAlex
https://ror.org/0544za304,Koito Manufacturing (Japan),Koito Manufacturing (Japan)|株式会社小糸製作所,JP,OpenAlex
https://ror.org/05cpjy057,Edelweiss Connect (Switzerland),Douglas Connect|Edelweiss Connect (Switzerland)|EWC,CH,OpenAlex
https://ror.org/026b7jq90,b.geos,b.geos,,OpenAlex
https://ror.org/01sx6jc36,Intercept Pharmaceuticals (United States),Intercept Pharmaceuticals (United States),US,OpenAlex
https://ror.org/022ke2j41,Electromagnetic Geoservices (Norway),Electromagnetic Geoservices (Norway)|EMGS,NO,OpenAlex
https://ror.org/04sg12k28,Powerlink Queensland (Australia),Powerlink Queensland (Australia)|Queensland Electricity Transmission Corporation Limited,AU,OpenAlex
https://ror.org/02xfnnq52,Bio Products Laboratory (United Kingdom),Bio Products Laboratory (United Kingdom)|BPL,GB,OpenAlex
https://ror.org/00zvn3z28,Engineering Link (Canada),Engineering Link (Canada),CA,OpenAlex
https://ror.org/02bkjp178,Max Zeller Söhne (Switzerland),Max Zeller Söhne (Switzerland),CH,OpenAlex
https://ror.org/04f8j4q19,Response Technologies (United States),Response Technologies (United States),US,OpenAlex
https://ror.org/04dxbz091,Constellation Pharmaceuticals (United States),Constellation Pharmaceuticals (United States)|Epigenetix,US,OpenAlex
https://ror.org/05cc0x492,Hewlett Packard Enterprise (Ireland),Hewlett Packard Enterprise (Ireland)|HPE,IE,OpenAlex
https://ror.org/05g7t5c49,Jenoptik (Germany),Jenoptik (Germany),DE,OpenAlex
https://ror.org/00vaecb94,Cobb-Vantress (United States),"Cobb-Vantress (United States)|Cobb-Vantress, Inc.|Cobb",US,OpenAlex
https://ror.org/04k1qqg60,"NEC Solution Innovators, Ltd. (Japan)","NEC Soft|NEC Soft, Ltd.|NEC Solution Innovators|NEC Solution Innovators, Ltd.|NEC Solution Innovators, Ltd. (Japan)|NECソフト株式会社|NECソリューションイノベータ",JP,OpenAlex
https://ror.org/00kr78d81,Nippon Chemiphar (Japan),Nippon Chemiphar (Japan),JP,OpenAlex
https://ror.org/00tf97v72,Zealand Pharma (Denmark),Zealand Pharma (Denmark),DK,OpenAlex
https://ror.org/018wm0v91,Arvato,Arvato|Arvato Bertelsmann,DE,OpenAlex
https://ror.org/019wssg97,Altana (Germany),Altana (Germany),DE,OpenAlex
https://ror.org/03nvser95,ASM Pacific Technology (China),ASM Pacific Technology (China)|ASMPT,CN,OpenAlex
https://ror.org/04d9wma96,Xian Mechanical & Electric Institute (China),Xian Mechanical & Electric Institute (China)|西安机电研究所|XMEI,CN,OpenAlex
https://ror.org/03wwn0z54,NovaMechanics (Cyprus),NovaMechanics (Cyprus),CY,OpenAlex
https://ror.org/0312ax070,LifeWatch (Israel),LifeWatch (Israel),IL,OpenAlex
https://ror.org/05y0y3z70,Interventi Geo Ambientali (Italy),Interventi Geo Ambientali (Italy)|IGEA,IT,OpenAlex
https://ror.org/03ve7j725,APA Corporation (United States),APA Corporation|APA Corporation (United States)|Apache Corporation|Apache Oil Corporation,,OpenAlex
https://ror.org/02kr5fr03,EDF Lab Paris-Saclay (France),EDF Lab Paris-Saclay|EDF Lab Paris-Saclay (France),FR,OpenAlex
https://ror.org/05cggb038,Teck (Canada),Teck (Canada)|Teck Cominco|Teck Resources,CA,OpenAlex
https://ror.org/00p941317,Innovation Norway (Norway),Innovasjon Norge|Innovation Norway (Norway),NO,OpenAlex
https://ror.org/00csccw89,Boston Biomedical (United States),Boston Biomedical (United States)|BBI,US,OpenAlex
https://ror.org/00wk3qr85,PerkinElmer (Germany),PerkinElmer (Germany),DE,OpenAlex
https://ror.org/01a21pk29,Corvid Technologies (United States),Corvid Technologies (United States),US,OpenAlex
https://ror.org/01yfptf89,Pipe Metallurgical (Russia),OAO Трубная Металлургическая Компания|Pipe Metallurgical (Russia)|Trubnaya Metallurgicheskaya Kompaniya|TMK,RU,OpenAlex
https://ror.org/01mge3v08,Capgemini (United States),Capgemini (United States),US,OpenAlex
https://ror.org/02cpbjg46,Fuse (United States),Fuse (United States)|Fuse Integration,US,OpenAlex
https://ror.org/030c89r84,Thumbay Group (United Arab Emirates),Thumbay Group (United Arab Emirates),AE,OpenAlex
https://ror.org/03k8d9631,Companhia Brasileira de Metalurgia e Mineração (Brazil),Brazilian Metallurgy and Mining Company|Companhia Brasileira de Metalurgia e Mineração (Brazil)|CBMM,BR,OpenAlex
https://ror.org/04nm3yk20,Takeda (Austria),Takeda (Austria),AT,OpenAlex
https://ror.org/03jxpjf95,DECTRIS (Switzerland),DECTRIS|DECTRIS (Switzerland),CH,OpenAlex
https://ror.org/007whsh62,Intertek (United States),Intertek (United States),US,OpenAlex
https://ror.org/00djyb934,Oxford Lasers (United Kingdom),Oxford Lasers (United Kingdom),GB,OpenAlex
https://ror.org/00x39dd97,Schneider Electric (United States),Schneider Electric (United States),US,OpenAlex
https://ror.org/0144enb05,Novo Nordisk (Finland),Novo Nordisk (Finland),FI,OpenAlex
https://ror.org/01btmdt42,Dynavax Technologies (United States),Dynavax Technologies (United States),US,OpenAlex
https://ror.org/01nfd5g36,SDI Engineering (United States),SDI Engineering (United States),US,OpenAlex
https://ror.org/01shjyx24,Cambridge Environmental Research Consultants (United Kingdom),Cambridge Environmental Research Consultants (United Kingdom)|CERC,GB,OpenAlex
https://ror.org/020yp9q46,Bionorica (Germany),Bionorica (Germany),DE,OpenAlex
https://ror.org/028vrr082,Mars (United States),Mars (United States),US,OpenAlex
https://ror.org/023q7sf47,Bodø Science Park (Norway),Bodø Science Park (Norway)|Kunnskapsparken Bodø|KPB,NO,OpenAlex
https://ror.org/031fnb427,Biosensores (Spain),Biosensores (Spain),ES,OpenAlex
https://ror.org/030f5x630,Labormedizinische Zentrum Dr Risch (Switzerland),Labormedizinische Zentrum Dr Risch (Switzerland),CH,OpenAlex
https://ror.org/03jnm8t41,Alltech (Ireland),Alltech (Ireland),IE,OpenAlex
https://ror.org/03h41b845,Royal Shakespeare Company (United Kingdom),Royal Shakespeare Company (United Kingdom)|RSC,GB,OpenAlex
https://ror.org/04ezd4121,Environmental Earth Observation Information Technology (Austria),Environmental Earth Observation Information Technology (Austria)|ENVEO IT,AT,OpenAlex
https://ror.org/04y0ypp13,ThyssenKrupp (Brazil),ThyssenKrupp (Brazil),BR,OpenAlex
https://ror.org/056j0ka11,JenLab (Germany),JenLab (Germany),DE,OpenAlex
https://ror.org/028t8vy11,Takara BIO Inc. (Japan),Takara BIO|Takara BIO Inc.|Takara BIO Inc. (Japan)|タカラバイオ株式会社,JP,OpenAlex
https://ror.org/02jqp5961,Reata Pharmaceuticals (United States),Reata Pharmaceuticals (United States),US,OpenAlex
https://ror.org/03wmnrc91,Yakult Honsha (Japan),Yakult Honsha (Japan)|ヤクルト,JP,OpenAlex
https://ror.org/008trbj46,Aging Community Coordinated Enterprises and Supportive Services (United States),Aging Community Coordinated Enterprises and Supportive Services (United States)|ACCESS,US,OpenAlex
https://ror.org/01rp86637,Robust Chip (United States),Robust Chip (United States),US,OpenAlex
https://ror.org/01xscrc43,Solvay (Germany),Solvay (Germany),DE,OpenAlex
https://ror.org/0219m0g06,Eberspächer (Germany),Eberspächer (Germany),DE,OpenAlex
https://ror.org/023ej5c96,GSI Environmental (United States),GSI Environmental (United States),US,OpenAlex
https://ror.org/047tbwy41,Lucid Technologies (United States),Lucid Technologies (United States),US,OpenAlex
https://ror.org/03tdxj229,VPIphotonics (Germany),VPIphotonics (Germany),DE,OpenAlex
https://ror.org/03qgxnq88,Redes Energéticas Nacionais (Portugal),Rede Eléctrica Nacional|Redes Energéticas Nacionais (Portugal),PT,OpenAlex
