entity_id,canonical_name,aliases,cik,ticker,exchange,source
SEC:0001045810,NVIDIA CORP,NVIDIA CORP/CA,1045810,NVDA,,SEC
SEC:0000320193,Apple Inc.,APPLE INC|APPLE COMPUTER INC|APPLE COMPUTER INC/ FA,320193,AAPL,,SEC
SEC:0001652044,Alphabet Inc.,,1652044,GOOGL,,SEC
SEC:0000789019,MICROSOFT CORP,,789019,MSFT,,SEC
SEC:0001018724,AMAZON COM INC,,1018724,AMZN,,SEC
SEC:0001326801,"Meta Platforms, Inc.",Facebook Inc,1326801,META,,SEC
SEC:0001730168,Broadcom Inc.,Broadcom Ltd,1730168,AVGO,,SEC
SEC:0001318605,"Tesla, Inc.",TESLA MOTORS INC,1318605,TSLA,,SEC
SEC:0000723125,MICRON TECHNOLOGY INC,,723125,MU,,SEC
SEC:0001067983,BERKSHIRE HATHAWAY INC,NBH INC,1067983,BRK-B,,SEC
SEC:0000059478,ELI LILLY & Co,LILLY ELI & CO|LILLY ELI & CO ET AL,59478,LLY,,SEC
SEC:0000002488,ADVANCED MICRO DEVICES INC,,2488,AMD,,SEC
SEC:0000019617,JPMORGAN CHASE & CO,JPMORGAN CHASE & CO|J P MORGAN CHASE & CO|CHASE MANHATTAN CORP /DE/|CHEMICAL BANKING CORP,19617,JPM,,SEC
SEC:0000104169,Walmart Inc.,Walmart Inc.|WAL MART STORES INC,104169,WMT,,SEC
SEC:0001403161,VISA INC.,,1403161,V,,SEC
SEC:0000937966,ASML HOLDING NV,ASM LITHOGRAPHY HOLDING NV,937966,ASML,,SEC
SEC:0002115436,ExxonMobil Holdings Corp,,2115436,XOM,,SEC
SEC:0000200406,JOHNSON & JOHNSON,JOHNSON & JOHNSON ET AL,200406,JNJ,,SEC
SEC:0000050863,INTEL CORP,,50863,INTC,,SEC
SEC:0001141391,Mastercard Inc,,1141391,MA,,SEC
SEC:0001551152,AbbVie Inc.,,1551152,ABBV,,SEC
SEC:0001341439,ORACLE CORP,Ozark Holding Inc.,1341439,ORCL,,SEC
SEC:0001321655,Palantir Technologies Inc.,Palantir Technologies Inc,1321655,PLTR,,SEC
SEC:0000858877,"CISCO SYSTEMS, INC.","CISCO SYSTEMS, INC.|CISCO SYSTEMS INC",858877,CSCO,,SEC
SEC:0000093410,CHEVRON CORP,CHEVRONTEXACO CORP,93410,CVX,,SEC
SEC:0000909832,COSTCO WHOLESALE CORP /NEW,COSTCO COMPANIES INC|PRICE/COSTCO INC,909832,COST,,SEC
SEC:0000070858,BANK OF AMERICA CORP /DE/,BANKAMERICA CORP/DE/|NATIONSBANK CORP,70858,BAC,,SEC
SEC:0000707549,LAM RESEARCH CORP,,707549,LRCX,,SEC
SEC:0000021344,COCA COLA CO,,21344,KO,,SEC
SEC:0000310158,"Merck & Co., Inc.",Merck & Co. Inc.|SCHERING PLOUGH CORP,310158,MRK,,SEC
SEC:0000006951,APPLIED MATERIALS INC /DE,,6951,AMAT,,SEC
SEC:0000018230,CATERPILLAR INC,,18230,CAT,,SEC
SEC:0001973239,ARM HOLDINGS PLC /UK,Arm Holdings Ltd,1973239,ARM,,SEC
SEC:0001571996,Dell Technologies Inc.,Dell Technologies Inc|Denali Holding Inc.,1571996,DELL,,SEC
SEC:0001089113,HSBC HOLDINGS PLC,HSBC HOLDINGS PLC \,1089113,HSBC,,SEC
SEC:0000080424,PROCTER & GAMBLE Co,,80424,PG,,SEC
SEC:0000731766,UNITEDHEALTH GROUP INC,UNITED HEALTHCARE CORP,731766,UNH,,SEC
SEC:0000040545,GENERAL ELECTRIC CO,,40545,GE,,SEC
SEC:0000895421,MORGAN STANLEY,MORGAN STANLEY|MORGAN STANLEY DEAN WITTER & CO|MORGAN STANLEY DEAN WITTER DISCOVER & CO|DEAN WITTER DISCOVER & CO,895421,MS,,SEC
SEC:0001327567,Palo Alto Networks Inc,Palo Alto Networks Inc,1327567,PANW,,SEC
SEC:0000354950,"HOME DEPOT, INC.",HOME DEPOT INC,354950,HD,,SEC
SEC:0002070829,"Contemporary Amperex Technology Co., Limited/ADR",,2070829,CYATY,,SEC
SEC:0001065280,NETFLIX INC,NETFLIX COM INC,1065280,NFLX,,SEC
SEC:0001413329,Philip Morris International Inc.,,1413329,PM,,SEC
SEC:0001577552,Alibaba Group Holding Ltd,,1577552,BABA,,SEC
SEC:0001000275,ROYAL BANK OF CANADA,ROYAL BANK OF CANADA|ROYAL BANK OF CANADA \,1000275,RY,,SEC
SEC:0000886982,GOLDMAN SACHS GROUP INC,GOLDMAN SACHS GROUP INC/,886982,GS,,SEC
SEC:0002023554,Sandisk Corp,,2023554,SNDK,,SEC
SEC:0001114448,NOVARTIS AG,,1114448,NVS,,SEC
SEC:0001306965,Shell plc,Royal Dutch Shell plc,1306965,SHEL,,SEC
SEC:0000901832,ASTRAZENECA PLC,ZENECA GROUP PLC,901832,AZN,,SEC
SEC:0000067088,MITSUBISHI UFJ FINANCIAL GROUP INC,MITSUBISHI TOKYO FINANCIAL GROUP INC|MITSUBISHI TOKYO FINANCIAL GROUP INC /ADR/,67088,MUFG,,SEC
SEC:0000101829,RTX Corp,RAYTHEON TECHNOLOGIES CORP|UNITED TECHNOLOGIES CORP /DE/,101829,RTX,,SEC
SEC:0001596532,"Arista Networks, Inc.",,1596532,ANET,,SEC
SEC:0001535527,"CrowdStrike Holdings, Inc.",,1535527,CRWD,,SEC
SEC:0001996810,GE Vernova Inc.,GE Vernova LLC,1996810,GEV,,SEC
SEC:0000072971,WELLS FARGO & COMPANY/MN,WELLS FARGO & CO/MN|NORWEST CORP,72971,WFC,,SEC
SEC:0000097476,TEXAS INSTRUMENTS INC,,97476,TXN,,SEC
SEC:0000097745,THERMO FISHER SCIENTIFIC INC.,THERMO ELECTRON CORP,97745,TMO,,SEC
SEC:0000319201,KLA CORP,KLA TENCOR CORP|KLA INSTRUMENTS CORP,319201,KLAC,,SEC
SEC:0001000184,SAP SE,SAP AG|SAP AKTIENGESELLSCHAFT SYSTEMS APPLICATIONS PRODUCTS IN DATA,1000184,SAP,,SEC
SEC:0001835632,"Marvell Technology, Inc.",,1835632,MRVL,,SEC
SEC:0001094517,TOYOTA MOTOR CORP/,,1094517,TM,,SEC
SEC:0000831001,CITIGROUP INC,CITIGROUP INC|TRAVELERS GROUP INC|TRAVELERS INC,831001,C,,SEC
SEC:0000811809,BHP Group Ltd,BHP BILLITON LTD|BHP LTD|BROKEN HILL PROPRIETARY CO LTD,811809,BHP,,SEC
SEC:0000318154,AMGEN INC,,318154,AMGN,,SEC
SEC:0000051143,INTERNATIONAL BUSINESS MACHINES CORP,,51143,IBM,,SEC
SEC:0001707925,LINDE PLC,ZAMALIGHT PLC,1707925,LIN,,SEC
SEC:0000891478,"Banco Santander, S.A.",BANCO SANTANDER SA|BANCO SANTANDER CENTRAL HISPANO SA|BANCO SANTANDER S A,891478,SAN,,SEC
SEC:0000804328,QUALCOMM INC/DE,,804328,QCOM,,SEC
SEC:0001137789,Seagate Technology Holdings plc,Seagate Technology plc|SEAGATE TECHNOLOGY|Seagate Technology|SEAGATE TECHNOLOGY HOLDINGS,1137789,STX,,SEC
SEC:0000004962,AMERICAN EXPRESS CO,,4962,AXP,,SEC
SEC:0000820313,AMPHENOL CORP /DE/,,820313,APH,,SEC
SEC:0000947263,TORONTO DOMINION BANK,,947263,TD,,SEC
SEC:0000879764,TotalEnergies SE,TOTAL SE|TOTAL S.A.|TOTAL SA|TOTAL FINA ELF SA|TOTAL FINA SA|TOTAL,879764,TTE,,SEC
SEC:0000732712,VERIZON COMMUNICATIONS INC,BELL ATLANTIC CORP,732712,VZ,,SEC
SEC:0001594805,SHOPIFY INC.,,1594805,SHOP,,SEC
SEC:0001108524,"Salesforce, Inc.","SALESFORCE.COM, INC.|SALESFORCE COM INC",1108524,CRM,,SEC
SEC:0000882095,"GILEAD SCIENCES, INC.",GILEAD SCIENCES INC,882095,GILD,,SEC
SEC:0000315189,DEERE & CO,,315189,DE,,SEC
SEC:0000006281,ANALOG DEVICES INC,,6281,ADI,,SEC
SEC:0000887028,RIO TINTO LTD,,887028,RTNTF,,SEC
SEC:0000001800,ABBOTT LABORATORIES,,1800,ABT,,SEC
SEC:0001744489,Walt Disney Co,TWDC Holdco 613 Corp|TWDC Holdco 613 Corp.,1744489,DIS,,SEC
SEC:0000077476,PEPSICO INC,,77476,PEP,,SEC
SEC:0000063908,MCDONALDS CORP,,63908,MCD,,SEC
SEC:0000316709,SCHWAB CHARLES CORP,,316709,SCHW,,SEC
SEC:0001001838,SOUTHERN COPPER CORP/,SOUTHERN PERU COPPER CORP/|SOUTHERN PERU COPPER HOLDING CO,1001838,SCCO,,SEC
SEC:0002012383,"BlackRock, Inc.","BlackRock, Inc.|BlackRock Funding, Inc. /DE",2012383,BLK,,SEC
SEC:0000353278,NOVO NORDISK A S,,353278,NVO,,SEC
SEC:0001283699,"T-Mobile US, Inc.",METROPCS COMMUNICATIONS INC,1283699,TMUS,,SEC
SEC:0000732717,AT&T INC.,SBC COMMUNICATIONS INC|SOUTHWESTERN BELL CORP,732717,T,,SEC
SEC:0001551182,Eaton Corp plc,Eaton Corp Ltd,1551182,ETN,,SEC
SEC:0000766704,WELLTOWER INC.,HEALTH CARE REIT INC /DE/,766704,WELL,,SEC
SEC:0000106040,WESTERN DIGITAL CORP,,106040,WDC,,SEC
SEC:0001022837,"SUMITOMO MITSUI FINANCIAL GROUP, INC.",SUMITOMO MITSUI FINANCIAL GROUP/FI|SUMITOMO BANK LTD TOKYO     /FI,1022837,SMFG,,SEC
SEC:0000753308,NEXTERA ENERGY INC,FPL GROUP INC,753308,NEE,,SEC
SEC:0000100885,UNION PACIFIC CORP,,100885,UNP,,SEC
SEC:0000047710,HITACHI LTD,,47710,HTHIY,,SEC
SEC:0000863064,RIO TINTO PLC,RTZ CORPORATION PLC,863064,RIO,,SEC
SEC:0000078003,PFIZER INC,PFIZER INC,78003,PFE,,SEC
SEC:0000842180,"BANCO BILBAO VIZCAYA ARGENTARIA, S.A.",BANCO BILBAO VIZCAYA ARGENTARIA S A,842180,BBVA,,SEC
SEC:0001158838,ADVANTEST CORP,,1158838,ATEYY,,SEC
SEC:0000012927,BOEING CO,,12927,BA,,SEC
SEC:0001381197,"Interactive Brokers Group, Inc.",,1381197,IBKR,,SEC
SEC:0000313616,DANAHER CORP /DE/,,313616,DHR,,SEC
SEC:0001668717,Anheuser-Busch InBev SA/NV,Newbelco SA/NV,1668717,BUD,,SEC
SEC:0001163165,CONOCOPHILLIPS,CORVETTEPORSCHE CORP,1163165,COP,,SEC
SEC:0001610520,UBS Group AG,,1610520,UBS,,SEC
SEC:0000946770,DEUTSCHE TELEKOM AG,,946770,DTEGY,,SEC
SEC:0001393818,Blackstone Inc.,Blackstone Inc|Blackstone Group Inc|Blackstone Group L.P.,1393818,BX,,SEC
SEC:0001035267,INTUITIVE SURGICAL INC,,1035267,ISRG,,SEC
SEC:0000109198,TJX COMPANIES INC /DE/,TJX COMPANIES INC /DE/,109198,TJX,,SEC
SEC:0001830056,Siemens Energy AG/ADR,,1830056,SMERY,,SEC
SEC:0001543151,"Uber Technologies, Inc",,1543151,UBER,,SEC
SEC:0001373715,"ServiceNow, Inc.",SERVICE-NOW.COM,1373715,NOW,,SEC
SEC:0000024741,CORNING INC /NY,,24741,GLW,,SEC
SEC:0000313838,Sony Group Corp,SONY CORP,313838,SONY,,SEC
SEC:0000217410,UNILEVER PLC,,217410,UL,,SEC
SEC:0001164727,NEWMONT Corp /DE/,NEWMONT GOLDCORP CORP /DE/|NEWMONT MINING CORP /DE/|DELTA HOLDCO CORP,1164727,NEM,,SEC
SEC:0001119639,PETROBRAS - PETROLEO BRASILEIRO SA,BRAZILIAN PETROLEUM CORP,1119639,PBR,,SEC
SEC:0000875320,VERTEX PHARMACEUTICALS INC / MA,,875320,VRTX,,SEC
SEC:0001335730,MIZUHO FINANCIAL GROUP INC,,1335730,MFG,,SEC
SEC:0001045609,"Prologis, Inc.",AMB PROPERTY CORP,1045609,PLD,,SEC
SEC:0000896159,Chubb Ltd,ACE LTD|ACE Ltd,896159,CB,,SEC
SEC:0001262039,"Fortinet, Inc.",FORTINET INC,1262039,FTNT,,SEC
SEC:0000014272,BRISTOL MYERS SQUIBB CO,,14272,BMY,,SEC
SEC:0001477333,"Cloudflare, Inc.",,1477333,NET,,SEC
SEC:0000927628,CAPITAL ONE FINANCIAL CORP,,927628,COF,,SEC
SEC:0000927971,BANK OF MONTREAL /CAN/,BANK OF MONTREAL /CAN/,927971,BMO,,SEC
SEC:0000076334,Parker-Hannifin Corp,PARKER HANNIFIN CORP,76334,PH,,SEC
SEC:0001075531,Booking Holdings Inc.,Priceline Group Inc.|PRICELINE COM INC,1075531,BKNG,,SEC
SEC:0001144967,HDFC BANK LTD,,1144967,HDB,,SEC
SEC:0000936468,LOCKHEED MARTIN CORP,LOCKHEED MARTIN CORP,936468,LMT,,SEC
SEC:0001303523,British American Tobacco p.l.c.,,1303523,BTI,,SEC
SEC:0000080661,PROGRESSIVE CORP/OH/,,80661,PGR,,SEC
SEC:0001640147,Snowflake Inc.,"Snowflake Computing, Inc.",1640147,SNOW,,SEC
SEC:0000064040,S&P Global Inc.,MCGRAW HILL FINANCIAL INC|MCGRAW-HILL COMPANIES INC|MCGRAW HILL INC,64040,SPGI,,SEC
SEC:0001122411,"ASE Technology Holding Co., Ltd.","ASE Industrial Holding Co., Ltd.|ADVANCED SEMICONDUCTOR ENGINEERING INC",1122411,ASX,,SEC
SEC:0001613103,Medtronic plc,Medtronic Ltd|Medtronic Holdings Ltd,1613103,MDT,,SEC
SEC:0000009631,BANK OF NOVA SCOTIA,BANK OF NOVA SCOTIA /,9631,BNS,,SEC
SEC:0000764180,"ALTRIA GROUP, INC.",ALTRIA GROUP INC|PHILIP MORRIS COMPANIES INC,764180,MO,,SEC
SEC:0001737806,PDD Holdings Inc.,Pinduoduo Inc.|Walnut Street Group Holding Ltd,1737806,PDD,,SEC
SEC:0001467373,Accenture plc,Accenture plc,1467373,ACN,,SEC
SEC:0001510295,Marathon Petroleum Corp,,1510295,MPC,,SEC
SEC:0000064803,CVS HEALTH Corp,CVS CAREMARK CORP|CVS/CAREMARK CORP|CVS CORP|MELVILLE CORP,64803,CVS,,SEC
SEC:0001035002,VALERO ENERGY CORP/TX,VALERO REFINING & MARKETING CO,1035002,VLO,,SEC
SEC:0001783879,"Robinhood Markets, Inc.",,1783879,HOOD,,SEC
SEC:0000313807,BP PLC,BP AMOCO PLC|BRITISH PETROLEUM CO PLC|BRITISH PETROLEUM COMPANY,313807,BP,,SEC
SEC:0000060667,LOWES COMPANIES INC,,60667,LOW,,SEC
SEC:0001751008,AppLovin Corp,,1751008,APP,,SEC
SEC:0000829224,STARBUCKS CORP,,829224,SBUX,,SEC
SEC:0000008670,AUTOMATIC DATA PROCESSING INC,,8670,ADP,,SEC
SEC:0000895728,ENBRIDGE INC,IPL ENERGY INC,895728,ENB,,SEC
SEC:0000831259,FREEPORT-MCMORAN INC,FREEPORT MCMORAN COPPER & GOLD INC,831259,FCX,,SEC
SEC:0000310764,STRYKER CORP,,310764,SYK,,SEC
SEC:0001101239,EQUINIX INC,,1101239,EQIX,,SEC
SEC:0001534701,Phillips 66,,1534701,PSX,,SEC
SEC:0001045520,CANADIAN IMPERIAL BANK OF COMMERCE /CAN/,,1045520,CM,,SEC
SEC:0000927653,MCKESSON CORP,MCKESSON HBOC INC,927653,MCK,,SEC
SEC:0001039765,ING GROEP NV,,1039765,ING,,SEC
SEC:0001390777,Bank of New York Mellon Corp,,1390777,BNY,,SEC
SEC:0001639920,Spotify Technology S.A.,,1639920,SPOT,,SEC
SEC:0000002809,AGNICO EAGLE MINES LTD,,2809,AEM,,SEC
SEC:0001121404,Sanofi,SANOFI-AVENTIS|SANOFI SYNTHELABO SA,1121404,SNY,,SEC
SEC:0001131399,GSK plc,GLAXOSMITHKLINE PLC,1131399,GSK,,SEC
SEC:0001103838,ICICI BANK LTD,,1103838,IBN,,SEC
SEC:0001169486,"TOKIO MARINE HOLDINGS, INC.",MILLEA HOLDINGS INC,1169486,TKOMY,,SEC
SEC:0001140625,EQUINOR ASA,STATOIL ASA|STATOILHYDRO ASA,1140625,EQNR,,SEC
SEC:0001017413,CANADIAN NATURAL RESOURCES Ltd,,1017413,CNQ,,SEC
SEC:0000092122,SOUTHERN CO,SOUTHERN CO,92122,SO,,SEC
SEC:0001674101,Vertiv Holdings Co,GS Acquisition Holdings Corp,1674101,VRT,,SEC
SEC:0001050915,"QUANTA SERVICES, INC.",QUANTA SERVICES INC,1050915,PWR,,SEC
SEC:0001156375,CME GROUP INC.,CHICAGO MERCANTILE EXCHANGE HOLDINGS INC,1156375,CME,,SEC
SEC:0001559720,"Airbnb, Inc.","Airbnb, Inc.",1559720,ABNB,,SEC
SEC:0001466258,Trane Technologies plc,Ingersoll-Rand plc,1466258,TT,,SEC
SEC:0000860730,"HCA Healthcare, Inc.","HCA Holdings, Inc.|HCA INC/TN|HCA THE HEALTHCARE CO|HCA-THE HEALTHCARE CO|COLUMBIA HCA HEALTHCARE CORP|COLUMBIA HCA HEALTHCARE CORP/|COLUMBIA HEALTHCARE CORP",860730,HCA,,SEC
SEC:0000796343,ADOBE INC.,ADOBE SYSTEMS INC,796343,ADBE,,SEC
SEC:0001868275,Constellation Energy Corp,"Constellation Newholdco, Inc.",1868275,CEG,,SEC
SEC:0002039784,"Midea Group Co., Ltd./ADR",,2039784,MGCLY,,SEC
SEC:0000040533,GENERAL DYNAMICS CORP,,40533,GD,,SEC
SEC:0001132597,Itau Unibanco Holding S.A.,Itau Unibanco Banco Multiplo S.A.|BANCO ITAU HOLDING FINANCEIRA S A|BANCO ITAU SA,1132597,ITUB,,SEC
SEC:0000036104,US BANCORP \DE\,FIRST BANK SYSTEM INC,36104,USB,,SEC
SEC:0001099590,MERCADOLIBRE INC,,1099590,MELI,,SEC
SEC:0001404912,KKR & Co. Inc.,KKR & Co. L.P.,1404912,KKR,,SEC
SEC:0000713676,"PNC FINANCIAL SERVICES GROUP, INC.",PNC FINANCIAL SERVICES GROUP INC|PNC BANK CORP,713676,PNC,,SEC
SEC:0001326160,Duke Energy CORP,Duke Energy Holding Corp.|Deer Holding Corp.,1326160,DUK,,SEC
SEC:0001048286,MARRIOTT INTERNATIONAL INC /MD/,MARRIOTT INTERNATIONAL INC /MD/|NEW MARRIOTT MI INC,1048286,MAR,,SEC
SEC:0000004281,Howmet Aerospace Inc.,Arconic Inc.|ALCOA INC.|ALCOA INC|ALUMINUM CO OF AMERICA,4281,HWM,,SEC
SEC:0001107457,INFINEON TECHNOLOGIES AG,,1107457,IFNNY,,SEC
SEC:0001561550,"Datadog, Inc.",,1561550,DDOG,,SEC
SEC:0000833444,Johnson Controls International plc,TYCO INTERNATIONAL plc|TYCO INTERNATIONAL LTD|TYCO INTERNATIONAL LTD /BER/|ADT LIMITED,833444,JCI,,SEC
SEC:0000865752,Monster Beverage Corp,HANSEN NATURAL CORP,865752,MNST,,SEC
SEC:0001156039,"Elevance Health, Inc.","Anthem, Inc.|WELLPOINT, INC|WELLPOINT INC|ANTHEM INC",1156039,ELV,,SEC
SEC:0000107263,"WILLIAMS COMPANIES, INC.",WILLIAMS COMPANIES INC,107263,WMB,,SEC
SEC:0002098326,"Sany Heavy Industries Co., Ltd./ADR",,2098326,SNHIY,,SEC
SEC:0000066740,3M CO,MINNESOTA MINING & MANUFACTURING CO,66740,MMM,,SEC
SEC:0000032604,EMERSON ELECTRIC CO,,32604,EMR,,SEC
SEC:0001571949,"Intercontinental Exchange, Inc.","IntercontinentalExchange Group, Inc.",1571949,ICE,,SEC
SEC:0000277948,CSX CORP,,277948,CSX,,SEC
SEC:0001001085,BROOKFIELD Corp /ON/,BROOKFIELD ASSET MANAGEMENT INC.|BRASCAN CORP/|EDPERBRASCAN CORP,1001085,BN,,SEC
SEC:0001633978,Lumentum Holdings Inc.,,1633978,LITE,,SEC
SEC:0001160106,Lloyds Banking Group plc,LLOYDS TSB GROUP PLC,1160106,LYG,,SEC
SEC:0001792789,"DoorDash, Inc.","DoorDash, Inc.|DoorDash Inc",1792789,DASH,,SEC
SEC:0000312069,BARCLAYS PLC,,312069,BCS,,SEC
SEC:0000872589,"REGENERON PHARMACEUTICALS, INC.",REGENERON PHARMACEUTICALS INC,872589,REGN,,SEC
SEC:0000813672,CADENCE DESIGN SYSTEMS INC,,813672,CDNS,,SEC
SEC:0000823768,WASTE MANAGEMENT INC,USA WASTE SERVICES INC,823768,WM,,SEC
SEC:0001061219,ENTERPRISE PRODUCTS PARTNERS L.P.,ENTERPRISE PRODUCTS PARTNERS L P|ENTERPRISES PRODUCTS PARTNERS L P,1061219,EPD,,SEC
SEC:0001053507,AMERICAN TOWER CORP /MA/,AMERICAN TOWER SYSTEMS CORP,1053507,AMT,,SEC
SEC:0001664703,Bloom Energy Corp,,1664703,BE,,SEC
SEC:0001645590,Hewlett Packard Enterprise Co,,1645590,HPE,,SEC
SEC:0001090727,UNITED PARCEL SERVICE INC,,1090727,UPS,,SEC
SEC:0001059556,MOODYS CORP /DE/,DUN & BRADSTREET CORP /DE/|NEW DUN & BRADSTREET CORP,1059556,MCO,,SEC
SEC:0000062709,"MARSH & MCLENNAN COMPANIES, INC.",MARSH & MCLENNAN COMPANIES INC,62709,MRSH,,SEC
SEC:0001166691,COMCAST CORP,AT&T COMCAST CORP,1166691,CMCSA,,SEC
SEC:0000089800,SHERWIN WILLIAMS CO,,89800,SHW,,SEC
SEC:0000311337,SUNCOR ENERGY INC,SUNCOR ENERGY INC.,311337,SU,,SEC
SEC:0000723254,CINTAS CORP,,723254,CTAS,,SEC
SEC:0000883241,SYNOPSYS INC,,883241,SNPS,,SEC
SEC:0001063761,SIMON PROPERTY GROUP INC.,SIMON PROPERTY GROUP INC /DE/|CORPORATE PROPERTY INVESTORS INC,1063761,SPG,,SEC
SEC:0000895564,BAE SYSTEMS PLC /FI/,BRITISH AEROSPACE PUBLIC LTD CO /FI/,895564,BAESY,,SEC
SEC:0001103982,"Mondelez International, Inc.",KRAFT FOODS INC,1103982,MDLZ,,SEC
SEC:0000087347,SLB LIMITED/NV,SCHLUMBERGER LIMITED/NV|SCHLUMBERGER LTD /NV/|SCHLUMBERGER LTD /NY/,87347,SLB,,SEC
SEC:0001004315,NATIONAL GRID PLC,NATIONAL GRID TRANSCO PLC|NATIONAL GRID GROUP PLC,1004315,NGG,,SEC
SEC:0000016875,CANADIAN PACIFIC KANSAS CITY LTD/CN,CANADIAN PACIFIC RAILWAY LTD/CN|CANADIAN PACIFIC RAILWAY CO/CN,16875,CP,,SEC
SEC:0000896878,INTUIT INC.,INTUIT INC,896878,INTU,,SEC
SEC:0000031462,ECOLAB INC.,ECOLAB INC,31462,ECL,,SEC
SEC:0001437107,"Warner Bros. Discovery, Inc.","Discovery, Inc.|Discovery Communications, Inc.",1437107,WBD,,SEC
SEC:0001002242,ENI SPA,,1002242,E,,SEC
SEC:0000049826,ILLINOIS TOOL WORKS INC,,49826,ITW,,SEC
SEC:0000068505,"Motorola Solutions, Inc.",MOTOROLA INC,68505,MSI,,SEC
SEC:0001110646,"NetEase, Inc.","NETEASE.COM, INC.|NETEASE COM INC",1110646,NTES,,SEC
SEC:0001467858,General Motors Co,,1467858,GM,,SEC
SEC:0000086312,"TRAVELERS COMPANIES, INC.",ST PAUL TRAVELERS COMPANIES INC|ST PAUL COMPANIES INC /MN/|ST PAUL FIRE & MARINE INSURANCE CO/MD,86312,TRV,,SEC
SEC:0000745732,"ROSS STORES, INC.",ROSS STORES INC,745732,ROST,,SEC
SEC:0001937926,Brookfield Asset Management Ltd.,,1937926,BAM,,SEC
SEC:0000844150,NatWest Group plc,ROYAL BANK OF SCOTLAND GROUP PLC,844150,NWG,,SEC
SEC:0001858681,"Apollo Global Management, Inc.","Tango Holdings, Inc.",1858681,APO,,SEC
SEC:0000821189,EOG RESOURCES INC,ENRON OIL & GAS CO,821189,EOG,,SEC
SEC:0001086888,MANULIFE FINANCIAL CORP,,1086888,MFC,,SEC
SEC:0001690820,CARVANA CO.,,1690820,CVNA,,SEC
SEC:0001682852,"Moderna, Inc.","Moderna Therapeutics, Inc.",1682852,MRNA,,SEC
SEC:0001739940,Cigna Group,"Cigna Corp|Halfmoon Parent, Inc.",1739940,CI,,SEC
SEC:0000027419,TARGET CORP,DAYTON HUDSON CORP,27419,TGT,,SEC
SEC:0001648416,Ferrari N.V.,NEW BUSINESS NETHERLANDS N.V.,1648416,RACE,,SEC
SEC:0001133421,NORTHROP GRUMMAN CORP /DE/,NNG INC,1133421,NOC,,SEC
SEC:0000756894,BARRICK MINING CORP,BARRICK GOLD CORP,756894,B,,SEC
SEC:0000016868,CANADIAN NATIONAL RAILWAY CO,,16868,CNI,,SEC
SEC:0000026172,CUMMINS INC,CUMMINS ENGINE CO INC,26172,CMI,,SEC
SEC:0001276187,Energy Transfer LP,"Energy Transfer Equity, L.P.|LAGRANGE ENERGY LP",1276187,ET,,SEC
SEC:0001159508,DEUTSCHE BANK AKTIENGESELLSCHAFT,,1159508,DB,,SEC
SEC:0000702165,NORFOLK SOUTHERN CORP,,702165,NSC,,SEC
SEC:0001297996,"DIGITAL REALTY TRUST, INC.",,1297996,DLR,,SEC
SEC:0001048911,FEDEX CORP,FDX CORP,1048911,FDX,,SEC
SEC:0000898173,O REILLY AUTOMOTIVE INC,OREILLY AUTOMOTIVE INC,898173,ORLY,,SEC
SEC:0001506307,"KINDER MORGAN, INC.",Kinder Morgan Holdco LLC,1506307,KMI,,SEC
SEC:0001585689,Hilton Worldwide Holdings Inc.,,1585689,HLT,,SEC
SEC:0001323404,Wheaton Precious Metals Corp.,Silver Wheaton Corp.,1323404,WPM,,SEC
SEC:0000021665,COLGATE PALMOLIVE CO,COLGATE PALMOLIVE CO,21665,CL,,SEC
SEC:0001691493,Nu Holdings Ltd.,,1691493,NU,,SEC
SEC:0001280452,"MONOLITHIC POWER SYSTEMS, INC.",MONOLITHIC POWER SYSTEMS INC,1280452,MPWR,,SEC
SEC:0001050446,Strategy Inc,MICROSTRATEGY INC|MICROSTRATEGY Inc,1050446,MSTR,,SEC
SEC:0000773840,HONEYWELL INTERNATIONAL INC,ALLIEDSIGNAL INC|ALLIED SIGNAL INC,773840,HON,,SEC
SEC:0001129137,AMERICA MOVIL SAB DE CV/,AMERICA MOVIL SA DE CV/|AMERICA MOVIL SA DE CV,1129137,AMX,,SEC
SEC:0001060391,"REPUBLIC SERVICES, INC.",REPUBLIC SERVICES INC,1060391,RSG,,SEC
SEC:0000004904,AMERICAN ELECTRIC POWER CO INC,AMERICAN ELECTRIC POWER COMPANY INC,4904,AEP,,SEC
SEC:0001067701,"UNITED RENTALS, INC.",UNITED RENTALS INC /DE,1067701,URI,,SEC
SEC:0000885725,BOSTON SCIENTIFIC CORP,,885725,BSX,,SEC
SEC:0001033767,UNITED MICROELECTRONICS CORP,,1033767,UMC,,SEC
SEC:0001513845,Nebius Group N.V.,Yandex N.V.,1513845,NBIS,,SEC
SEC:0000002969,"Air Products & Chemicals, Inc.",AIR PRODUCTS & CHEMICALS INC /DE/,2969,APD,,SEC
SEC:0001703399,Sea Ltd,Sea Ltd,1703399,SE,,SEC
SEC:0001736297,"Astera Labs, Inc.",,1736297,ALAB,,SEC
SEC:0000884887,ROYAL CARIBBEAN CRUISES LTD,,884887,RCL,,SEC
SEC:0000097210,"TERADYNE, INC",TERADYNE INC,97210,TER,,SEC
SEC:0001274152,CSL LTD,,1274152,CSLLY,,SEC
SEC:0001385157,TE Connectivity plc,TE Connectivity Ltd.|Tyco Electronics Ltd.,1385157,TEL,,SEC
SEC:0001389170,Targa Resources Corp.,Targa Resources Corp.|Targa Resources Investments Inc.,1389170,TRGP,,SEC
SEC:0001099219,METLIFE INC,,1099219,MET,,SEC
SEC:0001260221,TransDigm Group INC,TD HOLDING CORP,1260221,TDG,,SEC
SEC:0001395064,TAKEDA PHARMACEUTICAL CO LTD,,1395064,TAK,,SEC
SEC:0000315293,Aon plc,AON CORP,315293,AON,,SEC
SEC:0001697862,ARGENX SE,argenx N.V,1697862,ARGX,,SEC
SEC:0000924613,NOKIA CORP,,924613,NOK,,SEC
SEC:0000917851,Vale S.A.,Vale S.A.|Companhia Vale do Rio Doce|VALLEY OF THE RIO DOCE CO|VALLEY OF THE DOCE RIVER CO,917851,VALE,,SEC
SEC:0000820318,COHERENT CORP.,II-VI INC,820318,COHR,,SEC
SEC:0001140859,"Cencora, Inc.",AMERISOURCEBERGEN CORP|AMERISOURCE BERGEN CORP,1140859,COR,,SEC
SEC:0001552000,MPLX LP,,1552000,MPLX,,SEC
SEC:0000277135,"W.W. GRAINGER, INC.",GRAINGER W W INC,277135,GWW,,SEC
SEC:0000075362,PACCAR INC,,75362,PCAR,,SEC
SEC:0001413447,NXP Semiconductors N.V.,KASLION Acquisition B.V.,1413447,NXPI,,SEC
SEC:0000850918,GREAT-WEST LIFECO INC.,GREAT WEST LIFECO INC,850918,GWLIF,,SEC
SEC:0001601046,"Keysight Technologies, Inc.",,1601046,KEYS,,SEC
SEC:0000354190,Arthur J. Gallagher & Co.,GALLAGHER ARTHUR J & CO,354190,AJG,,SEC
SEC:0000092230,TRUIST FINANCIAL CORP,BB&T CORP|SOUTHERN NATIONAL CORP /NC/,92230,TFC,,SEC
SEC:0000849395,CRH PUBLIC LTD CO,,849395,CRH,,SEC
SEC:0001475260,CENOVUS ENERGY INC.,,1475260,CVE,,SEC
SEC:0000899051,ALLSTATE CORP,,899051,ALL,,SEC
SEC:0000004977,AFLAC INC,,4977,AFL,,SEC
SEC:0001039684,ONEOK INC /NEW/,ONEOK INC /NEW/|WAI INC,1039684,OKE,,SEC
SEC:0000929869,RELX PLC,REED ELSEVIER PLC|REED ELSEVIER NV|REED INTERNATIONAL PLC,929869,RELX,,SEC
SEC:0000815556,FASTENAL CO,FASTENAL COMPANY,815556,FAST,,SEC
SEC:0001035983,COMFORT SYSTEMS USA INC,COMFORT SYSTEMS USA INC,1035983,FIX,,SEC
SEC:0000797468,OCCIDENTAL PETROLEUM CORP /DE/,,797468,OXY,,SEC
SEC:0001701605,Baker Hughes Co,"Baker Hughes a GE Co|Bear Newco, Inc.",1701605,BKR,,SEC
SEC:0000003570,"Cheniere Energy, Inc.",CHENIERE ENERGY INC|BEXY COMMUNICATIONS INC,3570,LNG,,SEC
SEC:0001604821,"Natera, Inc.","Natera, Inc.",1604821,NTRA,,SEC
SEC:0001037868,AMETEK INC/,,1037868,AME,,SEC
SEC:0000073309,NUCOR CORP,,73309,NUE,,SEC
SEC:0001243429,ArcelorMittal,ARCELOR,1243429,MT,,SEC
SEC:0000715957,"DOMINION ENERGY, INC",DOMINION ENERGY INC /VA/|DOMINION RESOURCES INC /VA/,715957,D,,SEC
SEC:0000027904,"DELTA AIR LINES, INC.",DELTA AIR LINES INC /DE/,27904,DAL,,SEC
SEC:0001121788,GARMIN LTD,,1121788,GRMN,,SEC
SEC:0001393311,Public Storage,,1393311,PSA,,SEC
SEC:0001755672,"Corteva, Inc.",,1755672,CTVA,,SEC
SEC:0000726728,REALTY INCOME CORP,,726728,O,,SEC
SEC:0000320187,"NIKE, Inc.",NIKE INC,320187,NKE,,SEC
SEC:0001679788,"Coinbase Global, Inc.",,1679788,COIN,,SEC
SEC:0002089271,Honeywell Aerospace Inc.,Honeywell Aerospace LLC,2089271,HONA,,SEC
SEC:0001032208,SEMPRA,SEMPRA ENERGY|MINERAL ENERGY CO,1032208,SRE,,SEC
SEC:0001120193,"NASDAQ, INC.","NASDAQ OMX GROUP, INC.|NASDAQ STOCK MARKET INC",1120193,NDAQ,,SEC
SEC:0000936395,CIENA CORP,,936395,CIEN,,SEC
SEC:0001842726,London Stock Exchange Group plc,,1842726,LSEGY,,SEC
SEC:0001973832,AngloGold Ashanti PLC,AngloGold Ashanti (UK) Ltd,1973832,AU,,SEC
SEC:0001136808,E.ON SE,E ON AG,1136808,EONGY,,SEC
SEC:0000037996,FORD MOTOR CO,,37996,F,,SEC
SEC:0001539838,"Diamondback Energy, Inc.","Diamondback Energy, Inc.",1539838,FANG,,SEC
SEC:0001090012,DEVON ENERGY CORP/DE,DEVON ENERGY CORP|DEVON DELAWARE CORP,1090012,DVN,,SEC
SEC:0000721371,CARDINAL HEALTH INC,CARDINAL HEALTH INC|CARDINAL DISTRIBUTION INC,721371,CAH,,SEC
SEC:0001456346,FRANCO NEVADA Corp,,1456346,FNV,,SEC
SEC:0001099800,Edwards Lifesciences Corp,CVG CONTROLLED INC,1099800,EW,,SEC
SEC:0002021728,Cerebras Systems Inc.,,2021728,CBRS,,SEC
SEC:0000010795,BECTON DICKINSON & CO,,10795,BDX,,SEC
SEC:0000093751,STATE STREET CORP,STATE STREET CORP|STATE STREET Corp|STATE STREET BOSTON CORP,93751,STT,,SEC
SEC:0001065088,EBAY INC,,1065088,EBAY,,SEC
SEC:0000943452,WESTINGHOUSE AIR BRAKE TECHNOLOGIES CORP,WABTEC CORP|WESTINGHOUSE AIR BRAKE CO /DE/,943452,WAB,,SEC
SEC:0000835403,DIAGEO PLC,,835403,DEO,,SEC
SEC:0000065984,ENTERGY CORP /DE/,ENTERGY CORP/FL,65984,ETR,,SEC
SEC:0000906107,VIVMARK RESIDENTIAL,EQUITY RESIDENTIAL|EQUITY RESIDENTIAL PROPERTIES TRUST,906107,VMRK,,SEC
SEC:0001769628,"CoreWeave, Inc.",Atlantic Crypto Corp,1769628,CRWV,,SEC
SEC:0001650372,Atlassian Corp,Atlassian Corp Plc,1650372,TEAM,,SEC
SEC:0000035527,FIFTH THIRD BANCORP,,35527,FITB,,SEC
SEC:0000932787,STMicroelectronics N.V.,STMICROELECTRONICS NV|SGS THOMSON MICROELECTRONICS NV,932787,STM,,SEC
SEC:0001024478,"ROCKWELL AUTOMATION, INC",ROCKWELL AUTOMATION INC|ROCKWELL  AUTOMATION INC|ROCKWELL INTERNATIONAL CORP|NEW ROCKWELL INTERNATIONAL CORP,1024478,ROK,,SEC
SEC:0001692819,Vistra Corp.,Vistra Energy Corp.|Vistra Energy Corp,1692819,VST,,SEC
SEC:0001090872,"AGILENT TECHNOLOGIES, INC.",AGILENT TECHNOLOGIES INC,1090872,A,,SEC
SEC:0001565025,AMBEV S.A.,InBev Corporate Holdings Inc.,1565025,ABEV,,SEC
SEC:0002021390,Galderma Group AG/ADR,,2021390,GALDY,,SEC
SEC:0001512673,"Block, Inc.","Square, Inc.",1512673,XYZ,,SEC
SEC:0001819994,Rocket Lab Corp,"Rocket Lab USA, Inc.|Vector Acquisition Corp",1819994,RKLB,,SEC
SEC:0000818686,TEVA PHARMACEUTICAL INDUSTRIES LTD,TEVA PHARMACEUTICAL INDUSTRIES LIMITED,818686,TEVA,,SEC
SEC:0002046386,Medline Inc.,,2046386,MDLN,,SEC
SEC:0000769397,"Autodesk, Inc.",AUTODESK INC,769397,ADSK,,SEC
SEC:0001327811,"Workday, Inc.",Workday Inc|North Tahoe Power Tools Inc,1327811,WDAY,,SEC
SEC:0000820027,AMERIPRISE FINANCIAL INC,AMERICAN EXPRESS FINANCIAL CORP|AMERICAN EXPRESS FINANCIAL ADVISORS|IDS FINANCIAL CORP/MN/,820027,AMP,,SEC
SEC:0001783180,CARRIER GLOBAL Corp,,1783180,CARR,,SEC
SEC:0002018139,Toyota Tsusho Corporation/ADR,,2018139,TYHOY,,SEC
SEC:0001633917,"PayPal Holdings, Inc.",,1633917,PYPL,,SEC
SEC:0001445930,KB Financial Group Inc.,,1445930,KB,,SEC
SEC:0001650107,COCA-COLA EUROPACIFIC PARTNERS plc,COCA-COLA EUROPEAN PARTNERS plc|COCA-COLA EUROPEAN PARTNERS LTD|Spark Orange Ltd,1650107,CCEP,,SEC
SEC:0001097362,SUN LIFE FINANCIAL INC,SUN LIFE FINANCIAL SERVICES INC|SUN LIFE FINANCIAL SERVICES OF CANADA INC,1097362,SLF,,SEC
SEC:0000072903,XCEL ENERGY INC,NORTHERN STATES POWER CO /MN/,72903,XEL,,SEC
SEC:0000202058,"L3HARRIS TECHNOLOGIES, INC. /DE/",HARRIS CORP /DE/,202058,LHX,,SEC
SEC:0000049071,HUMANA INC,,49071,HUM,,SEC
SEC:0001030894,CELESTICA INC,,1030894,CLS,,SEC
SEC:0001478242,IQVIA HOLDINGS INC.,"Quintiles IMS Holdings, Inc.|Quintiles Transnational Holdings Inc.",1478242,IQV,,SEC
SEC:0000740260,"Ventas, Inc.",VENTAS INC|VENCOR INC,740260,VTR,,SEC
SEC:0001471055,Banco Santander (Brasil) S.A.,,1471055,BSBR,,SEC
SEC:0001067491,Infosys Ltd,INFOSYS TECHNOLOGIES LTD,1067491,INFY,,SEC
SEC:0001447669,TWILIO INC,,1447669,TWLO,,SEC
SEC:0000046619,HEICO CORP,,46619,HEI,,SEC
SEC:0001109357,EXELON CORP,,1109357,EXC,,SEC
SEC:0001420798,RECKITT BENCKISER GROUP PLC,,1420798,RBGLY,,SEC
SEC:0002011641,Ferguson Enterprises Inc. /DE/,,2011641,FERG,,SEC
SEC:0001393052,VEEVA SYSTEMS INC,VERTICALS ONDEMAND INC,1393052,VEEV,,SEC
SEC:0001418135,Keurig Dr Pepper Inc.,"Dr Pepper Snapple Group, Inc.|CSAB Inc.",1418135,KDP,,SEC
SEC:0000095227,SUMITOMO ELECTRIC INDUSTRIES LTD/ADR/,,95227,SMTOY,,SEC
SEC:0000715153,HONDA MOTOR CO LTD,,715153,HMC,,SEC
SEC:0001000697,WATERS CORP /DE/,,1000697,WAT,,SEC
SEC:0000866374,FLEX LTD.,FLEXTRONICS INTERNATIONAL LTD.|FLEXTRONICS INTERNATIONAL LTD,866374,FLEX,,SEC
SEC:0001058090,CHIPOTLE MEXICAN GRILL INC,,1058090,CMG,,SEC
SEC:0001176948,Ares Management Corp,ARES MANAGEMENT LP,1176948,ARES,,SEC
SEC:0001651308,BeOne Medicines Ltd.,"BeiGene, Ltd.",1651308,ONC,,SEC
SEC:0001061736,MEXICAN ECONOMIC DEVELOPMENT INC,,1061736,FMX,,SEC
SEC:0001628171,"Revolution Medicines, Inc.",,1628171,RVMD,,SEC
SEC:0001070304,ORIX CORP,,1070304,IX,,SEC
SEC:0001075124,THOMSON REUTERS CORP /CAN/,THOMSON CORP /CAN/,1075124,TRI,,SEC
SEC:0001009001,CAMECO CORP,,1009001,CCJ,,SEC
SEC:0000874716,IDEXX LABORATORIES INC /DE,,874716,IDXX,,SEC
SEC:0000827054,MICROCHIP TECHNOLOGY INC,,827054,MCHP,,SEC
SEC:0001069336,SWISSCOM AG,,1069336,SCMWY,,SEC
SEC:0001446250,Bayerische Motoren Werke AG/ADR,Bayerische Motoren Werke AG,1446250,BMWKY,,SEC
SEC:0001138118,"CBRE GROUP, INC.",CB RICHARD ELLIS GROUP INC|CB RICHARD ELLIS SERVICES INC|CBRE HOLDING INC,1138118,CBRE,,SEC
SEC:0001900304,Haleon plc,DRVW 2022 Ltd,1900304,HLN,,SEC
SEC:0000723531,PAYCHEX INC,,723531,PAYX,,SEC
SEC:0002065485,JX Advanced Metals Corporation/ADR,,2065485,JXAMY,,SEC
SEC:0001137774,PRUDENTIAL FINANCIAL INC,,1137774,PRU,,SEC
SEC:0001468522,Ferrovial N.V.,"Ferrovial SE|Ferrovial, S.A.|Cintra Concesiones de Infraestructuras de Transporte, S.A.",1468522,FER,,SEC
SEC:0000007084,Archer-Daniels-Midland Co,Archer-Daniels-Midland Co|ARCHER DANIELS MIDLAND CO,7084,ADM,,SEC
SEC:0000882184,HORTON D R INC /DE/,,882184,DHI,,SEC
SEC:0001408198,MSCI Inc.,,1408198,MSCI,,SEC
SEC:0001335258,"Live Nation Entertainment, Inc.","Live Nation, Inc.|CCE Spinco, Inc.",1335258,LYV,,SEC
SEC:0000005272,"AMERICAN INTERNATIONAL GROUP, INC.",AMERICAN INTERNATIONAL GROUP INC,5272,AIG,,SEC
SEC:0001318220,"Waste Connections, Inc.",Progressive Waste Solutions Ltd.|IESI-BFC Ltd|BFI Canada Ltd|BFI Canada Income Fund,1318220,WCN,,SEC
SEC:0001004980,PG&E Corp,PG&E CORP|PG&E Corp|PG&E PARENT CO INC,1004980,PCG,,SEC
SEC:0001263043,SHINHAN FINANCIAL GROUP CO LTD,,1263043,SHG,,SEC
SEC:0000946581,TAKE TWO INTERACTIVE SOFTWARE INC,,946581,TTWO,,SEC
SEC:0000839923,VODAFONE GROUP PUBLIC LTD CO,VODAFONE AIRTOUCH PUBLIC LIMITED CO|VODAFONE GROUP PUBLIC LIMITED CO|VODAFONE GROUP PUBLIC LIMITED COMPANY,839923,VOD,,SEC
SEC:0001047862,CONSOLIDATED EDISON INC,,1047862,ED,,SEC
SEC:0002071868,"Jiangsu Hengrui Pharmaceuticals Co., Ltd./ADR",,2071868,JHPCY,,SEC
SEC:0001041061,YUM BRANDS INC,TRICON GLOBAL RESTAURANTS INC,1041061,YUM,,SEC
SEC:0001172724,GOLD FIELDS LTD,GOLD FIELD LTD,1172724,GFI,,SEC
SEC:0001002047,"NetApp, Inc.",NETWORK APPLIANCE INC,1002047,NTAP,,SEC
SEC:0001160330,BANK BRADESCO,BANK BRADESCO,1160330,BBD,,SEC
SEC:0000096021,SYSCO CORP,,96021,SYY,,SEC
SEC:0000100517,"United Airlines Holdings, Inc.","United Continental Holdings, Inc.|UAL CORP /DE/",100517,UAL,,SEC
SEC:0001110803,"ILLUMINA, INC.",ILLUMINA INC,1110803,ILMN,,SEC
SEC:0001069183,"AXON ENTERPRISE, INC.",TASER INTERNATIONAL INC,1069183,AXON,,SEC
SEC:0001549802,"JD.com, Inc.",,1549802,JD,,SEC
SEC:0001474432,"Everpure, Inc.","PURE Storage, Inc.|Pure Storage, Inc.|Os76, Inc.",1474432,P,,SEC
SEC:0001745201,Viking Holdings Ltd,,1745201,VIK,,SEC
SEC:0000878927,"OLD DOMINION FREIGHT LINE, INC.",OLD DOMINION FREIGHT LINE INC/VA,878927,ODFL,,SEC
SEC:0001725964,Nutrien Ltd.,,1725964,NTR,,SEC
SEC:0000882835,ROPER TECHNOLOGIES INC,ROPER TECHNOLOGIES INC|ROPER INDUSTRIES INC|ROPER INDUSTRIES INC /DE/,882835,ROP,,SEC
SEC:0001315098,Roblox Corp,,1315098,RBLX,,SEC
SEC:0001807794,Credo Technology Group Holding Ltd,,1807794,CRDO,,SEC
SEC:0001001250,ESTEE LAUDER COMPANIES INC,,1001250,EL,,SEC
SEC:0001132924,CHUNGHWA TELECOM CO LTD,,1132924,CHT,,SEC
SEC:0001805284,"Rocket Companies, Inc.",,1805284,RKT,,SEC
SEC:0001973266,"TKO Group Holdings, Inc.",New Whale Inc.,1973266,TKO,,SEC
SEC:0000916076,MARTIN MARIETTA MATERIALS INC,,916076,MLM,,SEC
SEC:0001441816,"MongoDB, Inc.",10GEN INC,1441816,MDB,,SEC
SEC:0001447391,RESONA HOLDINGS INC,,1447391,RSHGY,,SEC
SEC:0001020569,IRON MOUNTAIN INC,IRON MOUNTAIN INC/PA|PIERCE LEAHY CORP,1020569,IRM,,SEC
SEC:0000874766,"HARTFORD INSURANCE GROUP, INC.","HARTFORD INSURANCE GROUP, INC.|HARTFORD FINANCIAL SERVICES GROUP, INC.|HARTFORD FINANCIAL SERVICES GROUP INC/DE|ITT HARTFORD GROUP INC /DE",874766,HIG,,SEC
SEC:0001511737,Ubiquiti Inc.,"Ubiquiti Networks, Inc.",1511737,UI,,SEC
SEC:0001027664,ELBIT SYSTEMS LTD,,1027664,ESLT,,SEC
SEC:0001444406,ECOPETROL S.A.,,1444406,EC,,SEC
SEC:0000056873,KROGER CO,,56873,KR,,SEC
SEC:0000788784,PUBLIC SERVICE ENTERPRISE GROUP INC,,788784,PEG,,SEC
SEC:0002073893,Dollarama Inc./ADR,,2073893,DLMAY,,SEC
SEC:0001660134,"Okta, Inc.",,1660134,OKTA,,SEC
SEC:0001944048,Kenvue Inc.,"JNTL, Inc.",1944048,KVUE,,SEC
SEC:0001713683,"Zscaler, Inc.",,1713683,ZS,,SEC
SEC:0001093557,DEXCOM INC,,1093557,DXCM,,SEC
SEC:0000886986,TECK RESOURCES LTD,TECK COMINCO LTD|TECK CORP,886986,TECK,,SEC
SEC:0001178670,"ALNYLAM PHARMACEUTICALS, INC.",ALNYLAM PHARMACEUTICALS INC,1178670,ALNY,,SEC
SEC:0000701818,KINROSS GOLD CORP,,701818,KGC,,SEC
SEC:0001802768,Royalty Pharma plc,,1802768,RPRX,,SEC
SEC:0000047111,HERSHEY CO,HERSHEY FOODS CORP,47111,HSY,,SEC
SEC:0000783325,"WEC ENERGY GROUP, INC.",WISCONSIN ENERGY CORP,783325,WEC,,SEC
SEC:0001022671,STEEL DYNAMICS INC,STEEL DYNAMICS INC,1022671,STLD,,SEC
SEC:0000875045,BIOGEN INC.,BIOGEN IDEC INC.|BIOGEN IDEC INC|IDEC PHARMACEUTICALS CORP / DE|IDEC PHARMACEUTICALS CORP / CA,875045,BIIB,,SEC
SEC:0000915191,FAIRFAX FINANCIAL HOLDINGS LTD/ CAN,FAIRFAX FINANCIAL HOLDINGS INC|FAIRFAX FINANCIAL HOLDINGS LTD,915191,FRFHF,,SEC
SEC:0000105634,"EMCOR Group, Inc.",EMCOR GROUP INC|JWP INC/DE/,105634,EME,,SEC
SEC:0001618756,Restaurant Brands International Inc.,9060669 Canada Inc.|1011773 B.C. Unlimited Liability Co,1618756,QSR,,SEC
SEC:0000055785,KIMBERLY CLARK CORP,,55785,KMB,,SEC
SEC:0001469059,Capitec Limited/ADR,Capitec Bank Holdings Ltd / ADR,1469059,CKHGF,,SEC
SEC:0002007855,"Venture Global, Inc.",,2007855,VG,,SEC
SEC:0000947484,ARCH CAPITAL GROUP LTD.,ARCH CAPITAL GROUP LTD|RISK CAPITAL HOLDINGS INC,947484,ACGL,,SEC
SEC:0000036270,M&T BANK CORP,FIRST EMPIRE STATE CORP,36270,MTB,,SEC
SEC:0000943819,RESMED INC,,943819,RMD,,SEC
SEC:0001324424,"Expedia Group, Inc.","Expedia, Inc.",1324424,EXPE,,SEC
SEC:0000898293,JABIL INC,JABIL CIRCUIT INC,898293,JBL,,SEC
SEC:0000717826,ERICSSON LM TELEPHONE CO,,717826,ERIC,,SEC
SEC:0000033213,EQT Corp,EQUITABLE RESOURCES INC /PA/,33213,EQT,,SEC
SEC:0000073124,NORTHERN TRUST CORP,,73124,NTRS,,SEC
SEC:0001396009,Vulcan Materials CO,"Virginia Holdco, Inc.",1396009,VMC,,SEC
SEC:0001116578,PRUDENTIAL PLC,,1116578,PUK,,SEC
SEC:0001383650,"Cheniere Energy Partners, L.P.",,1383650,CQP,,SEC
SEC:0001051470,CROWN CASTLE INC.,CROWN CASTLE INTERNATIONAL CORP,1051470,CCI,,SEC
SEC:0000049196,HUNTINGTON BANCSHARES INC /MD/,HUNTINGTON BANCSHARES INC /MD/|HUNTINGTON BANCSHARES INC/MD,49196,HBAN,,SEC
SEC:0001167379,ALCON INC,,1167379,ALC,,SEC
SEC:0001071739,CENTENE CORP,,1071739,CNC,,SEC
SEC:0001329099,"Baidu, Inc.","Baidu.com, Inc.",1329099,BIDU,,SEC
SEC:0001001290,CREDICORP LTD,,1001290,BAP,,SEC
SEC:0002083785,"Sunbelt Rentals Holdings, Inc.",,2083785,SUNB,,SEC
SEC:0000720005,RAYMOND JAMES FINANCIAL INC,,720005,RJF,,SEC
SEC:0000815097,Carnival Corp Ltd.,CARNIVAL CORP|CARNIVAL CRUISE LINES INC,815097,CCL,,SEC
SEC:0001535759,Kongsberg Gruppen ASA/ADR,,1535759,KBGGY,,SEC
SEC:0001555280,Zoetis Inc.,,1555280,ZTS,,SEC
SEC:0001289490,Extra Space Storage Inc.,,1289490,EXR,,SEC
SEC:0001037646,METTLER TOLEDO INTERNATIONAL INC/,MT INVESTORS INC/|METTLER TOLEDO INTERNATIONAL INC|MT INVESTORS INC,1037646,MTD,,SEC
SEC:0001932393,GE HealthCare Technologies Inc.,GE Healthcare Holding LLC,1932393,GEHC,,SEC
SEC:0001890126,Universal Music Group N.V./ADR,,1890126,UNVGY,,SEC
SEC:0000904868,Fresenius SE & Co. KGaA,FRESENIUS SE|FRESENIUS AKTIENGESELLSCHAFT,904868,FSNUY,,SEC
SEC:0001713445,"Reddit, Inc.","Reddit, Inc.",1713445,RDDT,,SEC
SEC:0001163653,NOMURA HOLDINGS INC,,1163653,NMR,,SEC
SEC:0001038683,RYANAIR HOLDINGS PLC,,1038683,RYAAY,,SEC
SEC:0000047217,HP INC,HEWLETT PACKARD CO,47217,HPQ,,SEC
SEC:0001699150,Ingersoll Rand Inc.,"GARDNER DENVER HOLDINGS, INC.",1699150,IR,,SEC
SEC:0001097864,ON SEMICONDUCTOR CORP,SCG HOLDING CORP,1097864,ON,,SEC
SEC:0001637459,Kraft Heinz Co,H.J. Heinz Holding Corp,1637459,KHC,,SEC
SEC:0001094285,TELEDYNE TECHNOLOGIES INC,,1094285,TDY,,SEC
SEC:0001190723,TENARIS SA,,1190723,TS,,SEC
SEC:0001002910,AMEREN CORP,,1002910,AEE,,SEC
SEC:0001140536,WILLIS TOWERS WATSON PLC,WILLIS GROUP HOLDINGS PLC|WILLIS GROUP HOLDINGS LTD,1140536,WTW,,SEC
SEC:0001681459,TechnipFMC plc,TechnipFMC Ltd,1681459,FTI,,SEC
SEC:0001635088,Roivant Sciences Ltd.,,1635088,ROIV,,SEC
SEC:0001374310,"Cboe Global Markets, Inc.","CBOE Holdings, Inc.",1374310,CBOE,,SEC
SEC:0000759944,CITIZENS FINANCIAL GROUP INC/RI,CITIZENS FINANCIAL GROUP INC/DE,759944,CFG,,SEC
SEC:0001415404,EchoStar CORP,EchoStar Holding CORP,1415404,ECHO,,SEC
SEC:0001666175,Fortis Inc.,,1666175,FTS,,SEC
SEC:0000719955,WILLIAMS SONOMA INC,,719955,WSM,,SEC
SEC:0000045012,HALLIBURTON CO,,45012,HAL,,SEC
SEC:0000029534,DOLLAR GENERAL CORP,,29534,DG,,SEC
SEC:0001837240,Symbotic Inc.,SVF Investment Corp. 3|SVF Investment III Corp.,1837240,SYM,,SEC
SEC:0001014473,VERISIGN INC/CA,,1014473,VRSN,,SEC
SEC:0001375365,"Super Micro Computer, Inc.",,1375365,SMCI,,SEC
SEC:0001754301,Fox Corp,"NEW FOX, INC.",1754301,FOXA,,SEC
SEC:0001709048,GLOBALFOUNDRIES Inc.,,1709048,GFS,,SEC
SEC:0001546066,PEMBINA PIPELINE CORP,,1546066,PBA,,SEC
SEC:0000731802,ATMOS ENERGY CORP,,731802,ATO,,SEC
SEC:0000900075,COPART INC,,900075,CPRT,,SEC
SEC:0001410636,"American Water Works Company, Inc.",,1410636,AWK,,SEC
SEC:0001058290,COGNIZANT TECHNOLOGY SOLUTIONS CORP,,1058290,CTSH,,SEC
SEC:0001104506,INSMED Inc,,1104506,INSM,,SEC
SEC:0001585521,"Zoom Communications, Inc.","Zoom Video Communications, Inc.",1585521,ZM,,SEC
SEC:0001705696,VICI PROPERTIES INC.,,1705696,VICI,,SEC
SEC:0000105770,WEST PHARMACEUTICAL SERVICES INC,WEST CO INC,105770,WST,,SEC
SEC:0001720635,nVent Electric plc,,1720635,NVT,,SEC
SEC:0000928876,TOWER SEMICONDUCTOR LTD,,928876,TSEM,,SEC
SEC:0001834584,"Coupang, Inc.",,1834584,CPNG,,SEC
SEC:0000936340,DTE ENERGY CO,DTE HOLDINGS INC,936340,DTE,,SEC
SEC:0002058873,"Qnity Electronics, Inc.","Novus SpinCo 1, Inc.",2058873,Q,,SEC
SEC:0001022079,QUEST DIAGNOSTICS INC,CORNING CLINICAL LABORATORIES INC,1022079,DGX,,SEC
SEC:0001876042,"Circle Internet Group, Inc.",Circle Internet Financial Ltd|Circle Internet Finance Public Ltd Co|CIrcle Acquisition Public Ltd Co,1876042,CRCL,,SEC
SEC:0001031296,FIRSTENERGY CORP,,1031296,FE,,SEC
SEC:0000879169,INCYTE CORP,INCYTE INC|INCYTE GENOMICS INC|INCYTE PHARMACEUTICALS INC,879169,INCY,,SEC
SEC:0001175454,"CORPAY, INC.",FLEETCOR TECHNOLOGIES INC,1175454,CPAY,,SEC
SEC:0001781335,Otis Worldwide Corp,,1781335,OTIS,,SEC
SEC:0001300514,LAS VEGAS SANDS CORP,,1300514,LVS,,SEC
SEC:0001269238,Trip.com Group Ltd,CTRIP COM INTERNATIONAL LTD,1269238,TCOM,,SEC
SEC:0001048695,"F5, INC.","F5 NETWORKS, INC.|F5 NETWORKS INC",1048695,FFIV,,SEC
SEC:0000020286,CINCINNATI FINANCIAL CORP,,20286,CINF,,SEC
SEC:0001018963,ATI INC,ALLEGHENY TECHNOLOGIES INC|ALLEGHENY TELEDYNE INC,1018963,ATI,,SEC
SEC:0000920148,LABCORP HOLDINGS INC.,LABORATORY CORP OF AMERICA HOLDINGS|NATIONAL HEALTH LABORATORIES HOLDINGS INC,920148,LH,,SEC
SEC:0001776985,BioNTech SE,,1776985,BNTX,,SEC
SEC:0000011544,BERKLEY W R CORP,,11544,WRB,,SEC
SEC:0001780312,"AST SpaceMobile, Inc.","AST SpaceMobile, Inc.|New Providence Acquisition Corp.",1780312,ASTS,,SEC
SEC:0000029905,DOVER Corp,,29905,DOV,,SEC
SEC:0001524472,Xylem Inc.,"ITT WCO, Inc.",1524472,XYL,,SEC
SEC:0000072741,EVERSOURCE ENERGY,NORTHEAST UTILITIES|NORTHEAST UTILITIES SYSTEM,72741,ES,,SEC
SEC:0001130310,CENTERPOINT ENERGY INC,CENTERPOINT ENERGY INC|RELIANT ENERGY REGCO INC,1130310,CNP,,SEC
SEC:0000922224,PPL Corp,PP&L RESOURCES INC,922224,PPL,,SEC
SEC:0001811074,Texas Pacific Land Corp,,1811074,TPL,,SEC
SEC:0001397911,LPL Financial Holdings Inc.,LPL Investment Holdings Inc.,1397911,LPLA,,SEC
SEC:0000313216,KONINKLIJKE PHILIPS NV,KONINKLIJKE PHILIPS ELECTRONICS NV|PHILIPS ELECTRONICS N V,313216,PHG,,SEC
SEC:0000746515,EXPEDITORS INTERNATIONAL OF WASHINGTON INC,,746515,EXPD,,SEC
SEC:0001126328,PRINCIPAL FINANCIAL GROUP INC,,1126328,PFG,,SEC
SEC:0000798354,FISERV INC,,798354,FISV,,SEC
SEC:0002005951,Smurfit Westrock plc,Smurfit WestRock Ltd,2005951,SW,,SEC
SEC:0000940944,DARDEN RESTAURANTS INC,,940944,DRI,,SEC
SEC:0000048898,HUBBELL INC,,48898,HUBB,,SEC
SEC:0001820953,"Affirm Holdings, Inc.",,1820953,AFRM,,SEC
SEC:0001885110,Chocoladefabriken Lindt & Spruengli AG/ADR,,1885110,CHLSY,,SEC
SEC:0001576280,"Guardant Health, Inc.",,1576280,GH,,SEC
SEC:0001281761,REGIONS FINANCIAL CORP,NEW REGIONS FINANCIAL CORP,1281761,RF,,SEC
SEC:0001957132,"SharkNinja, Inc.","SharkNinja Global SPV, Ltd.",1957132,SN,,SEC
SEC:0000079879,PPG INDUSTRIES INC,,79879,PPG,,SEC
SEC:0001601712,Synchrony Financial,Synchrony Financial,1601712,SYF,,SEC
SEC:0001403568,"Ulta Beauty, Inc.","Ulta Salon, Cosmetics & Fragrance, Inc.",1403568,ULTA,,SEC
SEC:0000798941,FIRST CITIZENS BANCSHARES INC /DE/,,798941,FCNCA,,SEC
SEC:0001967680,Veralto Corp,,1967680,VLTO,,SEC
SEC:0000822416,PULTEGROUP INC/MI/,PULTE HOMES INC/MI/|PULTE CORP,822416,PHM,,SEC
SEC:0002058897,Grupo Cibest S.A.,,2058897,CIB,,SEC
SEC:0002004711,Bending Spoons S.p.A.,,2004711,BSP,,SEC
SEC:0001943896,"Rubrik, Inc.","Rubrik, Inc.",1943896,RBRK,,SEC
SEC:0001039610,EDP ENERGIAS DE PORTUGAL SA,EDP ELECTRICIDADE DE PORTUGAL SA,1039610,EDPFY,,SEC
SEC:0001428439,"ROKU, INC",ROKU INC,1428439,ROKU,,SEC
SEC:0001101302,ENTEGRIS INC,,1101302,ENTG,,SEC
SEC:0000313927,CHURCH & DWIGHT CO INC /DE/,,313927,CHD,,SEC
SEC:0000858446,INTERCONTINENTAL HOTELS GROUP PLC /NEW/,SIX CONTINENTS PLC|BASS PUBLIC LIMITED CO,858446,IHG,,SEC
SEC:0001378789,AerCap Holdings N.V.,,1378789,AER,,SEC
SEC:0001123360,GLOBAL PAYMENTS INC,,1123360,GPN,,SEC
SEC:0001116132,"TAPESTRY, INC.",COACH INC,1116132,TPR,,SEC
SEC:0001163420,MTN GROUP LTD/ADR,,1163420,MTNOY,,SEC
SEC:0001442145,"Verisk Analytics, Inc.",,1442145,VRSK,,SEC
SEC:0001642896,Samsara Inc.,Samsara Networks Inc.,1642896,IOT,,SEC
SEC:0000728535,HUNT J B TRANSPORT SERVICES INC,,728535,JBHT,,SEC
SEC:0001113169,PRICE T ROWE GROUP INC,,1113169,TROW,,SEC
SEC:0001818874,"SoFi Technologies, Inc.",Social Capital Hedosophia Holdings Corp. V,1818874,SOFI,,SEC
SEC:0001567094,CNH Industrial N.V.,FI CBM Holdings N.V.,1567094,CNH,,SEC
SEC:0002093536,"Arxis, Inc.",,2093536,ARXS,,SEC
SEC:0001874178,"Rivian Automotive, Inc. / DE",,1874178,RIVN,,SEC
SEC:0000091576,KEYCORP /NEW/,KEYCORP/NEW|SOCIETY CORP,91576,KEY,,SEC
SEC:0001560385,Liberty Media Corp,"Liberty Spinco, Inc.",1560385,FWONA,,SEC
SEC:0001096343,MARKEL GROUP INC.,MARKEL CORP|MARKEL HOLDINGS INC,1096343,MKL,,SEC
SEC:0001758730,Tradeweb Markets Inc.,,1758730,TW,,SEC
SEC:0000051253,INTERNATIONAL FLAVORS & FRAGRANCES INC,,51253,IFF,,SEC
SEC:0000935703,"DOLLAR TREE, INC.",DOLLAR TREE INC|DOLLAR TREE STORES INC,935703,DLTR,,SEC
SEC:0000085535,ROYAL GOLD INC,ROYAL GOLD INC /DE/,85535,RGLD,,SEC
SEC:0000060086,LOEWS CORP,,60086,L,,SEC
SEC:0000726958,CASEYS GENERAL STORES INC,,726958,CASY,,SEC
SEC:0001434265,GENMAB A/S,,1434265,GMAB,,SEC
SEC:0001474968,Geely Automobile Holdings Limited/ADR,,1474968,GELHY,,SEC
SEC:0001013871,"NRG ENERGY, INC.","NRG ENERGY, INC.|NRG ENERGY INC",1013871,NRG,,SEC
SEC:0001996862,Bunge Global SA,,1996862,BG,,SEC
SEC:0001274494,"FIRST SOLAR, INC.",FIRST SOLAR HOLDINGS LLC,1274494,FSLR,,SEC
SEC:0001161125,BANK OF CHILE,,1161125,BCH,,SEC
SEC:0001861737,Hesai Group,,1861737,HSAI,,SEC
SEC:0001082554,UNITED THERAPEUTICS Corp,,1082554,UTHR,,SEC
SEC:0000827052,EDISON INTERNATIONAL,SCECORP,827052,EIX,,SEC
SEC:0000070318,TENET HEALTHCARE CORP,NATIONAL MEDICAL ENTERPRISES INC /NV/,70318,THC,,SEC
SEC:0001493594,"MACOM Technology Solutions Holdings, Inc.","M/A-COM Technology Solutions Holdings, Inc.",1493594,MTSI,,SEC
SEC:0000075677,PACKAGING CORP OF AMERICA,,75677,PKG,,SEC
SEC:0001142231,HEINEKEN HOLDING N V,,1142231,HKHHY,,SEC
SEC:0002035989,Amrize Ltd,Evertect AG,2035989,AMRZ,,SEC
SEC:0001653192,Cheung Kong Property Holdings Limited/ADR,,1653192,CNGKY,,SEC
SEC:0000904851,YPF SOCIEDAD ANONIMA,,904851,YPF,,SEC
SEC:0000771992,PAN AMERICAN SILVER CORP,,771992,PAAS,,SEC
SEC:0001166003,"XPO, Inc.","XPO Logistics, Inc.|EXPRESS-1 EXPEDITED SOLUTIONS INC|SEGMENTZ INC",1166003,XPO,,SEC
SEC:0000079282,"BROWN & BROWN, INC.","BROWN & BROWN, INC|BROWN & BROWN INC|POE & BROWN INC",79282,BRO,,SEC
SEC:0000215466,"Coeur Mining, Inc.",COEUR D ALENE MINES CORP,215466,CDE,,SEC
SEC:0001037038,RALPH LAUREN CORP,POLO RALPH LAUREN CORP,1037038,RL,,SEC
SEC:0000029989,OMNICOM GROUP INC.,OMNICOM GROUP INC,29989,OMC,,SEC
SEC:0000092380,SOUTHWEST AIRLINES CO,,92380,LUV,,SEC
SEC:0001665918,US Foods Holding Corp.,,1665918,USFD,,SEC
SEC:0002026053,PERSHING SQUARE INC.,"PERSHING SQUARE HOLDCO, L.P.",2026053,PS,,SEC
SEC:0000026324,CURTISS WRIGHT CORP,,26324,CW,,SEC
SEC:0000718940,BCE INC,,718940,BCE,,SEC
SEC:0001751788,DOW INC.,Dow Holdings Inc.,1751788,DOW,,SEC
SEC:0001757898,STERIS plc,STERIS Ltd,1757898,STE,,SEC
SEC:0000895126,EXPAND ENERGY Corp,CHESAPEAKE ENERGY CORP,895126,EXE,,SEC
SEC:0000811156,CMS ENERGY CORP,,811156,CMS,,SEC
SEC:0000909037,CHEMICAL & MINING CO OF CHILE INC,,909037,SQM,,SEC
SEC:0000016918,"CONSTELLATION BRANDS, INC.",CONSTELLATION BRANDS INC|CANANDAIGUA BRANDS INC|CANANDAIGUA WINE CO INC,16918,STZ,,SEC
SEC:0000764478,BEST BUY CO INC,,764478,BBY,,SEC
SEC:0000814547,FAIR ISAAC CORP,FAIR ISAAC & COMPANY INC,814547,FICO,,SEC
SEC:0000920760,LENNAR CORP /NEW/,PACIFIC GREYSTONE CORP /DE/,920760,LEN,,SEC
SEC:0001748790,Amcor plc,ARCTIC JERSEY Ltd,1748790,AMCR,,SEC
SEC:0000017843,CARPENTER TECHNOLOGY CORP,,17843,CRS,,SEC
SEC:0001792044,Viatris Inc,Upjohn Inc,1792044,VTRS,,SEC
SEC:0000861884,"RELIANCE, INC.",RELIANCE STEEL & ALUMINUM CO,861884,RS,,SEC
SEC:0001590364,FTAI Aviation Ltd.,Fortress Transportation & Infrastructure Investors LLC|Fortress Transportation & Infrastructure Investors Ltd.,1590364,FTAI,,SEC
SEC:0001915657,HF Sinclair Corp,,1915657,DINO,,SEC
SEC:0000108312,"Woodward, Inc.",WOODWARD GOVERNOR CO,108312,WWD,,SEC
SEC:0001489393,LyondellBasell Industries N.V.,,1489393,LYB,,SEC
SEC:0001111711,NISOURCE INC.,NISOURCE INC/DE|NEW NISOURCE INC,1111711,NI,,SEC
SEC:0000091440,Snap-on Inc,SNAP ON INC|SNAP ON TOOLS CORP,91440,SNA,,SEC
SEC:0001878848,IREN Ltd,Iris Energy Ltd|Iris Energy Pty Ltd,1878848,IREN,,SEC
SEC:0001264136,WOORI FINANCIAL GROUP INC.,WOORI BANK|WOORI FINANCE HOLDINGS CO LTD,1264136,WF,,SEC
SEC:0001066119,TELEFONICA BRASIL S.A.,TELEFONICA BRASIL S.A.|TELESP HOLDING CO|TELESP PARTICIPACOES SA,1066119,VIV,,SEC
SEC:0001423902,"Western Midstream Partners, LP","Western Gas Equity Partners, LP|WGR Holdings LLC",1423902,WES,,SEC
SEC:0001126113,TELENOR ASA,,1126113,TELNY,,SEC
SEC:0001170858,COMPANHIA DE SANEAMENTO BASICO DO ESTADO DE SAO PAULO-SABESP,,1170858,SBS,,SEC
SEC:0001810806,Unity Software Inc.,,1810806,U,,SEC
SEC:0000040704,GENERAL MILLS INC,,40704,GIS,,SEC
SEC:0000920522,"ESSEX PROPERTY TRUST, INC.",ESSEX PORTFOLIO LP|ESSEX PROPERTY TRUST INC,920522,ESS,,SEC
SEC:0001618732,"Nutanix, Inc.",,1618732,NTNX,,SEC
SEC:0000051434,INTERNATIONAL PAPER CO /NEW/,,51434,IP,,SEC
SEC:0001451809,SITIME Corp,,1451809,SITM,,SEC
SEC:0000033185,EQUIFAX INC,EQUIFAX INC,33185,EFX,,SEC
SEC:0001034054,SBA COMMUNICATIONS CORP,,1034054,SBAC,,SEC
SEC:0001402436,SS&C Technologies Holdings Inc,,1402436,SSNC,,SEC
SEC:0001383312,"BROADRIDGE FINANCIAL SOLUTIONS, INC.","BROADRIDGE FINANCIAL SOLUTIONS, INC.|BROADRIDGE FINANCIAL SOLUTIONS, LLC|BSG LLC",1383312,BR,,SEC
SEC:0001324404,"CF Industries Holdings, Inc.",,1324404,CF,,SEC
SEC:0001402057,CDW Corp,"VH Holdings, Inc.",1402057,CDW,,SEC
SEC:0001711269,"Evergy, Inc.","Monarch Energy Holding, Inc.",1711269,EVRG,,SEC
SEC:0000100493,"TYSON FOODS, INC.",TYSON FOODS INC,100493,TSN,,SEC
SEC:0001985487,Joint Stock Co Kaspi.kz,,1985487,KSPI,,SEC
SEC:0001605484,Stellantis N.V.,Fiat Chrysler Automobiles N.V.|Fiat Investments N.V.,1605484,STLA,,SEC
SEC:0001658566,Permian Resources Corp,"Centennial Resource Development, Inc.|Silver Run Acquisition Corp",1658566,PR,,SEC
SEC:0000733099,ROGERS COMMUNICATIONS INC,,733099,RCI,,SEC
SEC:0000015615,MASTEC INC,BURNUP & SIMS INC,15615,MTZ,,SEC
SEC:0001809587,KE Holdings Inc.,,1809587,BEKE,,SEC
SEC:0001136893,"Fidelity National Information Services, Inc.",CERTEGY INC|EQUIFAX PS INC,1136893,FIS,,SEC
SEC:0002082247,"FedEx Freight Holding Company, Inc.",,2082247,FDXF,,SEC
SEC:0000040987,GENUINE PARTS CO,,40987,GPC,,SEC
SEC:0001136869,"ZIMMER BIOMET HOLDINGS, INC.",ZIMMER HOLDINGS INC,1136869,ZBH,,SEC
SEC:0001880661,TPG Inc.,"TPG Partners, LLC",1880661,TPG,,SEC
SEC:0000072331,NORDSON CORP,,72331,NDSN,,SEC
SEC:0001666700,"DuPont de Nemours, Inc.",DowDuPont Inc.,1666700,DD,,SEC
SEC:0000889132,POSCO HOLDINGS INC.,POSCO|POHANG IRON & STEEL CO LTD,889132,PKX,,SEC
SEC:0000929008,WESCO INTERNATIONAL INC,CDW HOLDING CORP,929008,WCC,,SEC
SEC:0001668397,"Medpace Holdings, Inc.",,1668397,MEDP,,SEC
SEC:0002071881,Tourmaline Oil Corp/ADR,,2071881,TRMOY,,SEC
SEC:0001049502,MKS INC,MKS INSTRUMENTS INC,1049502,MKSI,,SEC
SEC:0001043277,"C. H. ROBINSON WORLDWIDE, INC.",C H ROBINSON WORLDWIDE INC,1043277,CHRW,,SEC
SEC:0001070423,PLAINS ALL AMERICAN PIPELINE LP,,1070423,PAA,,SEC
SEC:0001719117,ASR Nederland N.V./ADR,,1719117,ARNNY,,SEC
SEC:0001069157,EAST WEST BANCORP INC,,1069157,EWBC,,SEC
SEC:0001829311,"BITMINE IMMERSION TECHNOLOGIES, INC.","Sandy Springs Holdings, Inc.",1829311,BMNR,,SEC
SEC:0001582961,"DigitalOcean Holdings, Inc.","Digital Ocean, Inc.",1582961,DOCN,,SEC
SEC:0000855658,LATTICE SEMICONDUCTOR CORP,,855658,LSCC,,SEC
SEC:0000704532,ONTO INNOVATION INC.,NANOMETRICS INC,704532,ONTO,,SEC
SEC:0000916365,TRACTOR SUPPLY CO /DE/,,916365,TSCO,,SEC
SEC:0000877212,ZEBRA TECHNOLOGIES CORP,ZEBRA TECHNOLOGIES CORP/DE,877212,ZBRA,,SEC
SEC:0001650164,"Toast, Inc.",,1650164,TOST,,SEC
SEC:0000861967,WOLTERS KLUWER N V /FI,WOLTERS KLUWER N V                                      /FI,861967,WTKWY,,SEC
SEC:0000749098,MAGNA INTERNATIONAL INC,,749098,MGA,,SEC
SEC:0000906163,NVR INC,,906163,NVR,,SEC
SEC:0001086222,AKAMAI TECHNOLOGIES INC,,1086222,AKAM,,SEC
SEC:0000038777,FRANKLIN TEMPLETON INC,FRANKLIN RESOURCES INC,38777,BEN,,SEC
SEC:0001659166,Fortive Corp,,1659166,FTV,,SEC
SEC:0000352541,ALLIANT ENERGY CORP,ALLIANT ENERGY CORP|INTERSTATE ENERGY CORP|WPL HOLDINGS INC,352541,LNT,,SEC
SEC:0000052988,JACOBS SOLUTIONS INC.,JACOBS ENGINEERING GROUP INC /DE/,52988,J,,SEC
SEC:0001123799,WIPRO LTD,,1123799,WIT,,SEC
SEC:0000832101,IDEX CORP /DE/,,832101,IEX,,SEC
SEC:0001027552,BANCO SANTANDER CHILE,BANK SANTIAGO,1027552,BSAC,,SEC
SEC:0001481045,Daiwa Securities Group Inc.,,1481045,DSEEY,,SEC
SEC:0001773383,"Dynatrace, Inc.",Dynatrace Holdings LLC,1773383,DT,,SEC
SEC:0000822818,CLEAN HARBORS INC,,822818,CLH,,SEC
SEC:0001764757,DiDi Global Inc.,Xiaoju Kuaizhi Inc.,1764757,DIDIY,,SEC
SEC:0001824920,"IonQ, Inc.","dMY Technology Group, Inc. III",1824920,IONQ,,SEC
SEC:0001792580,Ovintiv Inc.,1847432 Alberta ULC,1792580,OVV,,SEC
SEC:0000088941,SEMTECH CORP,,88941,SMTC,,SEC
SEC:0001043219,ANNALY CAPITAL MANAGEMENT INC,ANNALY MORTGAGE MANAGEMENT INC,1043219,NLY,,SEC
SEC:0001859392,Galaxy Digital Inc.,Galaxy Digital Pubco Inc.,1859392,GLXY,,SEC
SEC:0001796209,APi Group Corp,,1796209,APG,,SEC
SEC:0000898174,REINSURANCE GROUP OF AMERICA INC,,898174,RGA,,SEC
SEC:0000849399,Gen Digital Inc.,NortonLifeLock Inc.|SYMANTEC CORP,849399,GEN,,SEC
SEC:0001687229,Invitation Homes Inc.,,1687229,INVH,,SEC
SEC:0001754581,Futu Holdings Ltd,,1754581,FUTU,,SEC
SEC:0001988894,"Amer Sports, Inc.",,1988894,AS,,SEC
SEC:0001579298,"Burlington Stores, Inc.","Burlington Holdings, Inc.",1579298,BURL,,SEC
SEC:0001968385,BAWAG Group AG/ADR,,1968385,BAWAY,,SEC
SEC:0002102907,Resolution Minerals Ltd,,2102907,RML,,SEC
SEC:0000031791,"REVVITY, INC.",PERKINELMER INC|EG&G INC,31791,RVTY,,SEC
SEC:0000009389,BALL Corp,,9389,BALL,,SEC
SEC:0001324948,RBC Bearings INC,,1324948,RBC,,SEC
SEC:0000912958,MILLICOM INTERNATIONAL CELLULAR SA,,912958,TIGO,,SEC
SEC:0001159152,James Hardie Industries plc,JAMES HARDIE INDUSTRIES SE|JAMES HARDIE INDUSTRIES N.V.|HARDIE JAMES INDUSTRIES NV,1159152,JHX,,SEC
SEC:0000874238,"STERLING INFRASTRUCTURE, INC.",STERLING CONSTRUCTION CO INC|OAKHURST CO INC|OAKHURST CAPITAL INC,874238,STRL,,SEC
SEC:0000084839,ROLLINS INC,,84839,ROL,,SEC
SEC:0002098381,"Lens Technology Co., Ltd./ADR",,2098381,LNTCY,,SEC
SEC:0001232524,Jazz Pharmaceuticals plc,JAZZ PHARMACEUTICALS INC,1232524,JAZZ,,SEC
SEC:0001564708,NEWS CORP,New Newscorp Inc|New Newscorp LLC,1564708,NWSA,,SEC
SEC:0001477049,Sprott Physical Gold Trust,,1477049,PHYS,,SEC
SEC:0001336920,"Leidos Holdings, Inc.","SAIC, Inc.",1336920,LDOS,,SEC
SEC:0001823945,BLUE OWL CAPITAL INC.,ALTIMAR ACQUISITION CORP.,1823945,OWL,,SEC
SEC:0001046102,RB GLOBAL INC.,RITCHIE BROS AUCTIONEERS INC,1046102,RBA,,SEC
SEC:0001635327,Flutter Entertainment plc,Stars Group Inc.|Amaya Inc.,1635327,FLUT,,SEC
SEC:0001612042,Ascendis Pharma A/S,,1612042,ASND,,SEC
SEC:0001070750,"HOST HOTELS & RESORTS, INC.",HOST MARRIOTT CORP/|HMC MERGER CORP,1070750,HST,,SEC
SEC:0000106535,WEYERHAEUSER CO,,106535,WY,,SEC
SEC:0001037976,JONES LANG LASALLE INC,LASALLE PARTNERS INC,1037976,JLL,,SEC
SEC:0001091667,"CHARTER COMMUNICATIONS, INC. /MO/",CHARTER COMMUNICATIONS INC /MO/,1091667,CHTR,,SEC
SEC:0001544379,"SCREEN Holdings Co., Ltd./ADR","Dainippon Screen Mfg. Co., Ltd./ADR",1544379,SCRNY,,SEC
SEC:0001025378,W. P. Carey Inc.,W P CAREY & CO LLC|CAREY W P & CO LLC|CAREY DIVERSIFIED LLC|CAREY DIVERSIFIED PROPERTIES LLC,1025378,WPC,,SEC
SEC:0001889539,"Corebridge Financial, Inc.","SAFG Retirement Services, Inc.",1889539,CRBG,,SEC
SEC:0001964738,Solventum Corp,3M Health Care Co,1964738,SOLV,,SEC
SEC:0001780232,GFL Environmental Inc.,GFL Environmental Holdings Inc.,1780232,GFL,,SEC
SEC:0000879101,KIMCO REALTY CORP,,879101,KIM,,SEC
SEC:0001032975,LOGITECH INTERNATIONAL S.A.,LOGITECH INTERNATIONAL SA,1032975,LOGI,,SEC
SEC:0001178819,ALAMOS GOLD INC,ALAMOS MINERALS LTD,1178819,AGI,,SEC
SEC:0001841666,APA Corp,,1841666,APA,,SEC
SEC:0001127248,EMERA INC,,1127248,EMA,,SEC
SEC:0000888491,OMEGA HEALTHCARE INVESTORS INC,,888491,OHI,,SEC
SEC:0001677250,ZTO Express (Cayman) Inc.,,1677250,ZTO,,SEC
SEC:0000857005,PTC INC.,PARAMETRIC TECHNOLOGY CORP,857005,PTC,,SEC
SEC:0000005513,Unum Group,UNUMPROVIDENT CORP|PROVIDENT COMPANIES INC /DE/|PROVIDENT COMPANIES INC /TN/|PROVIDENT LIFE & ACCIDENT INSURANCE CO OF AMERICA,5513,UNM,,SEC
SEC:0001584509,Aramark,ARAMARK Holdings Corp,1584509,ARMK,,SEC
SEC:0001756607,Equinox Gold Corp.,,1756607,EQX,,SEC
SEC:0001468174,Hyatt Hotels Corp,,1468174,H,,SEC
SEC:0001090425,LAMAR ADVERTISING CO/NEW,LAMAR NEW HOLDING CO,1090425,LAMR,,SEC
SEC:0002074176,"Viper Energy, Inc.","New Cobra Pubco, Inc.",2074176,VNOM,,SEC
SEC:0000765880,"HEALTHPEAK PROPERTIES, INC.","HCP, INC.|HEALTH CARE PROPERTY INVESTORS INC",765880,DOC,,SEC
SEC:0001076378,CEMEX SAB DE CV,CEMEX SA DE CV,1076378,CX,,SEC
SEC:0001618673,Performance Food Group Co,,1618673,PFGC,,SEC
SEC:0001616707,Wayfair Inc.,,1616707,W,,SEC
SEC:0000887225,KOREA ELECTRIC POWER CORP,KOREA ELECTRIC POWER CORPORATION,887225,KEP,,SEC
SEC:0000914475,NEUROCRINE BIOSCIENCES INC,,914475,NBIX,,SEC
SEC:0000939767,"EXELIXIS, INC.",EXELIXIS INC,939767,EXEL,,SEC
SEC:0001533232,Brookfield Renewable Partners L.P.,Brookfield Renewable Energy Partners L.P.,1533232,BEP,,SEC
SEC:0000912593,SUN COMMUNITIES INC,,912593,SUI,,SEC
SEC:0001408710,Fabrinet,,1408710,FN,,SEC
SEC:0002109150,INNIO N.V.,INNIO Group Holding B.V.|INNIO Holding GmbH,2109150,INIO,,SEC
SEC:0001061574,CGI INC,CGI GROUP INC,1061574,GIB,,SEC
SEC:0001333986,"Equitable Holdings, Inc.","AXA Equitable Holdings, Inc.|AXA AMERICA HOLDINGS, INC.",1333986,EQH,,SEC
SEC:0001527166,Carlyle Group Inc.,Carlyle Group L.P.,1527166,CG,,SEC
SEC:0002082866,"Pinnacle Financial Partners, Inc.",Steel Newco Inc.,2082866,PNFP,,SEC
SEC:0001319161,Warner Music Group Corp.,,1319161,WMG,,SEC
SEC:0001919275,Var Energi ASA/ADR,,1919275,VARRY,,SEC
SEC:0000059527,LINCOLN ELECTRIC HOLDINGS INC,LINCOLN ELECTRIC HOLDINGS INC|LINCOLN ELECTRIC CO,59527,LECO,,SEC
SEC:0001015922,CHECK POINT SOFTWARE TECHNOLOGIES LTD,,1015922,CHKP,,SEC
SEC:0001095073,"EVEREST GROUP, LTD.",EVEREST RE GROUP LTD|EVEREST REINSURANCE GROUP LTD,1095073,EG,,SEC
SEC:0000912595,MID AMERICA APARTMENT COMMUNITIES INC.,MID AMERICA APARTMENT COMMUNITIES INC,912595,MAA,,SEC
SEC:0001622536,Talen Energy Corp,,1622536,TLN,,SEC
SEC:0001673358,"Yum China Holdings, Inc.","Yum! China Holding, Inc.",1673358,YUMC,,SEC
SEC:0002077146,"OBIC Co., Ltd./ADR",,2077146,OBICY,,SEC
SEC:0001717115,"Tempus AI, Inc.","Tempus Labs, Inc.",1717115,TEM,,SEC
SEC:0001287750,ARES CAPITAL CORP,,1287750,ARCC,,SEC
SEC:0001100682,"CHARLES RIVER LABORATORIES INTERNATIONAL, INC.",CHARLES RIVER LABORATORIES INTERNATIONAL INC|CHARLES RIVER LABORATORIES HOLDINGS INC,1100682,CRL,,SEC
SEC:0001019849,"PENSKE AUTOMOTIVE GROUP, INC.",UNITED AUTO GROUP INC,1019849,PAG,,SEC
SEC:0000093556,"STANLEY BLACK & DECKER, INC.",STANLEY WORKS,93556,SWK,,SEC
SEC:0001015650,SK TELECOM CO LTD,,1015650,SKM,,SEC
SEC:0001494728,Sprott Physical Silver Trust,,1494728,PSLV,,SEC
SEC:0001552033,TransUnion,"TransUnion Holding Company, Inc.",1552033,TRU,,SEC
SEC:0001552275,Sunoco LP,Susser Petroleum Partners LP,1552275,SUN,,SEC
SEC:0000864749,TRIMBLE INC.,TRIMBLE NAVIGATION LTD /CA/,864749,TRMB,,SEC
SEC:0000910606,REGENCY CENTERS CORP,REGENCY REALTY CORP,910606,REG,,SEC
SEC:0000062996,MASCO CORP /DE/,,62996,MAS,,SEC
SEC:0000016058,CACI INTERNATIONAL INC /DE/,CACI INTERNATIONAL INC /DE/,16058,CACI,,SEC
SEC:0000915913,ALBEMARLE CORP,,915913,ALB,,SEC
SEC:0001355444,EMBRAER S.A.,Embraer - Empresa Brasileira de Aeronautica S.A.|EMPRESA BRASILEIRA DE AERONAUTICA S.A.|Rio Han Holding,1355444,EMBJ,,SEC
SEC:0000914208,Invesco Ltd.,Invesco Asset Management Deutschland GMBH|Invesco Ltd|INVESCO PLC/LONDON/|AMVESCAP PLC/LONDON/|AMVESCAP /LONDON/|INVESCO PLC /LONDON,914208,IVZ,,SEC
SEC:0000868675,TELUS CORP,TELUS CORPORATION,868675,TU,,SEC
SEC:0001599298,Summit Therapeutics Inc.,Summit Therapeutics plc|Summit Corp plc,1599298,SMMT,,SEC
SEC:0001206264,SOMNIGROUP INTERNATIONAL INC.,"TEMPUR SEALY INTERNATIONAL, INC.|TEMPUR PEDIC INTERNATIONAL INC|TWI HOLDINGS INC",1206264,SGI,,SEC
SEC:0002110105,Quantinuum Inc.,,2110105,QNT,,SEC
SEC:0000913144,RENAISSANCERE HOLDINGS LTD,,913144,RNR,,SEC
SEC:0000860731,TYLER TECHNOLOGIES INC,TYLER CORP /NEW/,860731,TYL,,SEC
SEC:0001743881,"BridgeBio Pharma, Inc.",BridgeBio Pharma LLC,1743881,BBIO,,SEC
SEC:0001267238,"ASSURANT, INC.",ASSURANT INC,1267238,AIZ,,SEC
SEC:0001001807,PERUSAHAAN PERSEROAN PERSERO PT TELEKOMUNIKASI INDONESIA TBK,TELECOMMUNICATIONS INDONESIA,1001807,TLK,,SEC
SEC:0001047127,"AMKOR TECHNOLOGY, INC.",AMKOR TECHNOLOGY INC,1047127,AMKR,,SEC
SEC:0001116942,TTM TECHNOLOGIES INC,,1116942,TTMI,,SEC
SEC:0001744676,Tencent Music Entertainment Group,,1744676,TME,,SEC
SEC:0000217346,TEXTRON INC,,217346,TXT,,SEC
SEC:0000004127,"SKYWORKS SOLUTIONS, INC.",SKYWORKS SOLUTIONS INC|ALPHA INDUSTRIES INC,4127,SWKS,,SEC
SEC:0001901440,UL Solutions Inc.,UL Solutions Inc.|UL Inc.,1901440,ULS,,SEC
SEC:0001483994,H World Group Ltd,"Huazhu Group Ltd|China Lodging Group, Ltd",1483994,HTHT,,SEC
SEC:0000089439,MUELLER INDUSTRIES INC,,89439,MLI,,SEC
SEC:0001486957,"BWX Technologies, Inc.",Babcock & Wilcox Co,1486957,BWXT,,SEC
SEC:0000769218,AEGON LTD.,AEGON NV,769218,AEG,,SEC
SEC:0000105016,WATSCO INC,,105016,WSO,,SEC
SEC:0000063754,MCCORMICK & CO INC,MCCORMICK & CO INC,63754,MKC,,SEC
SEC:0001089063,"DICK'S SPORTING GOODS, INC.",DICKS SPORTING GOODS INC,1089063,DKS,,SEC
SEC:0001236275,"QXO, Inc.","SilverSun Technologies, Inc.|TREY RESOURCES INC|TREY INDUSTRIES INC",1236275,QXO,,SEC
SEC:0000320335,GLOBE LIFE INC.,TORCHMARK CORP,320335,GL,,SEC
SEC:0001579241,Allegion plc,,1579241,ALLE,,SEC
SEC:0001964789,Hut 8 Corp.,,1964789,HUT,,SEC
SEC:0000790051,CARLISLE COMPANIES INC,,790051,CSL,,SEC
SEC:0001828108,"Aurora Innovation, Inc.",Reinvent Technology Partners Y,1828108,AUR,,SEC
SEC:0001060955,ICON PLC,ICON PLC  /ADR/,1060955,ICLR,,SEC
SEC:0000008818,Avery Dennison Corp,AVERY DENNISON CORPORATION,8818,AVY,,SEC
SEC:0001159036,"HALOZYME THERAPEUTICS, INC.",HALOZYME THERAPEUTICS INC|GLOBAL YACHT SERVICES INC,1159036,HALO,,SEC
SEC:0001762831,"Daifuku Co., Ltd./ADR",,1762831,DFKUY,,SEC
SEC:0001177609,"FIVE BELOW, INC",FIVE BELOW INC|CHEAP HOLDINGS INC,1177609,FIVE,,SEC
SEC:0000091419,J M SMUCKER Co,SMUCKER J M CO,91419,SJM,,SEC
SEC:0001855612,Grab Holdings Ltd,J1 Holdings Inc.,1855612,GRAB,,SEC
SEC:0001562401,American Homes 4 Rent,,1562401,AMH,,SEC
SEC:0000021175,CNA FINANCIAL CORP,,21175,CNA,,SEC
SEC:0000110621,RPM INTERNATIONAL INC/DE/,RPM INC/OH/,110621,RPM,,SEC
SEC:0001088856,CORCEPT THERAPEUTICS INC,,1088856,CORT,,SEC
SEC:0000719413,HECLA MINING CO/DE/,,719413,HL,,SEC
SEC:0001791942,JBS N.V.,JBS B.V.,1791942,JBS,,SEC
SEC:0000317540,"Coca-Cola Consolidated, Inc.",COCA COLA BOTTLING CO CONSOLIDATED /DE/,317540,COKE,,SEC
SEC:0001842022,"DT Midstream, Inc.",,1842022,DTM,,SEC
SEC:0001048268,"IES Holdings, Inc.","Integrated Electrical Services, Inc.|INTEGRATED ELECTRICAL SERVICES INC",1048268,IESC,,SEC
SEC:0001069202,LENNOX INTERNATIONAL INC,,1069202,LII,,SEC
SEC:0001852131,Nextpower Inc.,Nextracker Inc.|Nextracker LLC,1852131,NXT,,SEC
SEC:0000794170,"Toll Brothers, Inc.",TOLL BROTHERS INC,794170,TOL,,SEC
SEC:0001321732,Penumbra Inc,,1321732,PEN,,SEC
SEC:0001609711,GoDaddy Inc.,,1609711,GDDY,,SEC
SEC:0000074208,"UDR, Inc.",UNITED DOMINION REALTY TRUST INC,74208,UDR,,SEC
SEC:0000042888,GRACO INC,,42888,GGG,,SEC
SEC:0000350894,SEI INVESTMENTS CO,SEI CORP,350894,SEIC,,SEC
SEC:0002098430,Madison Air Solutions Corp,,2098430,MAIR,,SEC
SEC:0000908255,BORGWARNER INC,BORG WARNER AUTOMOTIVE INC,908255,BWA,,SEC
SEC:0001347557,Pacific Airport Group,,1347557,PAC,,SEC
SEC:0000046080,"HASBRO, INC.",HASBRO INC,46080,HAS,,SEC
SEC:0001048477,BIOMARIN PHARMACEUTICAL INC,,1048477,BMRN,,SEC
SEC:0001261333,"DOCUSIGN, INC.",DOCUSIGN INC,1261333,DOCU,,SEC
SEC:0001023514,HARMONY GOLD MINING CO LTD,,1023514,HMY,,SEC
SEC:0000785161,Encompass Health Corp,HEALTHSOUTH CORP|HEALTHSOUTH REHABILITATION CORP,785161,EHC,,SEC
SEC:0001528396,"Guidewire Software, Inc.","Guidewire Software, Inc.",1528396,GWRE,,SEC
SEC:0001322422,Hudbay Minerals Inc.,,1322422,HBM,,SEC
SEC:0000004457,U-Haul Holding Co /NV/,AMERCO /NV/,4457,UHAL,,SEC
SEC:0002072098,Toromont Industries Ltd./ADR,,2072098,TMTNY,,SEC
SEC:0001326380,GameStop Corp.,GSC Holdings Corp.,1326380,GME,,SEC
SEC:0000010456,BAXTER INTERNATIONAL INC,,10456,BAX,,SEC
SEC:0002080126,"Forgent Power Solutions, Inc.",,2080126,FPS,,SEC
SEC:0000751978,VICOR CORP,,751978,VICR,,SEC
SEC:0001474735,GENERAC HOLDINGS INC.,,1474735,GNRC,,SEC
SEC:0000922621,ERIE INDEMNITY CO,,922621,ERIE,,SEC
SEC:0000014693,BROWN FORMAN CORP,,14693,BF-B,,SEC
SEC:0000895417,EQUITY LIFESTYLE PROPERTIES INC,MANUFACTURED HOME COMMUNITIES INC,895417,ELS,,SEC
SEC:0001157601,"MADRIGAL PHARMACEUTICALS, INC.","MADRIGAL PHARMACEUTICALS, INC.|SYNTA PHARMACEUTICALS CORP",1157601,MDGL,,SEC
SEC:0001279956,YARA INTERNATIONAL ASA,,1279956,YARIY,,SEC
SEC:0000109563,APPLIED INDUSTRIAL TECHNOLOGIES INC,BEARINGS INC /OH/,109563,AIT,,SEC
SEC:0001333141,Fresenius Medical Care AG,Fresenius Medical Care AG & Co. KGaA,1333141,FMS,,SEC
SEC:0002030781,"SailPoint, Inc.","SailPoint Parent, LP",2030781,SAIL,,SEC
SEC:0000040729,Ally Financial Inc.,GMAC INC.|GMAC LLC|GENERAL MOTORS ACCEPTANCE CORP,40729,ALLY,,SEC
SEC:0001575965,"Gaming & Leisure Properties, Inc.",,1575965,GLPI,,SEC
SEC:0001056696,MANHATTAN ASSOCIATES INC,,1056696,MANH,,SEC
SEC:0001423689,AGNC Investment Corp.,American Capital Agency Corp,1423689,AGNC,,SEC
SEC:0001219601,"CROWN HOLDINGS, INC.",CROWN HOLDINGS INC,1219601,CCK,,SEC
SEC:0001675149,Alcoa Corp,Alcoa Upstream Corp,1675149,AA,,SEC
SEC:0001203464,IAMGOLD CORP,,1203464,IAG,,SEC
SEC:0002109234,BELIMO Holding AG/ADR,,2109234,BLMOY,,SEC
SEC:0000795403,WATTS WATER TECHNOLOGIES INC,WATTS WATER TECHNOLOGIES INC|WATTS INDUSTRIES INC,795403,WTS,,SEC
SEC:0000927066,DAVITA INC.,DAVITA HEALTHCARE PARTNERS INC.|DAVITA INC|TOTAL RENAL CARE HOLDINGS INC,927066,DVA,,SEC
SEC:0002071668,Magnum Ice Cream Co N.V.,Magnum Ice Cream Co B.V.|Magnum Ice Cream Company B.V.,2071668,MICC,,SEC
SEC:0001944013,Crane Co,,1944013,CR,,SEC
SEC:0001042046,AMERICAN FINANCIAL GROUP INC,AMERICAN FINANCIAL GROUP HOLDINGS INC,1042046,AFG,,SEC
SEC:0000909327,Suzano S.A.,Suzano Papel e Celulose S.A.|COMPANHIA SUZANO DE PAPEL E CELULOSE                    /FI,909327,SUZ,,SEC
SEC:0000067887,MOOG INC.,MOOG INC,67887,MOG-A,,SEC
SEC:0001057352,"COSTAR GROUP, INC.","COSTAR GROUP, INC.|COSTAR GROUP INC|REALTY INFORMATION GROUP INC",1057352,CSGP,,SEC
SEC:0001531152,"BJ's Wholesale Club Holdings, Inc.",Beacon Holding Inc.,1531152,BJ,,SEC
SEC:0000918608,ELDORADO GOLD CORP /FI,ELDORADO GOLD CORP                                      /FI,918608,EGO,,SEC
SEC:0001109345,NOVA LTD.,NOVA MEASURING INSTRUMENTS LTD,1109345,NVMI,,SEC
SEC:0001037540,"BXP, Inc.",BOSTON PROPERTIES INC,1037540,BXP,,SEC
SEC:0000845982,SMITH & NEPHEW PLC,,845982,SNN,,SEC
SEC:0002080845,PayPay Corp,,2080845,PAYP,,SEC
SEC:0000906345,CAMDEN PROPERTY TRUST,,906345,CPT,,SEC
SEC:0000078128,"Essential Utilities, Inc.",AQUA AMERICA INC|PHILADELPHIA SUBURBAN CORP,78128,WTRG,,SEC
SEC:0001739104,Elanco Animal Health Inc,,1739104,ELAN,,SEC
SEC:0002099039,Wise Group plc,,2099039,WSE,,SEC
SEC:0001397187,lululemon athletica inc.,Lululemon Corp.,1397187,LULU,,SEC
SEC:0001331875,"Fidelity National Financial, Inc.","Fidelity National Title Group, Inc.",1331875,FNF,,SEC
SEC:0001791706,Li Auto Inc.,Leading Ideal Inc.,1791706,LI,,SEC
SEC:0001632970,"American Healthcare REIT, Inc.","Griffin-American Healthcare REIT IV, Inc.|Griffin-American Healthcare REIT 4, Inc.",1632970,AHR,,SEC
SEC:0000842023,BIO-TECHNE Corp,TECHNE CORP /MN/,842023,TECH,,SEC
SEC:0000749251,GARTNER INC,GARTNER GROUP INC,749251,IT,,SEC
SEC:0001579878,"Figma, Inc.",,1579878,FIG,,SEC
SEC:0000917273,RAMBUS INC,,917273,RMBS,,SEC
SEC:0000897723,SANMINA CORP,SANMINA-SCI CORP|SANMINA CORP/DE,897723,SANM,,SEC
SEC:0001072397,BUNZL PLC,,1072397,BZLFY,,SEC
SEC:0000764622,PINNACLE WEST CAPITAL CORP,,764622,PNW,,SEC
SEC:0000007536,"ARROW ELECTRONICS, INC.","ARROW ELECTRONICS, INC|ARROW ELECTRONICS INC",7536,ARW,,SEC
SEC:0000003124,AKZO NOBEL NV,,3124,AKZOY,,SEC
SEC:0000048465,HORMEL FOODS CORP /DE/,HORMEL GEO A & CO,48465,HRL,,SEC
SEC:0000924805,Freedom Holding Corp.,BMB MUNAI INC|INTERUNION FINANCIAL CORP,924805,FRHC,,SEC
SEC:0001865782,"BrightSpring Health Services, Inc.",,1865782,BTSG,,SEC
SEC:0000720672,STIFEL FINANCIAL CORP,,720672,SF,,SEC
SEC:0001581280,Twist Bioscience Corp,,1581280,TWST,,SEC
SEC:0000036966,FIRST HORIZON CORP,FIRST HORIZON NATIONAL CORP|FIRST TENNESSEE NATIONAL CORP,36966,FHN,,SEC
SEC:0002041610,Paramount Skydance Corp,"New Pluto Global, Inc.",2041610,PSKY,,SEC
SEC:0001800667,JFrog Ltd,JFrog Ltd,1800667,FROG,,SEC
SEC:0001404655,HUBSPOT INC,,1404655,HUBS,,SEC
SEC:0001289460,"Texas Roadhouse, Inc.",,1289460,TXRH,,SEC
SEC:0001795586,"Chime Financial, Inc.",,1795586,CHYM,,SEC
SEC:0001883685,DraftKings Inc.,"New Duke Holdco, Inc.",1883685,DKNG,,SEC
SEC:0000049600,EASTGROUP PROPERTIES INC,EASTGROUP PROPERTIES II INC|EASTGROUP PROPERTIES,49600,EGP,,SEC
SEC:0001049724,DEUTSCHE LUFTHANSA A G                                  /FI,,1049724,DLAKY,,SEC
SEC:0000910521,DECKERS OUTDOOR CORP,,910521,DECK,,SEC
SEC:0000927003,ADVANCED ENERGY INDUSTRIES INC,,927003,AEIS,,SEC
SEC:0000930157,RENTOKIL INITIAL PLC /FI,RENTOKIL INITIAL PLC                                    /FI,930157,RTO,,SEC
SEC:0001492691,Knight-Swift Transportation Holdings Inc.,SWIFT TRANSPORTATION Co|SWIFT TRANSPORTATION CO|SWIFT HOLDINGS CORP.,1492691,KNX,,SEC
SEC:0001097149,ALIGN TECHNOLOGY INC,,1097149,ALGN,,SEC
SEC:0001801729,"Nitori Holdings Co., Ltd.",,1801729,NCLTY,,SEC
SEC:0000913290,Frontline plc,FRONTLINE LTD /|LONDON & OVERSEAS FREIGHTERS LTD,913290,FRO,,SEC
SEC:0001579428,"Axsome Therapeutics, Inc.",,1579428,AXSM,,SEC
SEC:0001787425,XP Inc.,,1787425,XP,,SEC
SEC:0001501585,"HUNTINGTON INGALLS INDUSTRIES, INC.","HUNTINGTON INGALLS INDUSTRIES, INC.|New Ships, Inc.",1501585,HII,,SEC
SEC:0001366868,"Globalstar, Inc.",,1366868,GSAT,,SEC
SEC:0001433270,ANTERO RESOURCES Corp,ANTERO RESOURCES APPALACHIAN CORP|ANTERO RESOURCES BARNETT CORP,1433270,AR,,SEC
SEC:0000352915,UNIVERSAL HEALTH SERVICES INC,,352915,UHS,,SEC
SEC:0000089089,SERVICE CORP INTERNATIONAL,SERVICE CORPORATION INTERNATIONAL,89089,SCI,,SEC
SEC:0001770787,"10x Genomics, Inc.",,1770787,TXG,,SEC
SEC:0000071691,NEW YORK TIMES CO,,71691,NYT,,SEC
SEC:0000874761,AES CORP,AES CORPORATION,874761,AES,,SEC
SEC:0000889331,LITTELFUSE INC /DE,,889331,LFUS,,SEC
SEC:0000021076,CLOROX CO /DE/,CLOROX CO /DE/,21076,CLX,,SEC
SEC:0000730272,REPLIGEN CORP,,730272,RGEN,,SEC
SEC:0000797721,VIASAT INC,,797721,VSAT,,SEC
SEC:0001135951,DR REDDYS LABORATORIES LTD,,1135951,RDY,,SEC
SEC:0000711404,"COOPER COMPANIES, INC.",COOPER COMPANIES INC,711404,COO,,SEC
SEC:0000779152,JACK HENRY & ASSOCIATES INC,HENRY JACK & ASSOCIATES INC,779152,JKHY,,SEC
SEC:0001837429,Brookfield Wealth Solutions Ltd.,Brookfield Reinsurance Ltd.|Brookfield Asset Management Reinsurance Partners Ltd.,1837429,BNT,,SEC
SEC:0000067347,MODINE MANUFACTURING CO,,67347,MOD,,SEC
SEC:0001506293,"PINTEREST, INC.",Cold Brew Labs Inc.,1506293,PINS,,SEC
SEC:0001711279,"Krystal Biotech, Inc.",,1711279,KRYS,,SEC
SEC:0001604778,"Qorvo, Inc.","Rocky Holding, Inc.",1604778,QRVO,,SEC
SEC:0001584273,"Sanrio Company, Ltd./ADR",,1584273,SNROY,,SEC
SEC:0001922641,Enlight Renewable Energy Ltd.,,1922641,ENLT,,SEC
SEC:0001125376,"ENSIGN GROUP, INC",,1125376,ENSG,,SEC
SEC:0001588823,TFI International Inc.,TransForce Inc. \ Quebec Canada,1588823,TFII,,SEC
SEC:0000763901,"POPULAR, INC.",POPULAR INC|BANPONCE CORP,763901,BPOP,,SEC
SEC:0001579091,Maplebear Inc.,,1579091,CART,,SEC
SEC:0000012208,"BIO-RAD LABORATORIES, INC.",BIO RAD LABORATORIES INC,12208,BIO,,SEC
SEC:0000028917,"DILLARD'S, INC.",DILLARDS INC|DILLARD DEPARTMENT STORES INC,28917,DDS,,SEC
SEC:0001360901,Evercore Inc.,Evercore Partners Inc.,1360901,EVR,,SEC
SEC:0000101382,UMB FINANCIAL CORP,UNITED MISSOURI BANCSHARES INC,101382,UMBF,,SEC
SEC:0001590955,"Paycom Software, Inc.",,1590955,PAYC,,SEC
SEC:0000879407,"ARROWHEAD PHARMACEUTICALS, INC.",ARROWHEAD RESEARCH CORP|INTERACTIVE GROUP INC|INTERACTIVE INC,879407,ARWR,,SEC
SEC:0001722482,"Avantor, Inc.",Vail Holdco Corp,1722482,AVTR,,SEC
SEC:0001623925,Antero Midstream Corp,Antero Midstream GP LP|Antero Resources Midstream Management LLC,1623925,AM,,SEC
SEC:0001237831,GLOBUS MEDICAL INC,,1237831,GMED,,SEC
SEC:0000082811,REGAL REXNORD CORP,REGAL BELOIT CORP,82811,RRX,,SEC
SEC:0001370946,Owens Corning,Owens Corning (Reorganized) Inc.,1370946,OC,,SEC
SEC:0001810997,XPENG INC.,,1810997,XPEV,,SEC
SEC:0000764038,SouthState Bank Corp,"SouthState Corp|SOUTH STATE Corp|FIRST FINANCIAL HOLDINGS, INC.|SCBT FINANCIAL CORP|FIRST NATIONAL CORP /SC/",764038,SSB,,SEC
SEC:0001179929,"MOLINA HEALTHCARE, INC.",MOLINA HEALTHCARE INC,1179929,MOH,,SEC
SEC:0001815442,"Kymera Therapeutics, Inc.","Kymera Therapeutics, Inc.",1815442,KYMR,,SEC
SEC:0000851205,COGNEX CORP,,851205,CGNX,,SEC
SEC:0001858985,On Holding AG,,1858985,ONON,,SEC
SEC:0001833756,"Leonardo DRS, Inc.",,1833756,DRS,,SEC
SEC:0000916540,DARLING INGREDIENTS INC.,DARLING INTERNATIONAL INC,916540,DAR,,SEC
SEC:0001013237,FACTSET RESEARCH SYSTEMS INC,,1013237,FDS,,SEC
SEC:0001308648,FIRST MAJESTIC SILVER CORP,FIRST MAJESTIC RESOURCE CORP,1308648,AG,,SEC
SEC:0001604028,"ADVANCED DRAINAGE SYSTEMS, INC.",,1604028,WMS,,SEC
SEC:0000789570,MGM Resorts International,MGM MIRAGE|MGM GRAND INC,789570,MGM,,SEC
SEC:0001073404,GERDAU S.A.,GERDAU SA,1073404,GGB,,SEC
SEC:0001849253,"RYAN SPECIALTY HOLDINGS, INC.","RYAN SPECIALTY GROUP HOLDINGS, INC.|MAVERICK SPECIALTY, INC.",1849253,RYAN,,SEC
SEC:0001326110,"ImmunityBio, Inc.","NantKwest, Inc.|Conkwest, Inc.|ZelleRx Corp",1326110,IBRX,,SEC
SEC:0001286681,DOMINOS PIZZA INC,,1286681,DPZ,,SEC
SEC:0000891103,"Match Group, Inc.",IAC/INTERACTIVECORP|INTERACTIVECORP|USA INTERACTIVE|USA NETWORKS INC|HSN INC|SILVER KING COMMUNICATIONS INC,891103,MTCH,,SEC
SEC:0001015328,WINTRUST FINANCIAL CORP,,1015328,WTFC,,SEC
SEC:0000039263,"CULLEN/FROST BANKERS, INC.",CULLEN FROST BANKERS INC,39263,CFR,,SEC
SEC:0001000228,HENRY SCHEIN INC,SCHEIN HENRY INC,1000228,HSIC,,SEC
SEC:0000096223,Jefferies Financial Group Inc.,Jefferies Financial Group Inc.|LEUCADIA NATIONAL CORP,96223,JEF,,SEC
SEC:0001039399,FORMFACTOR INC,,1039399,FORM,,SEC
SEC:0001145197,INSULET CORP,,1145197,PODD,,SEC
SEC:0000034903,FEDERAL REALTY INVESTMENT TRUST,,34903,FRT,,SEC
SEC:0001034983,MINEBEA MITSUMI Inc.,MINEBEA CO LTD|MINEBEA CO LTD                                           /FI,1034983,MINBY,,SEC
SEC:0001636519,Madison Square Garden Sports Corp.,"Madison Square Garden Co|MSG SPINCO, INC.",1636519,MSGS,,SEC
SEC:0001031308,BENTLEY SYSTEMS INC,,1031308,BSY,,SEC
SEC:0001767582,Luckin Coffee Inc.,Luckin Coffee Inc.,1767582,LKNCY,,SEC
SEC:0000030625,FLOWSERVE CORP,DURCO INTERNATIONAL INC|DURIRON CO INC,30625,FLS,,SEC
SEC:0000707179,OLD NATIONAL BANCORP /IN/,OLD NATIONAL TRUST CO|OLD NATIONAL BANCORP,707179,ONB,,SEC
SEC:0001329394,Silicon Motion Technology CORP,,1329394,SIMO,,SEC
SEC:0001505880,Pandora A/S / ADR,,1505880,PNDRY,,SEC
SEC:0000938323,PEARSON PLC,,938323,PSO,,SEC
SEC:0000840489,"FirstCash Holdings, Inc.","FIRSTCASH, INC|FIRST CASH FINANCIAL SERVICES INC|FIRST CASH INC",840489,FCFS,,SEC
SEC:0001540042,Weir Group PLC/ADR,,1540042,WEGRY,,SEC
SEC:0001564408,Snap Inc,Snap Inc|Snapchat Inc,1564408,SNAP,,SEC
SEC:0001411207,Allison Transmission Holdings Inc,Allison Transmission Holdings Inc,1411207,ALSN,,SEC
SEC:0001192448,GLAUKOS Corp,,1192448,GKOS,,SEC
SEC:0001568651,"Oscar Health, Inc.","Oscar Health, Inc.|Mulberry Health Inc.",1568651,OSCR,,SEC
SEC:0001000377,Vibra Energia S.A./ADR,Petrobras Distribuidora/ADR,1000377,VBREY,,SEC
SEC:0001061983,CYTOKINETICS INC,,1061983,CYTK,,SEC
SEC:0001573516,Murphy USA Inc.,,1573516,MUSA,,SEC
SEC:0001377121,"Protagonist Therapeutics, Inc",Protagonist Therapeutics Inc|Protagonist Inc,1377121,PTGX,,SEC
SEC:0001109354,BRUKER CORP,BRUKER BIOSCIENCES CORP|BRUKER DALTONICS INC,1109354,BRKR,,SEC
SEC:0001041792,ENERGY CO OF PARANA,,1041792,ELPC,,SEC
SEC:0001707753,Elastic N.V.,Elasticsearch Global BV,1707753,ESTC,,SEC
SEC:0001035443,"ALEXANDRIA REAL ESTATE EQUITIES, INC.","ALEXANDRIA REAL ESTATE EQUITIES, INC.|ALEXANDRIA REAL ESTATE EQUITIES INC",1035443,ARE,,SEC
SEC:0001004434,"AFFILIATED MANAGERS GROUP, INC.",AFFILIATED MANAGERS GROUP INC,1004434,AMG,,SEC
SEC:0001868159,"Lineage, Inc.","Lineage Growth Properties, Inc.",1868159,LINE,,SEC
SEC:0001021635,OGE ENERGY CORP.,OGE ENERGY CORP,1021635,OGE,,SEC
SEC:0002064953,Solstice Advanced Materials Inc.,"Solstice Advanced Materials, LLC",2064953,SOLS,,SEC
SEC:0001736541,NIO Inc.,,1736541,NIO,,SEC
SEC:0000074260,OLD REPUBLIC INTERNATIONAL CORP,,74260,ORI,,SEC
SEC:0001144215,ACUITY INC. (DE),ACUITY BRANDS INC|L&C SPINCO INC,1144215,AYI,,SEC
SEC:0001177702,SAIA INC,SCS TRANSPORTATION INC,1177702,SAIA,,SEC
SEC:0000109380,"ZIONS BANCORPORATION, NATIONAL ASSOCIATION /UT/",ZIONS BANCORPORATION /UT/,109380,ZION,,SEC
SEC:0000892450,KT CORP,KOREA TELECOM CORP,892450,KT,,SEC
SEC:0001167419,"Riot Platforms, Inc.","Riot Blockchain, Inc.|Bioptix, Inc.|Venaxis, Inc.|AspenBio Pharma, Inc.|ASPENBIO INC",1167419,RIOT,,SEC
SEC:0002100805,"Janus Living, Inc.","Janus Parent, LLC",2100805,JAN,,SEC
SEC:0001521332,Aptiv PLC,Delphi Automotive PLC,1521332,APTV,,SEC
SEC:0001302215,"HOULIHAN LOKEY, INC.",HOULIHAN LOKEY HOWARD & ZUKIN INC,1302215,HLI,,SEC
SEC:0002108185,Azbil Corporation/ADR,,2108185,AZBLY,,SEC
SEC:0001443646,Booz Allen Hamilton Holding Corp,EXPLORER HOLDING CORP,1443646,BAH,,SEC
SEC:0000831641,TETRA TECH INC,,831641,TTEK,,SEC
SEC:0000085961,RYDER SYSTEM INC,,85961,R,,SEC
SEC:0000102729,VALMONT INDUSTRIES INC,,102729,VMI,,SEC
SEC:0001158114,"APPLIED OPTOELECTRONICS, INC.",APPLIED OPTOELECTRONICS INC,1158114,AAOI,,SEC
SEC:0001015820,QIAGEN N.V.,QIAGEN NV,1015820,QGEN,,SEC
SEC:0000315852,RANGE RESOURCES CORP,LOMAK PETROLEUM INC,315852,RRC,,SEC
SEC:0001826168,TIM S.A.,,1826168,TIMB,,SEC
SEC:0000006201,American Airlines Group Inc.,AMR CORP,6201,AAL,,SEC
SEC:0002019410,"Caris Life Sciences, Inc.",,2019410,CAI,,SEC
SEC:0001692787,Kinetik Holdings Inc.,Altus Midstream Co|Kayne Anderson Acquisition Corp,1692787,KNTK,,SEC
SEC:0001069258,"KRATOS DEFENSE & SECURITY SOLUTIONS, INC.",WIRELESS FACILITIES INC,1069258,KTOS,,SEC
SEC:0001801368,MP Materials Corp. / DE,Fortress Value Acquisition Corp.,1801368,MP,,SEC
SEC:0000908937,SIRIUS XM HOLDINGS INC.,SIRIUS XM HOLDINGS INC.|SIRIUS XM RADIO INC.|SIRIUS SATELLITE RADIO INC|CD RADIO INC,908937,SIRI,,SEC
SEC:0001535929,"Voya Financial, Inc.","ING U.S., Inc.",1535929,VOYA,,SEC
SEC:0000912093,VIAVI SOLUTIONS INC.,JDS UNIPHASE CORP /CA/|UNIPHASE CORP /CA/,912093,VIAV,,SEC
SEC:0002052568,Legence Corp.,,2052568,LGN,,SEC
SEC:0000737758,TORO CO,,737758,TTC,,SEC
SEC:0000077360,PENTAIR plc,PENTAIR LTD|PENTAIR INC,77360,PNR,,SEC
SEC:0000314590,SASOL LTD,SASOL LTD/ADR/,314590,SSL,,SEC
SEC:0001001316,"TG THERAPEUTICS, INC.",MANHATTAN PHARMACEUTICALS INC|ATLANTIC TECHNOLOGY VENTURES INC|ATLANTIC PHARMACEUTICALS INC,1001316,TGTX,,SEC
SEC:0001262823,WESTLAKE CORP,WESTLAKE CHEMICAL CORP,1262823,WLK,,SEC
SEC:0001590717,"CareTrust REIT, Inc.",,1590717,CTRE,,SEC
SEC:0001822993,Jackson Financial Inc.,,1822993,JXN,,SEC
SEC:0001298675,CubeSmart,U-Store-It Trust,1298675,CUBE,,SEC
SEC:0001571283,"Rexford Industrial Realty, Inc.","Rexford Industrial, Inc.",1571283,REXR,,SEC
SEC:0001838413,Full Truck Alliance Co. Ltd.,,1838413,YMM,,SEC
SEC:0001649094,"Vaxcyte, Inc.","SutroVax, Inc.",1649094,PCVX,,SEC
SEC:0002078416,"Liberty Live Holdings, Inc.",,2078416,LLYVA,,SEC
SEC:0001061894,Gildan Activewear Inc.,GILDAN ACTIVEWEAR INC,1061894,GIL,,SEC
SEC:0001013131,BUENAVENTURA MINING CO INC,,1013131,BVN,,SEC
SEC:0001534504,PBF Energy Inc.,,1534504,PBF,,SEC
SEC:0001083301,TERAWULF INC.,IKONICS CORP|CHROMALINE CORP,1083301,WULF,,SEC
SEC:0000088205,"SPX Technologies, Inc.",SPX CORP,88205,SPXC,,SEC
SEC:0002083221,SPIE SA/ADR,,2083221,SPIIY,,SEC
SEC:0001956827,Abivax S.A.,,1956827,ABVX,,SEC
SEC:0001034670,AUTOLIV INC,AUTOLIV INC,1034670,ALV,,SEC
SEC:0002107989,Keisei Electric Railway Co. Ltd/ADR,,2107989,KERCY,,SEC
SEC:0000775158,OSHKOSH CORP,OSHKOSH TRUCK CORP,775158,OSK,,SEC
SEC:0000703351,"BRINKER INTERNATIONAL, INC",BRINKER INTERNATIONAL INC,703351,EAT,,SEC
SEC:0001405495,"InterDigital, Inc.",,1405495,IDCC,,SEC
SEC:0001475922,"Primerica, Inc.",,1475922,PRI,,SEC
SEC:0001212545,WESTERN ALLIANCE BANCORPORATION,WESTERN ALLIANCE BANCORPORATION,1212545,WAL,,SEC
SEC:0001581068,Brixmor Property Group Inc.,,1581068,BRX,,SEC
SEC:0000067215,DYCOM INDUSTRIES INC,,67215,DY,,SEC
SEC:0001590714,Element Solutions Inc,Platform Specialty Products Corp,1590714,ESI,,SEC
SEC:0001174922,WYNN RESORTS LTD,,1174922,WYNN,,SEC
SEC:0000921825,FIRST INDUSTRIAL REALTY TRUST INC,,921825,FR,,SEC
SEC:0000880266,AGCO CORP /DE,,880266,AGCO,,SEC
SEC:0000917251,AGREE REALTY CORP,,917251,ADC,,SEC
SEC:0001869198,"Life Time Group Holdings, Inc.",,1869198,LTH,,SEC
SEC:0001040829,"Ryman Hospitality Properties, Inc.",GAYLORD ENTERTAINMENT CO /DE|NEW GAYLORD ENTERTAINMENT CO,1040829,RHP,,SEC
SEC:0001689548,"Praxis Precision Medicines, Inc.",,1689548,PRAX,,SEC
SEC:0002062522,GAMES WORKSHOP GROUP PLC/ADR,,2062522,GWKSY,,SEC
SEC:0000887343,"COLUMBIA BANKING SYSTEM, INC.",COLUMBIA BANKING SYSTEM INC,887343,COLB,,SEC
SEC:0002064124,"Figure Technology Solutions, Inc.","Figure Technology Solutions, Inc.|FT Intermediate, Inc.",2064124,FIGR,,SEC
SEC:0001068851,PROSPERITY BANCSHARES INC,,1068851,PB,,SEC
SEC:0001583708,"SentinelOne, Inc.","Sentinel Labs, Inc.",1583708,S,,SEC
SEC:0000913760,StoneX Group Inc.,INTL FCSTONE INC.|INTERNATIONAL ASSETS HOLDING CORP,913760,SNEX,,SEC
SEC:0001144879,Applied Digital Corp.,"Applied Digital Corp.|Applied Blockchain, Inc.|Applied Science Products, Inc.|FLIGHT SAFETY TECHNOLOGIES INC|REEL STAFF INC",1144879,APLD,,SEC
SEC:0000851968,MOHAWK INDUSTRIES INC,MOHAWK INDUSTRIES INC.,851968,MHK,,SEC
SEC:0001094972,ULTRAPAR HOLDINGS INC,ULTRAPAR HOLDINGS INC,1094972,UGP,,SEC
SEC:0001786909,Sibanye Stillwater Ltd,,1786909,SBSW,,SEC
SEC:0000893538,SM Energy Co,ST MARY LAND & EXPLORATION CO,893538,SM,,SEC
SEC:0001282637,NEWMARKET CORP,,1282637,NEU,,SEC
SEC:0001653482,Gitlab Inc.,,1653482,GTLB,,SEC
SEC:0000842162,LEAR CORP,LEAR CORP /DE/|LEAR SEATING CORP,842162,LEA,,SEC
SEC:0001636282,"Spyre Therapeutics, Inc.","Aeglea BioTherapeutics, Inc.",1636282,SYRE,,SEC
SEC:0001789832,Hess Midstream LP,,1789832,HESM,,SEC
SEC:0001368622,AeroVironment Inc,,1368622,AVAV,,SEC
SEC:0001591698,Paylocity Holding Corp,,1591698,PCTY,,SEC
SEC:0001669162,"Kinsale Capital Group, Inc.",,1669162,KNSL,,SEC
SEC:0000022356,COMMERCE BANCSHARES INC /MO/,,22356,CBSH,,SEC
SEC:0000868857,AECOM,AECOM TECHNOLOGY CORP,868857,ACM,,SEC
SEC:0000008858,AVNET INC,,8858,AVT,,SEC
SEC:0001170010,CARMAX INC,,1170010,KMX,,SEC
SEC:0000875357,BOK FINANCIAL CORP,BOK FINANCIAL CORP ET AL,875357,BOKF,,SEC
SEC:0001819989,Cipher Digital Inc.,Cipher Mining Inc.|GOOD WORKS ACQUISITION CORP.,1819989,CIFR,,SEC
SEC:0000098362,TIMKEN CO,,98362,TKR,,SEC
SEC:0001856525,"Core & Main, Inc.",,1856525,CNM,,SEC
SEC:0001131383,STANTEC INC,,1131383,STN,,SEC
SEC:0000896622,"APTARGROUP, INC.",APTARGROUP INC,896622,ATR,,SEC
SEC:0001285785,MOSAIC CO,GLOBAL NUTRITION SOLUTIONS INC,1285785,MOS,,SEC
SEC:0001766502,"Chewy, Inc.",,1766502,CHWY,,SEC
SEC:0000751364,"NNN REIT, INC.","NATIONAL RETAIL PROPERTIES, INC.|COMMERCIAL NET LEASE REALTY INC",751364,NNN,,SEC
SEC:0001173382,CAE INC,,1173382,CAE,,SEC
SEC:0000884614,UGI CORP /PA/,UGI CORP /NEW/,884614,UGI,,SEC
SEC:0002068440,Laopu Gold Co. Ltd./ADR,,2068440,LPGCY,,SEC
SEC:0000091142,SMITH A O CORP,,91142,AOS,,SEC
SEC:0000059558,LINCOLN NATIONAL CORP,LINCOLN NATIONAL CORP ET AL,59558,LNC,,SEC
SEC:0001726122,Sprott Physical Gold & Silver Trust,,1726122,CEF,,SEC
SEC:0001288469,"MAXLINEAR, INC",MAXLINEAR INC,1288469,MXL,,SEC
SEC:0000921638,SSR MINING INC.,SILVER STANDARD RESOURCES INC,921638,SSRM,,SEC
SEC:0001439288,Zurn Elkay Water Solutions Corp,"Zurn Water Solutions Corp|Rexnord Corp|Rexnord Holdings, Inc",1439288,ZWS,,SEC
SEC:0000091388,SMITHFIELD FOODS INC,,91388,SFD,,SEC
SEC:0000094845,LEVI STRAUSS & CO,,94845,LEVI,,SEC
SEC:0000915389,EASTMAN CHEMICAL CO,,915389,EMN,,SEC
SEC:0001611052,"PROCORE TECHNOLOGIES, INC.",,1611052,PCOR,,SEC
SEC:0001762506,"Vista Energy, S.A.B. de C.V.","Vista Oil & Gas, S.A.B. de C.V.",1762506,VIST,,SEC
SEC:0002041385,Ralliant Corp,NPTG Holdings Corp,2041385,RAL,,SEC
SEC:0001764013,"Immunovant, Inc.",Health Sciences Acquisitions Corp,1764013,IMVT,,SEC
SEC:0001913510,VinFast Auto Ltd.,VinFast Auto Pte. Ltd.|Vinfast Trading & Investment Pte. Ltd.,1913510,VFS,,SEC
SEC:0000944695,"HANOVER INSURANCE GROUP, INC.",ALLMERICA FINANCIAL CORP,944695,THG,,SEC
SEC:0001428336,"HEALTHEQUITY, INC.",HEALTHEQUITY INC,1428336,HQY,,SEC
SEC:0000070145,NATIONAL FUEL GAS CO,,70145,NFG,,SEC
SEC:0000874015,IONIS PHARMACEUTICALS INC,ISIS PHARMACEUTICALS INC,874015,IONS,,SEC
SEC:0001567683,"Clearway Energy, Inc.","NRG Yield, Inc.|NRG Yieldco, Inc.",1567683,CWEN,,SEC
SEC:0001849056,Oklo Inc.,AltC Acquisition Corp.,1849056,OKLO,,SEC
SEC:0002065601,"Central Bancompany, Inc.",,2065601,CBC,,SEC
SEC:0002063196,Netskope Inc,,2063196,NTSK,,SEC
SEC:0000039911,GAP INC,,39911,GAP,,SEC
SEC:0001468642,Aura Minerals Inc.,AURA MINERALS INC,1468642,AUGO,,SEC
SEC:0001057877,IDACORP INC,,1057877,IDA,,SEC
SEC:0001673743,"Hinge Health, Inc.",,1673743,HNGE,,SEC
SEC:0002041918,Lottomatica Group S.p.A./ADR,,2041918,LOTMY,,SEC
SEC:0002025410,"StandardAero, Inc.","Dynasty Parent Co., Inc.",2025410,SARO,,SEC
SEC:0001851003,Zeta Global Holdings Corp.,,1851003,ZETA,,SEC
SEC:0001486159,Chord Energy Corp,Oasis Petroleum Inc.,1486159,CHRD,,SEC
SEC:0001341766,"Celsius Holdings, Inc.",VECTOR VENTURES CORP.,1341766,CELH,,SEC
SEC:0001467623,"DROPBOX, INC.","Evenflow, Inc.",1467623,DBX,,SEC
SEC:0001289419,"Morningstar, Inc.",,1289419,MORN,,SEC
SEC:0001520262,Alkermes plc.,ANTLER SCIENCE TWO PLC|Antler Science Two Ltd,1520262,ALKS,,SEC
SEC:0001968378,Bachem Holding AG/ADR,,1968378,BCHMY,,SEC
SEC:0001038074,SILICON LABORATORIES INC.,SILICON LABORATORIES INC,1038074,SLAB,,SEC
SEC:0001433195,APPFOLIO INC,,1433195,APPF,,SEC
SEC:0001563190,"Compass, Inc.","Urban Compass, Inc.",1563190,COMP,,SEC
SEC:0001429937,B2GOLD CORP,,1429937,BTG,,SEC
SEC:0001479094,"STAG Industrial, Inc.",,1479094,STAG,,SEC
SEC:0002042694,Primo Brands Corp,,2042694,PRMB,,SEC
SEC:0000714310,VALLEY NATIONAL BANCORP,,714310,VLY,,SEC
SEC:0001773751,"Hims & Hers Health, Inc.",Oaktree Acquisition Corp.,1773751,HIMS,,SEC
SEC:0001476150,Terreno Realty Corp,,1476150,TRNO,,SEC
SEC:0001021860,NOV Inc.,NATIONAL OILWELL VARCO INC|NATIONAL OILWELL INC,1021860,NOV,,SEC
SEC:0002019061,South Bow Corp,,2019061,SOBO,,SEC
SEC:0001124198,FLUOR CORP,,1124198,FLR,,SEC
SEC:0001895262,Noble Corp plc,Noble Finco Ltd,1895262,NE,,SEC
SEC:0001739445,"Arcosa, Inc.",,1739445,ACA,,SEC
SEC:0000764065,CLEVELAND-CLIFFS INC.,CLIFFS NATURAL RESOURCES INC.|CLEVELAND CLIFFS INC,764065,CLF,,SEC
SEC:0000920371,"Simpson Manufacturing Co., Inc.",SIMPSON MANUFACTURING CO INC /CA/,920371,SSD,,SEC
SEC:0000277509,FEDERAL SIGNAL CORP /DE/,,277509,FSS,,SEC
SEC:0002098425,"Beijing Geekplus Technology Co., Ltd./ADR",,2098425,BJGPY,,SEC
SEC:0000056047,KIRBY CORP,,56047,KEX,,SEC
SEC:0001616862,Axalta Coating Systems Ltd.,,1616862,AXTA,,SEC
SEC:0001114700,GRUPO FINANCIERO GALICIA SA,,1114700,GGAL,,SEC
SEC:0000023217,CONAGRA BRANDS INC.,CONAGRA FOODS INC /DE/|CONAGRA INC /DE/,23217,CAG,,SEC
SEC:0001472787,First American Financial Corp,,1472787,FAF,,SEC
SEC:0001214816,AXIS CAPITAL HOLDINGS LTD,AXIS CAPITAL HOLDINGS L,1214816,AXS,,SEC
SEC:0001889109,"BELITE BIO, INC","BELITE BIO, INC",1889109,BLTE,,SEC
SEC:0001109138,CAMTEK LTD,,1109138,CAMT,,SEC
SEC:0001835963,Global-E Online Ltd.,,1835963,GLBE,,SEC
SEC:0001627272,OR Royalties Inc.,Osisko Gold Royalties LTD,1627272,OR,,SEC
SEC:0001617640,"ZILLOW GROUP, INC.",Zebra Holdco Inc.,1617640,ZG,,SEC
SEC:0000785786,PLEXUS CORP,,785786,PLXS,,SEC
SEC:0000899689,VORNADO REALTY TRUST,,899689,VNO,,SEC
SEC:0000802481,PILGRIMS PRIDE CORP,,802481,PPC,,SEC
SEC:0000080420,POWELL INDUSTRIES INC,,80420,POWL,,SEC
SEC:0001829726,Triple Flag Precious Metals Corp.,,1829726,TFPM,,SEC
SEC:0001750264,Maase Inc.,"Highest Performances Holdings Inc.|PUYI, INC.",1750264,MAAS,,SEC
SEC:0001734722,"UiPath, Inc.",,1734722,PATH,,SEC
SEC:0000066570,MSA Safety Inc,MINE SAFETY APPLIANCES CO,66570,MSA,,SEC
SEC:0000024545,MOLSON COORS BEVERAGE CO,MOLSON COORS BREWING CO|COORS ADOLPH CO,24545,TAP,,SEC
SEC:0002084022,Sony Financial Group Inc./ADR,,2084022,SFGYY,,SEC
SEC:0001991792,"CG Oncology, Inc.",,1991792,CGON,,SEC
SEC:0000007431,ARMSTRONG WORLD INDUSTRIES INC,,7431,AWI,,SEC
SEC:0001649904,"RHYTHM PHARMACEUTICALS, INC.","RHYTHM METABOLIC, INC.",1649904,RYTM,,SEC
SEC:0001562088,"Duolingo, Inc.",,1562088,DUOL,,SEC
SEC:0001023128,LITHIA MOTORS INC,,1023128,LAD,,SEC
SEC:0001584207,"OneMain Holdings, Inc.","Springleaf Holdings, Inc.|Springleaf Holdings, LLC",1584207,OMF,,SEC
SEC:0001723128,"Amneal Pharmaceuticals, Inc.","Atlas Holdings, Inc.",1723128,AMRX,,SEC
SEC:0001526125,GDS Holdings Ltd,,1526125,GDS,,SEC
SEC:0000003453,"Matson, Inc.","Matson, Inc.|ALEXANDER & BALDWIN INC",3453,MATX,,SEC
SEC:0000866706,ESCO TECHNOLOGIES INC,ESCO ELECTRONICS CORP,866706,ESE,,SEC
SEC:0001866581,Dutch Bros Inc.,,1866581,BROS,,SEC
SEC:0001370637,ETSY INC,,1370637,ETSY,,SEC
SEC:0000912242,MACERICH CO,,912242,MAC,,SEC
SEC:0000097216,TEREX CORP,,97216,TEX,,SEC
SEC:0001003935,NICE Ltd.,NICE SYSTEMS LTD,1003935,NICE,,SEC
SEC:0002001184,"PACS Group, Inc.",,2001184,PACS,,SEC
SEC:0001856437,Victoria's Secret & Co.,Victorias Secret & Co,1856437,VSXY,,SEC
SEC:0000018926,"Lumen Technologies, Inc.","CENTURYLINK, INC|CENTURYTEL INC|CENTURY TELEPHONE ENTERPRISES INC",18926,LUMN,,SEC
SEC:0001050140,DESCARTES SYSTEMS GROUP INC,,1050140,DSGX,,SEC
SEC:0000866291,"ALLEGRO MICROSYSTEMS, INC.","ALLEGRO MICROSYSTEMS, INC.|ALLEGRO MICROSYSTEMS INC",866291,ALGM,,SEC
SEC:0001470419,easyJet plc,,1470419,ESYJY,,SEC
SEC:0001648512,Shimadzu Corporation/ADR,,1648512,SHMXY,,SEC
SEC:0001698535,NexGen Energy Ltd.,,1698535,NXE,,SEC
SEC:0001698990,Magnolia Oil & Gas Corp,TPG Pace Energy Holdings Corp.,1698990,MGY,,SEC
SEC:0001907982,D-Wave Quantum Inc.,,1907982,QBTS,,SEC
SEC:0001499620,TAL Education Group,,1499620,TAL,,SEC
SEC:0002088896,"X-Energy, Inc.",,2088896,XE,,SEC
SEC:0001697500,"Solaris Energy Infrastructure, Inc.","Solaris Oilfield Infrastructure, Inc.",1697500,SEI,,SEC
SEC:0001510599,PIMCO Dynamic Income Fund,,1510599,PDI,,SEC
SEC:0001823529,"Enact Holdings, Inc.","Genworth Mortgage Holdings, Inc.",1823529,ACT,,SEC
SEC:0001910139,Mobileye Global Inc.,Mobileye Holdings Inc.,1910139,MBLY,,SEC
SEC:0001718512,Gates Industrial Corp Ltd.,Gates Industrial Corp plc,1718512,GTES,,SEC
SEC:0001995807,LandBridge Co LLC,,1995807,LB,,SEC
SEC:0001384905,"RingCentral, Inc.",RingCentral Inc,1384905,RNG,,SEC
SEC:0001521036,"Lantheus Holdings, Inc.","Lantheus MI Holdings, Inc.",1521036,LNTH,,SEC
SEC:0002044984,Ariston Holding N.V./ADR,,2044984,ARSTY,,SEC
SEC:0000019584,CHEMED CORP,ROTO-ROOTER INC,19584,CHE,,SEC
SEC:0001513761,Norwegian Cruise Line Holdings Ltd.,,1513761,NCLH,,SEC
SEC:0001520006,Matador Resources Co,,1520006,MTDR,,SEC
SEC:0000824142,"AAON, INC.",AAON INC,824142,AAON,,SEC
SEC:0000717605,HEXCEL CORP /DE/,,717605,HXL,,SEC
SEC:0001316835,"Builders FirstSource, Inc.",,1316835,BLDR,,SEC
SEC:0001842827,Kanzhun Ltd,,1842827,BZ,,SEC
SEC:0000912615,URBAN OUTFITTERS INC,,912615,URBN,,SEC
SEC:0001289308,EnerSys,,1289308,ENS,,SEC
SEC:0001108426,TXNM ENERGY INC,PNM RESOURCES INC|PNM RESOURCES|MANZANO CORP,1108426,TXNM,,SEC
SEC:0001570827,"Victory Capital Holdings, Inc.",,1570827,VCTR,,SEC
SEC:0001107843,"QUALYS, INC.",QUALYS INC,1107843,QLYS,,SEC
SEC:0001487326,OceanaGold Corp,,1487326,OGC,,SEC
SEC:0000040211,GATX CORP,,40211,GATX,,SEC
SEC:0001878057,Super Group (SGHC) Ltd,,1878057,SGHC,,SEC
SEC:0001626115,PJT Partners Inc.,PJT Partners Inc.,1626115,PJT,,SEC
SEC:0001679273,"Lamb Weston Holdings, Inc.",,1679273,LW,,SEC
SEC:0001575515,"Sprouts Farmers Market, Inc.","Sprouts Farmers Markets, LLC",1575515,SFM,,SEC
SEC:0000729986,UNITED BANKSHARES INC/WV,UNITED BANKSHARES INC/WV,729986,UBSI,,SEC
SEC:0001164863,Enpro Inc.,"ENPRO INDUSTRIES, INC|ENPRO INDUSTRIES INC",1164863,NPO,,SEC
SEC:0001819848,"Joby Aviation, Inc.",Reinvent Technology Partners,1819848,JOBY,,SEC
SEC:0001360604,Healthcare Realty Trust Inc,"HEALTHCARE TRUST OF AMERICA, INC.|Healthcare Trust of America Holdings, LP|Grubb & Ellis Healthcare REIT, Inc.|NNN Healthcare/Office REIT, Inc.",1360604,HR,,SEC
SEC:0001970622,"USA Rare Earth, Inc.",Inflection Point Acquisition Corp. II,1970622,USAR,,SEC
SEC:0002079706,"Mitsubishi Gas Chemical Company, Inc./ADR",,2079706,MBSHY,,SEC
SEC:0000037808,FNB CORP/PA/,FNB CORP/FL/|FNB CORP/PA,37808,FNB,,SEC
SEC:0001723690,Bilibili Inc.,,1723690,BILI,,SEC
SEC:0001727196,Scholar Rock Holding Corp,,1727196,SRRK,,SEC
SEC:0001897762,Ingram Micro Holding Corp,,1897762,INGM,,SEC
SEC:0001581990,PLAINS GP HOLDINGS LP,,1581990,PAGP,,SEC
SEC:0001671933,"Trade Desk, Inc.",,1671933,TTD,,SEC
SEC:0000907654,"Oruka Therapeutics, Inc.","ARCA biopharma, Inc.|NUVELO INC|HYSEQ INC",907654,ORKA,,SEC
SEC:0001639438,"CAVA GROUP, INC.",,1639438,CAVA,,SEC
SEC:0001157557,ENERGY CO OF MINAS GERAIS,,1157557,CIG,,SEC
SEC:0001309108,WEX Inc.,Wright Express CORP,1309108,WEX,,SEC
SEC:0001872195,Bullish,,1872195,BLSH,,SEC
SEC:0001836833,Planet Labs PBC,"dMY Technology Group, Inc. IV",1836833,PL,,SEC
SEC:0001046257,Ingredion Inc,CORN PRODUCTS INTERNATIONAL INC,1046257,INGR,,SEC
SEC:0001615903,Intercorp Financial Services Inc.,,1615903,IFS,,SEC
SEC:0001860742,Bausch & Lomb Corp,,1860742,BLCO,,SEC
SEC:0001978954,BBB FOODS INC,,1978954,TBBB,,SEC
SEC:0002107018,DPC Holdings PLC,DPC Holdings Ltd,2107018,DPC,,SEC
SEC:0001659939,Enel Chile S.A.,Enersis Chile S.A.,1659939,ENIC,,SEC
SEC:0001062579,AMDOCS LTD,,1062579,DOX,,SEC
SEC:0001477294,Sensata Technologies Holding plc,Sensata Technologies Holding N.V.|Sensata Technologies Holding B.V.,1477294,ST,,SEC
SEC:0000945841,POOL CORP,SCP POOL CORP,945841,POOL,,SEC
SEC:0001451505,Transocean Ltd.,,1451505,RIG,,SEC
SEC:0001692115,"Southwest Gas Holdings, Inc.",,1692115,SWX,,SEC
SEC:0001819576,Liquidia Corp,,1819576,LQDA,,SEC
SEC:0001730430,"Kiniksa Pharmaceuticals International, plc","Kiniksa Pharmaceuticals, Ltd.",1730430,KNSA,,SEC
SEC:0001504764,Grupo Aval Acciones Y Valores S.A.,,1504764,AVAL,,SEC
SEC:0001603923,Weatherford International plc,Weatherford International Ltd,1603923,WFRD,,SEC
SEC:0000876437,MGIC INVESTMENT CORP,,876437,MTG,,SEC
SEC:0000052827,RAYONIER INC,ITT RAYONIER INC,52827,RYN,,SEC
SEC:0001454144,Eregli Demir ve Celik Fabrikalari TAS/ADR,,1454144,ERELY,,SEC
SEC:0002090312,Mobility Global Inc.,S&P Global Mobility Holding Co,2090312,MBGL,,SEC
SEC:0001169561,COMMVAULT SYSTEMS INC,,1169561,CVLT,,SEC
SEC:0001590895,"Caesars Entertainment, Inc.","Eldorado Resorts, Inc.|Eclair Holdings Co",1590895,CZR,,SEC
SEC:0001796022,StepStone Group Inc.,,1796022,STEP,,SEC
SEC:0001839341,"Core Scientific, Inc./tx",Power & Digital Infrastructure Acquisition Corp.,1839341,CORZ,,SEC
SEC:0000772406,"CIRRUS LOGIC, INC.",CIRRUS LOGIC INC,772406,CRUS,,SEC
SEC:0000016732,CAMPBELL'S Co,CAMPBELL SOUP CO,16732,CPB,,SEC
SEC:0001529192,Vipshop Holdings Ltd,,1529192,VIPS,,SEC
SEC:0002000178,Loar Holdings Inc.,"Loar Holdings, LLC",2000178,LOAR,,SEC
SEC:0001296445,"ORMAT TECHNOLOGIES, INC.",,1296445,ORA,,SEC
SEC:0001334036,"Crocs, Inc.",,1334036,CROX,,SEC
SEC:0001065696,LKQ CORP,LKQ CORP,1065696,LKQ,,SEC
SEC:0001448893,Essent Group Ltd.,,1448893,ESNT,,SEC
SEC:0000750577,HANCOCK WHITNEY CORP,HANCOCK HOLDING CO,750577,HWC,,SEC
SEC:0000794367,"Macy's, Inc.",FEDERATED DEPARTMENT STORES INC /DE/,794367,M,,SEC
SEC:0001849853,Stevanato Group S.p.A.,,1849853,STVN,,SEC
SEC:0002062583,"MiniMed Group, Inc.","MDT Sub Holdings, Inc.",2062583,MMED,,SEC
SEC:0001759425,"Mirum Pharmaceuticals, Inc.",,1759425,MIRM,,SEC
SEC:0001600033,"e.l.f. Beauty, Inc.","J.A. Cosmetics Holdings, Inc.",1600033,ELF,,SEC
SEC:0001433660,JBT MAREL Corp,John Bean Technologies CORP,1433660,JBTM,,SEC
SEC:0002015845,"Everus Construction Group, Inc.",,2015845,ECG,,SEC
SEC:0001657573,"Xometry, Inc.",,1657573,XMTR,,SEC
SEC:0001728951,"ESSENTIAL PROPERTIES REALTY TRUST, INC.",,1728951,EPRT,,SEC
SEC:0001646972,"Albertsons Companies, Inc.",,1646972,ACI,,SEC
SEC:0001331520,HOME BANCSHARES INC,,1331520,HOMB,,SEC
SEC:0001370418,STANDARD LIFE PLC,,1370418,SLFPY,,SEC
SEC:0001094831,"BGC Group, Inc.","BGC Partners, Inc.|ESPEED INC",1094831,BGC,,SEC
SEC:0001433642,Hamilton Lane INC,,1433642,HLNE,,SEC
SEC:0000886163,LIGAND PHARMACEUTICALS INC,LIGAND PHARMACEUTICALS,886163,LGND,,SEC
SEC:0000885550,CREDIT ACCEPTANCE CORP,CREDIT ACCEPTANCE CORPORATION,885550,CACC,,SEC
SEC:0001438533,"Travere Therapeutics, Inc.","Retrophin, Inc.|Desert Gateway, Inc.",1438533,TVTX,,SEC
SEC:0001638826,"ServiceTitan, Inc.",,1638826,TTAN,,SEC
SEC:0001018840,ABERCROMBIE & FITCH CO /DE/,ABERCROMBIE & FITCH CO /DE/,1018840,ANF,,SEC
SEC:0001637810,FirstService Corp,New FSV Corp,1637810,FSV,,SEC
SEC:0001402388,"WEST FRASER TIMBER CO., LTD",,1402388,WFG,,SEC
SEC:0000868671,"GLACIER BANCORP, INC.",GLACIER BANCORP INC,868671,GBCI,,SEC
SEC:0001736035,Blackstone Secured Lending Fund,Blackstone / GSO Secured Lending Fund,1736035,BXSL,,SEC
SEC:0001352010,"EPAM Systems, Inc.",EPAM SYSTEMS INC,1352010,EPAM,,SEC
SEC:0000790526,"RadNet, Inc.","RadNet, Inc.|PRIMEDEX HEALTH SYSTEMS INC",790526,RDNT,,SEC
SEC:0001278021,MARKETAXESS HOLDINGS INC,MARKETAXESS HOLDINGS INC|MARKETAXESS HOLDING INC,1278021,MKTX,,SEC
SEC:0001465128,"STARWOOD PROPERTY TRUST, INC.",,1465128,STWD,,SEC
SEC:0000314808,Valaris Ltd,Valaris plc|Ensco Rowan plc|Ensco plc|Ensco International plc|ENSCO INTERNATIONAL INC|ENERGY SERVICE COMPANY INC,314808,VAL,,SEC
SEC:0000853816,LANDSTAR SYSTEM INC,,853816,LSTR,,SEC
SEC:0000310522,FEDERAL NATIONAL MORTGAGE ASSOCIATION FANNIE MAE,FEDERAL NATIONAL MORTGAGE ASSOCIATION,310522,FNMA,,SEC
SEC:0001398659,Genpact LTD,,1398659,G,,SEC
SEC:0001013857,PEGASYSTEMS INC,,1013857,PEGA,,SEC
SEC:0001622229,"Cogent Biosciences, Inc.","Unum Therapeutics Inc.|Unum Therapeutics, Inc.",1622229,COGT,,SEC
SEC:0001604481,CMB.TECH NV,Euronav NV,1604481,CMBT,,SEC
SEC:0001692063,"Schneider National, Inc.",,1692063,SNDR,,SEC
SEC:0001759509,"Lyft, Inc.",,1759509,LYFT,,SEC
SEC:0001674416,CRISPR Therapeutics AG,CRISPR Therapeutics AG,1674416,CRSP,,SEC
SEC:0001784570,"BETA Technologies, Inc.",Beta Technologies Inc.,1784570,BETA,,SEC
SEC:0001114995,IMPINJ INC,IMPINJ INC,1114995,PI,,SEC
SEC:0000784977,PORTLAND GENERAL ELECTRIC CO /OR/,,784977,POR,,SEC
SEC:0001012019,RUSH ENTERPRISES INC \TX\,,1012019,RUSHA,,SEC
SEC:0000310142,SENSIENT TECHNOLOGIES CORP,UNIVERSAL FOODS CORP,310142,SXT,,SEC
SEC:0000918646,EAGLE MATERIALS INC,CENTEX CONSTRUCTION PRODUCTS INC,918646,EXP,,SEC
SEC:0001580905,"Installed Building Products, Inc.",,1580905,IBP,,SEC
SEC:0000351569,Ameris Bancorp,ABC BANCORP,351569,ABCB,,SEC
SEC:0000020212,Churchill Downs Inc,,20212,CHDN,,SEC
SEC:0000350698,"AUTONATION, INC.",AUTONATION INC /FL|REPUBLIC INDUSTRIES INC|REPUBLIC WASTE INDUSTRIES INC,350698,AN,,SEC
SEC:0001791863,Brookfield Renewable Corp,,1791863,BEPC,,SEC
SEC:0001516324,Barratt Developments PLC/ADR,,1516324,BTDPY,,SEC
SEC:0001002638,OPEN TEXT CORP,,1002638,OTEX,,SEC
SEC:0000883948,Atlantic Union Bankshares Corp,UNION BANKSHARES CORP|Union Bankshares Corp|UNION FIRST MARKET BANKSHARES CORP,883948,AUB,,SEC
SEC:0001130464,BLACK HILLS CORP /SD/,BLACK HILLS HOLDING CORP,1130464,BKH,,SEC
SEC:0001655888,Blue Owl Capital Corp,Owl Rock Capital Corp,1655888,OBDC,,SEC
SEC:0000806968,WPP plc,WPP GROUP PLC,806968,WPP,,SEC
SEC:0001767042,"Kodiak Gas Services, Inc.","Frontier TopCo, Inc.",1767042,KGS,,SEC
SEC:0001070081,"PTC THERAPEUTICS, INC.",PTC THERAPEUTICS INC,1070081,PTCT,,SEC
SEC:0000007789,ASSOCIATED BANC-CORP,,7789,ASB,,SEC
SEC:0001345105,"Copa Holdings, S.A.",,1345105,CPA,,SEC
SEC:0001690585,"Dianthus Therapeutics, Inc. /DE/","Magenta Therapeutics, Inc.",1690585,DNTH,,SEC
SEC:0002070849,"BillionToOne, Inc.",,2070849,BLLN,,SEC
SEC:0001838359,"Rigetti Computing, Inc.","Supernova Partners Acquisition Co II, Ltd.",1838359,RGTI,,SEC
SEC:0001761918,"Erasca, Inc.",,1761918,ERAS,,SEC
SEC:0001571123,Science Applications International Corp,"SAIC Gemini, Inc.",1571123,SAIC,,SEC
SEC:0001361113,VARONIS SYSTEMS INC,,1361113,VRNS,,SEC
SEC:0001718227,"Construction Partners, Inc.",,1718227,ROAD,,SEC
SEC:0000911177,CASELLA WASTE SYSTEMS INC,,911177,CWST,,SEC
SEC:0001639723,"Navan, Inc.","TripActions, Inc.",1639723,NAVN,,SEC
SEC:0001076930,NOVANTA INC,GSI GROUP INC|GSI LUMONICS INC|GSI LUMONICS|LUMONICS INC,1076930,NOVT,,SEC
SEC:0000009326,BALCHEM CORP,,9326,BCPC,,SEC
SEC:0001556593,Rithm Capital Corp.,New Residential Investment Corp.|Spinco Inc.,1556593,RITM,,SEC
SEC:0000356309,NEW JERSEY RESOURCES CORP,,356309,NJR,,SEC
SEC:0001727263,"Frontdoor, Inc.","AHS Holding Company, Inc.",1727263,FTDR,,SEC
SEC:0001813814,"Definium Therapeutics, Inc.",Mind Medicine (MindMed) Inc.,1813814,DFTX,,SEC
SEC:0002065636,"SOLV Energy, Inc.",,2065636,MWH,,SEC
SEC:0001822479,Sotera Health Co,"Sotera Health Topco, Inc.",1822479,SHC,,SEC
SEC:0001308547,"Dolby Laboratories, Inc.",,1308547,DLB,,SEC
SEC:0001376139,CVR ENERGY INC,,1376139,CVI,,SEC
SEC:0001104657,MATERION Corp,BRUSH ENGINEERED MATERIALS INC,1104657,MTRN,,SEC
SEC:0000084246,RLI CORP,,84246,RLI,,SEC
SEC:0001389050,"Archrock, Inc.","EXTERRAN HOLDINGS INC.|Iliad Holdings, INC",1389050,AROC,,SEC
SEC:0001297989,"ExlService Holdings, Inc.",,1297989,EXLS,,SEC
SEC:0001041803,PRICESMART INC,,1041803,PSMT,,SEC
SEC:0000103379,V F CORP,V F CORP/NC|V F CORP /PA/,103379,VFC,,SEC
SEC:0001507605,"MARA Holdings, Inc.","MARATHON DIGITAL HOLDINGS, INC.|Marathon Patent Group, Inc.|American Strategic Minerals Corp|VERVE VENTURES INC",1507605,MARA,,SEC
SEC:0000012659,H&R BLOCK INC,,12659,HRB,,SEC
SEC:0001654795,Brookfield Business Partners L.P.,Brookfield Business Partners L.P.,1654795,BBUC,,SEC
SEC:0001793659,"Rush Street Interactive, Inc.","dMY Technology Group, Inc.",1793659,RSI,,SEC
SEC:0002054696,NIQ Global Intelligence plc,NIQ Global Intelligence plc|NIQ Global Intelligence Ltd,2054696,NIQ,,SEC
SEC:0000096943,TELEFLEX INC,,96943,TFX,,SEC
SEC:0000100591,ARGAN INC,PUROFLOW INC,100591,AGX,,SEC
SEC:0001476204,"Phillips Edison & Company, Inc.","PHILLIPS EDISON GROCERY CENTER REIT I, INC.|Phillips Edison - ARC Shopping Center REIT Inc.",1476204,PECO,,SEC
SEC:0001396440,Main Street Capital CORP,,1396440,MAIN,,SEC
SEC:0001977102,Birkenstock Holding plc,Birkenstock Holding Ltd|Birkenstock Group Ltd,1977102,BIRK,,SEC
SEC:0000906553,BOYD GAMING CORP,,906553,BYD,,SEC
SEC:0000910073,"FLAGSTAR BANK, NATIONAL ASSOCIATION","FLAGSTAR FINANCIAL, INC.|NEW YORK COMMUNITY BANCORP, INC.|NEW YORK COMMUNITY BANCORP INC|QUEENS COUNTY BANCORP INC",910073,FLG,,SEC
SEC:0000230557,SELECTIVE INSURANCE GROUP INC,,230557,SIGI,,SEC
SEC:0001306830,Celanese Corp,,1306830,CE,,SEC
SEC:0002003292,Klarna Group plc,,2003292,KLAR,,SEC
SEC:0001852244,"GXO Logistics, Inc.",,1852244,GXO,,SEC
SEC:0002083632,Octave Intelligence plc,Octave Intelligence Ltd,2083632,OCTV,,SEC
SEC:0001856314,"Clear Secure, Inc.",,1856314,YOU,,SEC
SEC:0000856982,MERIT MEDICAL SYSTEMS INC,,856982,MMSI,,SEC
SEC:0002048270,"Sumitomo Forestry Co., Ltd./ADR",,2048270,SMFSY,,SEC
SEC:0001679049,"International Seaways, Inc.","OSG International, INC",1679049,INSW,,SEC
SEC:0001230245,PIPER SANDLER COMPANIES,PIPER JAFFRAY COMPANIES,1230245,PIPR,,SEC
SEC:0001866175,Crescent Energy Co,IE PubCo Inc.,1866175,CRGY,,SEC
SEC:0001680062,"ACM Research, Inc.",,1680062,ACMR,,SEC
SEC:0001507079,"Floor & Decor Holdings, Inc.","FDO Holdings, Inc.",1507079,FND,,SEC
SEC:0001418819,Iridium Communications Inc.,GHL Acquisition Corp.,1418819,IRDM,,SEC
SEC:0001207179,GOLAR LNG LTD,,1207179,GLNG,,SEC
SEC:0001286043,KITE REALTY GROUP TRUST,,1286043,KRG,,SEC
SEC:0000887596,CHEESECAKE FACTORY INC,CHEESECAKE FACTORY INCORPORATED,887596,CAKE,,SEC
SEC:0002044863,"Tokyo Metro Co., Ltd./ADR",,2044863,TKMTY,,SEC
SEC:0001569650,Bank OZK,Bank of the Ozarks,1569650,OZK,,SEC
SEC:0000102752,VSE CORP,,102752,VSEC,,SEC
SEC:0001299709,"Axos Financial, Inc.","BofI Holding, Inc.",1299709,AX,,SEC
SEC:0001049521,MERCURY SYSTEMS INC,MERCURY COMPUTER SYSTEMS INC,1049521,MRCY,,SEC
SEC:0001334933,URANIUM ENERGY CORP,,1334933,UEC,,SEC
SEC:0001795250,Sphere Entertainment Co.,"Madison Square Garden Entertainment Corp.|MSG ENTERTAINMENT SPINCO, INC.",1795250,SPHR,,SEC
SEC:0000717423,MURPHY OIL CORP,MURPHY OIL CORP /DE,717423,MUR,,SEC
SEC:0000813762,ICAHN ENTERPRISES L.P.,AMERICAN REAL ESTATE PARTNERS L P,813762,IEP,,SEC
SEC:0001142417,"NEXSTAR MEDIA GROUP, INC.",NEXSTAR BROADCASTING GROUP INC,1142417,NXST,,SEC
SEC:0000769520,MIDDLEBY Corp,,769520,MIDD,,SEC
SEC:0001492298,"Sabra Health Care REIT, Inc.",,1492298,SBRA,,SEC
SEC:0000861459,GRANITE CONSTRUCTION INC,,861459,GVA,,SEC
SEC:0001857047,MDA Space Ltd.,MDA Ltd.,1857047,MDA,,SEC
SEC:0001438569,Grifols SA,,1438569,GRFS,,SEC
SEC:0000103730,VISHAY INTERTECHNOLOGY INC,,103730,VSH,,SEC
SEC:0001224608,"CNO Financial Group, Inc.",CONSECO INC,1224608,CNO,,SEC
SEC:0002013745,"Calumet, Inc. /DE",,2013745,CLMT,,SEC
SEC:0001722684,"WYNDHAM HOTELS & RESORTS, INC.",,1722684,WH,,SEC
SEC:0001070235,BLACKBERRY Ltd,BLACKBERRY Ltd|RESEARCH IN MOTION LTD,1070235,BB,,SEC
SEC:0000935036,"ACI WORLDWIDE, INC.",TRANSACTION SYSTEMS ARCHITECTS INC,935036,ACIW,,SEC
SEC:0001653653,"Red Rock Resorts, Inc.","Red Rock Resorts, Inc.|Station Casinos Corp.",1653653,RRR,,SEC
SEC:0001051627,AXT INC,AMERICAN XTAL TECHNOLOGY,1051627,AXTI,,SEC
SEC:0001378239,Central North Airport Group,,1378239,OMAB,,SEC
SEC:0000912766,"LAUREATE EDUCATION, INC.",SYLVAN LEARNING SYSTEMS INC,912766,LAUR,,SEC
SEC:0001699031,"GRAIL, Inc.","GRAIL, LLC",1699031,GRAL,,SEC
SEC:0000313143,HAEMONETICS CORP,,313143,HAE,,SEC
SEC:0000091767,SONOCO PRODUCTS CO,,91767,SON,,SEC
SEC:0001880319,"Perimeter Solutions, Inc.","Perimeter Solutions, SA",1880319,PRM,,SEC
SEC:0000812011,VAIL RESORTS INC,GILLETT HOLDINGS INC,812011,MTN,,SEC
SEC:0001820872,"Global Business Travel Group, Inc.",Apollo Strategic Growth Capital,1820872,GBTG,,SEC
SEC:0001710072,"Edgewise Therapeutics, Inc.",,1710072,EWTX,,SEC
SEC:0001579877,OUTFRONT Media Inc.,OUTFRONT Media Inc.|CBS OUTDOOR AMERICAS INC.,1579877,OUT,,SEC
SEC:0001691303,"WARRIOR MET COAL, INC.","WARRIOR MET COAL, LLC",1691303,HCC,,SEC
SEC:0001853868,Fervo Energy Co,,1853868,FRVO,,SEC
SEC:0001990354,Waystar Holding Corp.,,1990354,WAY,,SEC
SEC:0000776867,WHITE MOUNTAINS INSURANCE GROUP LTD,WHITE MOUNTAINS INSURANCE GROUP INC|FUND AMERICAN ENTERPRISES HOLDINGS INC,776867,WTM,,SEC
SEC:0001639300,"Ollie's Bargain Outlet Holdings, Inc.",,1639300,OLLI,,SEC
SEC:0001070412,CNX Resources Corp,CONSOL ENERGY INC|CONSOL Energy Inc,1070412,CNX,,SEC
SEC:0001624794,"CSW INDUSTRIALS, INC.",CSWC Newco Corp.,1624794,CSW,,SEC
SEC:0001810546,"Eastern Bankshares, Inc.",,1810546,EBC,,SEC
SEC:0001735707,Garrett Motion Inc.,Garrett Transportation Systems Inc.,1735707,GTX,,SEC
SEC:0001827635,"Veradermics, Inc",,1827635,MANE,,SEC
SEC:0002011286,"Amentum Holdings, Inc.",Amazon Holdco Inc.,2011286,AMTM,,SEC
SEC:0002094691,Ottobock SE & Co. KGaA/ADR,,2094691,OBOCY,,SEC
SEC:0001845257,"LifeStance Health Group, Inc.",,1845257,LFST,,SEC
SEC:0001364479,HERC HOLDINGS INC,HERTZ GLOBAL HOLDINGS INC,1364479,HRI,,SEC
SEC:0001672013,Acushnet Holdings Corp.,,1672013,GOLF,,SEC
SEC:0000104889,Graham Holdings Co,WASHINGTON POST CO,104889,GHC,,SEC
SEC:0001592386,"Virtu Financial, Inc.",,1592386,VIRT,,SEC
SEC:0001425205,"IOVANCE BIOTHERAPEUTICS, INC.","Lion Biotechnologies, Inc.|Genesis Biopharma, Inc|FREIGHT MANAGEMENT CORP",1425205,IOVA,,SEC
SEC:0001747777,Blue Owl Technology Finance Corp.,Owl Rock Technology Finance Corp.,1747777,OTF,,SEC
SEC:0000043920,"GREIF, INC",GREIF INC|GREIF BROTHERS CORP,43920,GEF,,SEC
SEC:0000717954,UNIFIRST CORP,,717954,UNF,,SEC
SEC:0001561894,"HA Sustainable Infrastructure Capital, Inc.","Hannon Armstrong Sustainable Infrastructure Capital, Inc.",1561894,HASI,,SEC
SEC:0001347426,Macro Bank Inc.,Macro Bansud Bank Inc.,1347426,BMA,,SEC
SEC:0000090896,"Champion Homes, Inc.","Champion Homes, Inc.|Skyline Champion Corp|SKYLINE CORP",90896,SKY,,SEC
SEC:0001703056,ADT Inc.,"ADT Inc.|ADT, Inc.|Prime Security Services Parent, Inc.",1703056,ADT,,SEC
SEC:0001519751,"Fortune Brands Innovations, Inc.","Fortune Brands Home & Security, Inc.|Fortune Brands Home & Security LLC",1519751,FBIN,,SEC
SEC:0000025232,COUSINS PROPERTIES INC,,25232,CUZ,,SEC
SEC:0001468091,VEON Ltd.,VimpelCom Ltd.,1468091,VEON,,SEC
SEC:0002017206,"Millrose Properties, Inc.",,2017206,MRP,,SEC
SEC:0001835830,"Klaviyo, Inc.",,1835830,KVYO,,SEC
SEC:0001657677,"Parabilis Medicines, Inc.","FOG PHARMACEUTICALS, INC.",1657677,PBLS,,SEC
SEC:0001516513,"Doximity, Inc.",,1516513,DOCS,,SEC
SEC:0001516536,Rightmove PLC/ADR,,1516536,RMVEY,,SEC
SEC:0001547870,Bumrungrad Hospital Public Co Limited/ADR,,1547870,BUHPY,,SEC
SEC:0000001750,AAR CORP,,1750,AIR,,SEC
SEC:0000275880,PARSONS CORP,PARSON CORP,275880,PSN,,SEC
SEC:0000060519,LOUISIANA-PACIFIC CORP,LOUISIANA PACIFIC CORP,60519,LPX,,SEC
SEC:0001693736,EquipmentShare.com Inc,EquipmentShare.com Inc.,1693736,EQPT,,SEC
SEC:0001381668,TFS Financial CORP,,1381668,TFSL,,SEC
SEC:0000913353,Colliers International Group Inc.,FIRSTSERVICE CORP,913353,CIGI,,SEC
SEC:0000355811,GENTEX CORP,,355811,GNTX,,SEC
SEC:0001710366,"Core Natural Resources, Inc.",CONSOL Energy Inc.|CONSOL Mining Corp,1710366,CNR,,SEC
SEC:0001786431,Reynolds Consumer Products Inc.,,1786431,REYN,,SEC
SEC:0001607678,"Viking Therapeutics, Inc.",,1607678,VKTX,,SEC
SEC:0000036029,FIRST FINANCIAL BANKSHARES INC,,36029,FFIN,,SEC
SEC:0002067876,"Versant Media Group, Inc.",,2067876,VSNT,,SEC
SEC:0000766421,"ALASKA AIR GROUP, INC.",ALASKA AIR GROUP INC,766421,ALK,,SEC
SEC:0001126956,SPIRE INC,LACLEDE GROUP INC,1126956,SR,,SEC
SEC:0000056978,KULICKE & SOFFA INDUSTRIES INC,,56978,KLIC,,SEC
SEC:0001699136,"Cactus, Inc.",,1699136,WHD,,SEC
SEC:0001587732,"ONE Gas, Inc.",,1587732,OGS,,SEC
SEC:0001609253,California Resources Corp,,1609253,CRC,,SEC
SEC:0001840776,"Hagerty, Inc.",Aldel Financial Inc.,1840776,HGTY,,SEC
SEC:0001815779,Hafnia Ltd,,1815779,HAFN,,SEC
SEC:0000932696,INSIGHT ENTERPRISES INC,,932696,NSIT,,SEC
SEC:0001694426,"Delek US Holdings, Inc.","Delek Holdco, Inc.",1694426,DK,,SEC
SEC:0000890926,RADIAN GROUP INC,CMAC INVESTMENT CORP,890926,RDN,,SEC
SEC:0001430723,"ServisFirst Bancshares, Inc.",,1430723,SFBS,,SEC
SEC:0001070494,ACADIA PHARMACEUTICALS INC,,1070494,ACAD,,SEC
SEC:0001496919,MARFRIG GLOBAL FOODS S.A.,MARFRIG ALIMENTOS S.A.,1496919,MBRFY,,SEC
SEC:0000073756,OCEANEERING INTERNATIONAL INC,,73756,OII,,SEC
SEC:0001853717,Atour Lifestyle Holdings Ltd,,1853717,ATAT,,SEC
SEC:0001854640,Centerra Gold Inc.,,1854640,CGAU,,SEC
SEC:0000912767,UFP INDUSTRIES INC,UNIVERSAL FOREST PRODUCTS INC,912767,UFPI,,SEC
SEC:0001449664,CTF Services Ltd,NWS Holdings Ltd,1449664,NWSGY,,SEC
SEC:0001032033,SLM Corp,USA EDUCATION INC|SLM HOLDING CORP,1032033,SLM,,SEC
SEC:0001046311,CHOICE HOTELS INTERNATIONAL INC /DE,SUNBURST HOSPITALITY CORP|CHOICE HOTELS INTERNATIONAL INC/|CHOICE HOTELS FRANCHISING INC,1046311,CHH,,SEC
SEC:0002093907,RENK Group AG/ADR,,2093907,RKGRY,,SEC
SEC:0001463101,"Enphase Energy, Inc.",,1463101,ENPH,,SEC
SEC:0001495153,MakeMyTrip Ltd,,1495153,MMYT,,SEC
SEC:0001372612,BOX INC,BOX.NET INC,1372612,BOX,,SEC
SEC:0001258602,NELNET INC,,1258602,NNI,,SEC
SEC:0001478320,Adaptive Biotechnologies Corp,Adaptive TCR Corp,1478320,ADPT,,SEC
SEC:0000886977,METHANEX CORP,,886977,MEOH,,SEC
SEC:0001071321,TURKCELL ILETISIM HIZMETLERI A S,,1071321,TKC,,SEC
SEC:0001782170,"Remitly Global, Inc.",,1782170,RELY,,SEC
SEC:0001069878,TREX CO INC,,1069878,TREX,,SEC
SEC:0000077543,TUTOR PERINI CORP,PERINI CORP,77543,TPC,,SEC
SEC:0000700923,MYR GROUP INC.,MYR GROUP INC.|MYR GROUP INC|MYERS L E CO GROUP,700923,MYRG,,SEC
SEC:0002014596,"Concentra Group Holdings Parent, Inc.",,2014596,CON,,SEC
SEC:0000050725,GRIFFON CORP,GRIFFON CORP|INSTRUMENT SYSTEMS CORP /DE/,50725,GFF,,SEC
SEC:0001517175,"Chefs' Warehouse, Inc.","Chefs' Warehouse Holdings, LLC",1517175,CHEF,,SEC
SEC:0002040127,Karman Holdings Inc.,TCFIII SPACECO HOLDINGS LLC,2040127,KRMN,,SEC
SEC:0001045450,EPR PROPERTIES,ENTERTAINMENT PROPERTIES TRUST,1045450,EPR,,SEC
SEC:0001788348,Brookfield Infrastructure Corp,,1788348,BIPC,,SEC
SEC:0001646188,Ondas Inc.,Ondas Holdings Inc.|ZEV VENTURES INC.,1646188,ONDS,,SEC
SEC:0000700564,FULTON FINANCIAL CORP,,700564,FULT,,SEC
SEC:0001596967,Moelis & Co,,1596967,MC,,SEC
SEC:0001841408,Dave Inc./DE,"VPC Impact Acquisition Holdings III, Inc.",1841408,DAVE,,SEC
SEC:0001357615,"KBR, INC.",,1357615,KBR,,SEC
SEC:0000029002,DIODES INC /DEL/,,29002,DIOD,,SEC
SEC:0001433087,FLSMIDTH & CO. A/S,,1433087,FLIDY,,SEC
SEC:0001866364,Webull Corp,,1866364,BULL,,SEC
SEC:0001830081,RUM Group Inc.,Rumble Inc.|CF Acquisition Corp. VI,1830081,RUM,,SEC
SEC:0000078890,BRINKS CO,PITTSTON CO,78890,BCO,,SEC
SEC:0000913142,BELDEN INC.,BELDEN CDT INC.|CABLE DESIGN TECHNOLOGIES CORP,913142,BDC,,SEC
SEC:0001993004,"NorthWestern Energy Group, Inc.",,1993004,NWE,,SEC
SEC:0000315709,INTERNATIONAL BANCSHARES CORP,,315709,IBOC,,SEC
SEC:0001464521,"Heartflow, Inc.","Cardiovascular Simulation, Inc.",1464521,HTFL,,SEC
SEC:0001469395,Pampa Energy Inc.,,1469395,PAM,,SEC
SEC:0001826836,Aya Gold & Silver Inc.,,1826836,AYA,,SEC
SEC:0001824502,Archer Aviation Inc.,Atlas Crest Investment Corp.,1824502,ACHR,,SEC
SEC:0000098222,TIDEWATER INC,,98222,TDW,,SEC
SEC:0000003197,CECO ENVIRONMENTAL CORP,,3197,CECO,,SEC
SEC:0001489079,Adaro Energy PT/ADR/,,1489079,ADOOY,,SEC
SEC:0000014930,BRUNSWICK CORP,,14930,BC,,SEC
SEC:0001639691,LivaNova PLC,Sand Holdco Plc,1639691,LIVN,,SEC
SEC:0000833079,Meritage Homes CORP,MERITAGE CORP|MONTEREY HOMES CORP|HOMEPLEX MORTGAGE INVESTMENTS CORP,833079,MTH,,SEC
SEC:0001114483,Integer Holdings Corp,"GREATBATCH, INC.|WILSON GREATBATCH TECHNOLOGIES INC",1114483,ITGR,,SEC
SEC:0001997350,Accelerant Holdings,,1997350,ARX,,SEC
SEC:0000889900,PATTERSON UTI ENERGY INC,PATTERSON ENERGY INC,889900,PTEN,,SEC
SEC:0001625297,"Indivior Pharmaceuticals, Inc.",INDIVIOR PLC,1625297,INDV,,SEC
SEC:0001317685,Alliance Laundry Holdings Inc.,ALH Holding Inc.|ALH Holding Inc,1317685,ALH,,SEC
SEC:0001056288,"FEDERATED HERMES, INC.",FEDERATED INVESTORS INC /PA/,1056288,FHI,,SEC
SEC:0002127043,Jersey Mike's Subs Inc.,,2127043,JMKE,,SEC
SEC:0000899715,TANGER INC.,"TANGER INC.|TANGER FACTORY OUTLET CENTERS, INC|TANGER FACTORY OUTLET CENTERS INC",899715,SKT,,SEC
SEC:0000278166,"CAVCO INDUSTRIES, INC.",CAVCO INDUSTRIES INC.|CAVCO INDUSTRIES INC,278166,CVCO,,SEC
SEC:0001786842,Vontier Corp,TTF Holdings Corp.,1786842,VNT,,SEC
SEC:0001051512,TELEPHONE & DATA SYSTEMS INC /DE/,,1051512,TDS,,SEC
SEC:0001395942,"OPENLANE, Inc.","KAR Auction Services, Inc.|KAR Holdings, Inc.",1395942,OPLN,,SEC
SEC:0000038725,FRANKLIN ELECTRIC CO INC,,38725,FELE,,SEC
SEC:0001529864,"Enova International, Inc.","Enova International, Inc.",1529864,ENVA,,SEC
SEC:0000887153,"GRUPO SIMEC, S.A.B. de C.V.",GROUP SIMEC SA DE CV,887153,SIM,,SEC
SEC:0001877322,ESAB Corp,,1877322,ESAB,,SEC
SEC:0001600928,Hamamatsu Photonics K.K./ADR,,1600928,HPHTY,,SEC
SEC:0000931427,GAS TRANSPORTER OF THE SOUTH INC,GAS TRANSPORTER OF THE SOUTH INC,931427,TGS,,SEC
SEC:0001846832,dLocal Ltd,,1846832,DLO,,SEC
SEC:0001658551,"Amylyx Pharmaceuticals, Inc.",,1658551,AMLX,,SEC
SEC:0001385280,"Cinemark Holdings, Inc.",,1385280,CNK,,SEC
SEC:0001455863,AMERICOLD REALTY TRUST,,1455863,COLD,,SEC
SEC:0001703057,AbCellera Biologics Inc.,,1703057,ABCL,,SEC
SEC:0000730464,Covista Inc.,Adtalem Global Education Inc.|Adtalem Global Education|DEVRY EDUCATION GROUP INC.|DEVRY EDUCATION GROUP|DEVRY INC,730464,CVSA,,SEC
SEC:0001483934,Scorpio Tankers Inc.,,1483934,STNG,,SEC
SEC:0002044153,NGEx Minerals Ltd.,,2044153,NGXXF,,SEC
SEC:0001713748,Skeena Resources Ltd,,1713748,SKE,,SEC
SEC:0001057706,FIRST BANCORP /PR/,,1057706,FBP,,SEC
SEC:0000056679,KORN FERRY,KORN FERRY INTERNATIONAL,56679,KFY,,SEC
SEC:0001077428,TEXAS CAPITAL BANCSHARES INC/TX,,1077428,TCBI,,SEC
SEC:0001361538,Primoris Services Corp,Primoris Services CORP|Primoris Services Corp|Rhapsody Acquisition Corp.,1361538,PRIM,,SEC
SEC:0001819133,"Tango Therapeutics, Inc.",BCTG Acquisition Corp.,1819133,TNGX,,SEC
SEC:0002091028,Metallium Limited/ADR,,2091028,MTLMY,,SEC
SEC:0001812364,"Relay Therapeutics, Inc.",,1812364,RLAY,,SEC
SEC:0001517413,"Fastly, Inc.",,1517413,FSLY,,SEC
SEC:0000857855,UNITED COMMUNITY BANKS INC,,857855,UCB,,SEC
SEC:0002035057,Inficon Holding AG/ADR,,2035057,IFHLY,,SEC
SEC:0001603454,Celcuity Inc.,Celcuity LLC,1603454,CELC,,SEC
SEC:0001809987,"Mirion Technologies, Inc.",GS Acquisition Holdings Corp II,1809987,MIR,,SEC
SEC:0001748797,BRP Inc.,,1748797,DOO,,SEC
SEC:0002085236,AUMOVIO SE,,2085236,AMVOY,,SEC
SEC:0001650729,"SiteOne Landscape Supply, Inc.",,1650729,SITE,,SEC
SEC:0001836470,Sportradar Group AG,Sportradar Holding AG|Sportrader Holding AG,1836470,SRAD,,SEC
SEC:0000861842,CATHAY GENERAL BANCORP,CATHAY BANCORP INC,861842,CATY,,SEC
SEC:0000016040,CABOT CORP,CABOT CORP,16040,CBT,,SEC
SEC:0000008947,AZZ INC,AZTEC MANUFACTURING CO,8947,AZZ,,SEC
SEC:0001841156,"Paymentus Holdings, Inc.",,1841156,PAY,,SEC
SEC:0001424182,"Broadstone Net Lease, Inc.",Broadstone Net Lease Inc,1424182,BNL,,SEC
SEC:0001025996,KILROY REALTY CORP,,1025996,KRC,,SEC
SEC:0001964504,Aris Mining Corp,,1964504,ARIS,,SEC
SEC:0001670061,Almonty Industries Inc.,,1670061,ALM,,SEC
SEC:0002007191,Telix Pharmaceuticals Ltd,,2007191,TLX,,SEC
SEC:0000780571,"ITRON, INC.",ITRON INC /WA/,780571,ITRI,,SEC
SEC:0000821483,"PAR PACIFIC HOLDINGS, INC.",PAR PETROLEUM CORP/CO|DELTA PETROLEUM CORP/CO,821483,PARR,,SEC
SEC:0001811935,Pattern Group Inc.,"Covalent Group, Inc.",1811935,PTRN,,SEC
SEC:0000883984,ICU MEDICAL INC/DE,,883984,ICUI,,SEC
SEC:0000088121,SEABOARD CORP /DE/,,88121,SEB,,SEC
SEC:0001101215,"BREAD FINANCIAL HOLDINGS, INC.",ALLIANCE DATA SYSTEMS CORP,1101215,BFH,,SEC
SEC:0001174169,ALGONQUIN POWER & UTILITIES CORP.,ALGONQUIN POWER INCOME FUND,1174169,AQN,,SEC
SEC:0001040971,SL GREEN REALTY CORP,,1040971,SLG,,SEC
SEC:0000023194,COMSTOCK RESOURCES INC,,23194,CRK,,SEC
SEC:0000046765,"Helmerich & Payne, Inc.",HELMERICH & PAYNE INC,46765,HP,,SEC
SEC:0000828944,WSFS FINANCIAL CORP,,828944,WSFS,,SEC
SEC:0000860546,COPT DEFENSE PROPERTIES,CORPORATE OFFICE PROPERTIES TRUST|CORPORATE OFFICE PROPERTIES TRUST INC|ROYALE INVESTMENTS INC,860546,CDP,,SEC
SEC:0001660280,"Tenable Holdings, Inc.",,1660280,TENB,,SEC
SEC:0001786352,"BILL Holdings, Inc.","BILL Holdings, Inc.|Bill.com Holdings, Inc.",1786352,BILL,,SEC
SEC:0001888447,"Excelerate Energy, Inc.",,1888447,EE,,SEC
SEC:0001530238,JOYY Inc.,YY Inc.,1530238,JOYY,,SEC
SEC:0000849869,SILGAN HOLDINGS INC,,849869,SLGN,,SEC
SEC:0001717393,CORPORACION AMERICA AIRPORTS S.A.,,1717393,CAAP,,SEC
SEC:0000793733,SKYWEST INC,,793733,SKYW,,SEC
SEC:0001981792,Howard Hughes Holdings Inc.,,1981792,HHH,,SEC
SEC:0000723612,"AVIS BUDGET GROUP, INC.",CENDANT CORP|CUC INTERNATIONAL INC /DE/,723612,CAR,,SEC
SEC:0000354647,CVB FINANCIAL CORP,CVB FINANCIAL CORP,354647,CVBF,,SEC
SEC:0000067716,MDU RESOURCES GROUP INC,MDU RESOURCES GROUP INC,67716,MDU,,SEC
SEC:0000832988,SIGNET JEWELERS LTD,SIGNET GROUP PLC,832988,SIG,,SEC
SEC:0000746598,BRADY CORP,BRADY W H CO,746598,BRC,,SEC
SEC:0002089661,SunocoCorp LLC,,2089661,SUNC,,SEC
SEC:0000827876,"CLEANSPARK, INC.",STRATEAN INC.|SMARTDATA CORP,827876,CLSK,,SEC
SEC:0000949157,CENTURY ALUMINUM CO,,949157,CENX,,SEC
SEC:0001610250,"Boot Barn Holdings, Inc.",,1610250,BOOT,,SEC
SEC:0002092258,Air Water Inc./ADR,,2092258,AWATY,,SEC
SEC:0000923796,GEO GROUP INC,WACKENHUT CORRECTIONS CORP,923796,GEO,,SEC
SEC:0001853860,Ero Copper Corp.,,1853860,ERO,,SEC
SEC:0001757073,Envista Holdings Corp,,1757073,NVST,,SEC
SEC:0002007691,Ionic Digital Inc.,,2007691,IOND,,SEC
SEC:0001860160,Firefly Aerospace Inc.,,1860160,FLY,,SEC
SEC:0000009092,BADGER METER INC,BADGER METER INC,9092,BMI,,SEC
SEC:0001818201,CCC Intelligent Solutions Holdings Inc.,Dragoneer Growth Opportunities Corp.,1818201,CCC,,SEC
SEC:0000817720,SYNAPTICS Inc,,817720,SYNA,,SEC
SEC:0000776901,INDEPENDENT BANK CORP,INDEPENDENT BANK CORP /MA/,776901,INDB,,SEC
SEC:0000730263,THOR INDUSTRIES INC,,730263,THO,,SEC
SEC:0000315213,ROBERT HALF INC.,ROBERT HALF INTERNATIONAL INC.|HALF ROBERT INTERNATIONAL INC /DE/,315213,RHI,,SEC
SEC:0001284812,"COHEN & STEERS, INC.",COHEN & STEERS INC,1284812,CNS,,SEC
SEC:0001361658,Travel & Leisure Co.,"Travel & Leisure Co.|Wyndham Destinations, Inc.|WYNDHAM WORLDWIDE CORP",1361658,TNL,,SEC
SEC:0001676725,"IDEAYA Biosciences, Inc.",,1676725,IDYA,,SEC
SEC:0001445305,WORKIVA INC,WORKIVA LLC|WEBFILINGS LLC|WEB FILINGS LLC,1445305,WK,,SEC
SEC:0000806628,DNP SELECT INCOME FUND INC,DUFF & PHELPS UTILITIES INCOME INC,806628,DNP,,SEC
SEC:0001434588,"Grand Canyon Education, Inc.",,1434588,LOPE,,SEC
SEC:0001985406,"Nippon Express Holdings, Inc./ADR",,1985406,NEXHY,,SEC
SEC:0001952073,Madison Square Garden Entertainment Corp.,"Madison Square Garden Entertainment Corp.|MSGE Spinco, Inc.",1952073,MSGE,,SEC
SEC:0001466593,Otter Tail Corp,,1466593,OTTR,,SEC
SEC:0001144800,TRANSALTA CORP,,1144800,TAC,,SEC
SEC:0000745308,ST JOE Co,ST JOE CORP|ST JOE PAPER CO,745308,JOE,,SEC
SEC:0001122976,AVIENT CORP,POLYONE CORP,1122976,AVNT,,SEC
SEC:0002067129,Neptune Insurance Holdings Inc.,"Neptune Insurance Holdings, Inc.",2067129,NP,,SEC
SEC:0001625101,"PULSE BIOSCIENCES, INC.","Electroblate, Inc.",1625101,PLSE,,SEC
SEC:0000063276,MATTEL INC /DE/,,63276,MAT,,SEC
SEC:0001582313,Xenon Pharmaceuticals Inc.,,1582313,XENE,,SEC
SEC:0001760965,"Kontoor Brands, Inc.",,1760965,KTB,,SEC
SEC:0001662991,Sezzle Inc.,Sezzle Inc.,1662991,SEZL,,SEC
SEC:0000822663,INTERPARFUMS INC,INTER PARFUMS INC|JEAN PHILIPPE FRAGRANCES INC,822663,IPAR,,SEC
SEC:0000887936,"FTI CONSULTING, INC",FTI CONSULTING INC|FORENSIC TECHNOLOGIES INTERNATIONAL CORP,887936,FCN,,SEC
SEC:0001418121,"Apple Hospitality REIT, Inc.","Apple REIT Nine, Inc.",1418121,APLE,,SEC
SEC:0001649313,BW LPG Ltd,,1649313,BWLP,,SEC
SEC:0002093227,SMG Swiss Marketplace Group AG/ADR,,2093227,SMGSY,,SEC
SEC:0001276520,GENWORTH FINANCIAL INC,,1276520,GNW,,SEC
SEC:0000203596,WESBANCO INC,,203596,WSBC,,SEC
SEC:0001522727,"USA Compression Partners, LP",,1522727,USAC,,SEC
SEC:0001958140,"Atlanta Braves Holdings, Inc.",,1958140,BATRA,,SEC
SEC:0001654126,ZIM Integrated Shipping Services Ltd.,,1654126,ZIM,,SEC
SEC:0000874866,CORVEL CORP,,874866,CRVL,,SEC
SEC:0000760498,BANCFIRST CORP /OK/,,760498,BANF,,SEC
SEC:0001921963,Atmus Filtration Technologies Inc.,"FILT Red, Inc.",1921963,ATMU,,SEC
SEC:0001822966,NUSCALE POWER Corp,SPRING VALLEY ACQUISITION CORP.,1822966,SMR,,SEC
SEC:0000715072,RENASANT CORP,PEOPLES HOLDING CO,715072,RNST,,SEC
SEC:0000925261,ANDINA BOTTLING CO INC,,925261,AKO-A,,SEC
SEC:0001438472,"MIAMI INTERNATIONAL HOLDINGS, INC.",MIAMI INTERNATIONAL HOLDINGS INC,1438472,MIAX,,SEC
SEC:0001388658,"iRhythm Holdings, Inc.","IRhythm Technologies, Inc.|iRhythm Technologies, Inc.|IRhythm Technologies Inc",1388658,IRTC,,SEC
SEC:0002064947,WaterBridge Infrastructure LLC,,2064947,WBI,,SEC
SEC:0001386716,Star Bulk Carriers Corp.,,1386716,SBLK,,SEC
SEC:0001014739,"Option Care Health, Inc.","BioScrip, Inc.|MIM CORP",1014739,OPCH,,SEC
SEC:0001674910,VALVOLINE INC,,1674910,VVV,,SEC
SEC:0001691421,"Lemonade, Inc.",,1691421,LMND,,SEC
SEC:0000880631,"WisdomTree, Inc.","WisdomTree Investments, Inc.|INDEX DEVELOPMENT PARTNERS INC|INDIVIDUAL INVESTOR GROUP INC",880631,WT,,SEC
SEC:0001801198,Legend Biotech Corp,,1801198,LEGN,,SEC
SEC:0001819790,"Tarsus Pharmaceuticals, Inc.",,1819790,TARS,,SEC
SEC:0001823144,"GPGI, Inc.","CompoSecure, Inc.|Roman DBDR Tech Acquisition Corp.",1823144,GPGI,,SEC
SEC:0001655891,TORM plc,,1655891,TRMD,,SEC
SEC:0000868780,"Dorman Products, Inc.",R & B INC,868780,DORM,,SEC
SEC:0001821825,Organon & Co.,,1821825,OGN,,SEC
SEC:0000799292,"M/I HOMES, INC.",M I HOMES INC|M I SCHOTTENSTEIN HOMES INC,799292,MHO,,SEC
SEC:0001341335,FORTUNA MINING CORP.,FORTUNA SILVER MINES INC,1341335,FSM,,SEC
SEC:0000910108,LXP Industrial Trust,LEXINGTON REALTY TRUST|LEXINGTON CORPORATE PROPERTIES TRUST|LEXINGTON CORPORATE PROPERTIES INC,910108,LXP,,SEC
SEC:0001466085,"INDEPENDENCE REALTY TRUST, INC.","INDEPENDENCE REALTY TRUST, INC|EMPIRE AMERICAN REALTY TRUST INC",1466085,IRT,,SEC
SEC:0001845338,monday.com Ltd.,,1845338,MNDY,,SEC
SEC:0001005284,UNIVERSAL DISPLAY CORP \PA\,UNIVERSAL DISPLAY CORP \PA\,1005284,OLED,,SEC
SEC:0001595974,"MAGNITE, INC.","RUBICON PROJECT, INC.",1595974,MGNI,,SEC
SEC:0001899123,Bitdeer Technologies Group,,1899123,BTDR,,SEC
SEC:0001311370,"Lazard, Inc.",Lazard Ltd,1311370,LAZ,,SEC
SEC:0002110029,"ERock, Inc.","Enchanted Rock, Inc.",2110029,EROC,,SEC
SEC:0001410384,"Q2 Holdings, Inc.","CBG Holdings, Inc.|CBG Holdings Inc",1410384,QTWO,,SEC
SEC:0000078239,PVH CORP. /DE/,PHILLIPS VAN HEUSEN CORP /DE/,78239,PVH,,SEC
SEC:0001113232,AXCELIS TECHNOLOGIES INC,,1113232,ACLS,,SEC
SEC:0001672619,"Enliven Therapeutics, Inc.",IMARA Inc.,1672619,ELVN,,SEC
SEC:0001787306,"Arcutis Biotherapeutics, Inc.","Arcutis, Inc.",1787306,ARQT,,SEC
SEC:0001384101,"VERACYTE, INC.",CALDEROME INC,1384101,VCYT,,SEC
SEC:0000860413,FIRST INTERSTATE BANCSYSTEM INC,FIRST INTERSTATE BANCSYSTEM OF MONTANA INC,860413,FIBK,,SEC
SEC:0001047335,NATIONAL HEALTHCARE CORP,,1047335,NHC,,SEC
SEC:0001761312,"Palomar Holdings, Inc.",GC Palomar Holdings,1761312,PLMR,,SEC
SEC:0001331284,"DHT Holdings, Inc.","DHT Maritime, Inc.|Double Hull Tankers, Inc.",1331284,DHT,,SEC
SEC:0001174850,NICOLET BANKSHARES INC,,1174850,NIC,,SEC
SEC:0001231346,SEABRIDGE GOLD INC,,1231346,SA,,SEC
SEC:0000048287,HNI CORP,HON INDUSTRIES INC,48287,HNI,,SEC
SEC:0001210677,FIRST ADVANTAGE CORP,,1210677,FA,,SEC
SEC:0001350593,"Mueller Water Products, Inc.",,1350593,MWA,,SEC
SEC:0000701985,"Bath & Body Works, Inc.","L Brands, Inc.|LIMITED BRANDS INC|LIMITED INC",701985,BBWI,,SEC
SEC:0001745916,"PennyMac Financial Services, Inc.","New PennyMac Financial Services, Inc.",1745916,PFSI,,SEC
SEC:0001714899,Denali Therapeutics Inc.,,1714899,DNLI,,SEC
SEC:0000921082,"HIGHWOODS PROPERTIES, INC.",HIGHWOODS PROPERTIES INC,921082,HIW,,SEC
SEC:0001530950,"Post Holdings, Inc.",,1530950,POST,,SEC
SEC:0001563411,CONSTELLIUM SE,Constellium N.V.|Constellium Holdco B.V.,1563411,CSTM,,SEC
SEC:0001788451,Ethos Technologies Inc.,,1788451,LIFE,,SEC
SEC:0001482981,"Vita Coco Company, Inc.","All Market Inc.|All Market, Inc.",1482981,COCO,,SEC
SEC:0001512920,SPROTT INC.,,1512920,SII,,SEC
SEC:0000016160,CAL-MAINE FOODS INC,CAL MAINE FOODS INC,16160,CALM,,SEC
SEC:0001486749,Hypermarcas S.A.,,1486749,HYPMY,,SEC
SEC:0001576789,Wix.com Ltd.,Wixpress Ltd.,1576789,WIX,,SEC
SEC:0001974138,NCR Atleos Corp,"NCR Atleos, LLC|NCR ATMCo, LLC",1974138,NATL,,SEC
SEC:0001570585,Liberty Global Ltd.,Liberty Global plc|Liberty Global Corp Ltd,1570585,LBTYA,,SEC
SEC:0001690680,"NEWMARK GROUP, INC.","NRE DELAWARE, INC.",1690680,NMRK,,SEC
SEC:0000878518,Trekor Metals Ltd,TASEKO MINES LTD,878518,TGB,,SEC
SEC:0001275014,"Ultra Clean Holdings, Inc.",ULTRA CLEAN HOLDINGS INC,1275014,UCTT,,SEC
SEC:0001877787,Ermenegildo Zegna N.V.,Ermenegildo Zegna Holditalia S.p.A.,1877787,ZGN,,SEC
SEC:0002052959,Lionsgate Studios Corp.,Lionsgate Studios Holding Corp.,2052959,LION,,SEC
SEC:0001724521,"Arcus Biosciences, Inc.",,1724521,RCUS,,SEC
SEC:0000825313,ALLIANCEBERNSTEIN HOLDING L.P.,ALLIANCE CAPITAL MANAGEMENT HOLDING LP|ALLIANCE CAPITAL MANAGEMENT LP|ALLIANCE HIGH YIELD FUND INC,825313,AB,,SEC
SEC:0001524358,MARRIOTT VACATIONS WORLDWIDE Corp,,1524358,VAC,,SEC
SEC:0001518715,Mechanics Bancorp,"HomeStreet, Inc.",1518715,MCHB,,SEC
SEC:0001671235,B&M European Value Retail S.A./ADR,,1671235,BMRRY,,SEC
SEC:0001173420,NOVAGOLD RESOURCES INC,,1173420,NG,,SEC
SEC:0001056903,AMERICAN STATES WATER CO,,1056903,AWR,,SEC
SEC:0001419945,TEEKAY TANKERS LTD.,,1419945,TNK,,SEC
SEC:0001698514,National Energy Services Reunited Corp.,,1698514,NESR,,SEC
SEC:0001275214,CALAMOS STRATEGIC TOTAL RETURN FUND,,1275214,CSQ,,SEC
SEC:0001532173,Turk Altin Isletmeleri A.S./ADR,Koza Altin Isletmeleri A.S./ADR,1532173,KOZAY,,SEC
SEC:0001144980,ASBURY AUTOMOTIVE GROUP INC,,1144980,ABG,,SEC
SEC:0001593275,"Hamilton Insurance Group, Ltd.",,1593275,HG,,SEC
SEC:0001086600,ALLIANCE RESOURCE PARTNERS LP,,1086600,ARLP,,SEC
SEC:0001647088,WillScot Holdings Corp,WillScot Mobile Mini Holdings Corp.|WillScot Corp|Double Eagle Acquisition Corp.|Double Eagle Acquisitions Corp.,1647088,WSC,,SEC
SEC:0001111928,IPG PHOTONICS CORP,,1111928,IPGP,,SEC
SEC:0002071778,Fermi Inc.,Fermi LLC,2071778,FRMI,,SEC
SEC:0000708955,FIRST FINANCIAL BANCORP /OH/,,708955,FFBC,,SEC
SEC:0000877860,NATIONAL HEALTH INVESTORS INC,,877860,NHI,,SEC
SEC:0000310354,STANDEX INTERNATIONAL CORP/DE/,,310354,SXI,,SEC
SEC:0001581760,"Life360, Inc.","Life360, Inc.",1581760,LIF,,SEC
SEC:0002078008,Versigent PLC,Versigent Ltd|Cyprium Holdings Ltd,2078008,VGNT,,SEC
SEC:0001263994,REAVES UTILITY INCOME FUND,UTILITY INCOME TRUST,1263994,UTG,,SEC
SEC:0000805676,PARK NATIONAL CORP /OH/,,805676,PRK,,SEC
SEC:0002027317,Curbline Properties Corp.,,2027317,CURB,,SEC
SEC:0001064728,PEABODY ENERGY CORP,P&L COAL HOLDINGS CORP,1064728,BTU,,SEC
SEC:0000090498,SIMMONS FIRST NATIONAL CORP,,90498,SFNC,,SEC
SEC:0000082020,UNITED STATES LIME & MINERALS INC,SCOTTISH HERITABLE INC,82020,USLM,,SEC
SEC:0000002230,"ADAMS DIVERSIFIED EQUITY FUND, INC.",ADAMS DIVERSIFIED EQUITY FUND|ADAMS EXPRESS CO,2230,ADX,,SEC
SEC:0001476765,"GOLUB CAPITAL BDC, Inc.",GOLUB CAPITAL INVESTMENT Corp|Golub Capital BDC LLC,1476765,GBDC,,SEC
SEC:0001818794,"Dyne Therapeutics, Inc.",,1818794,DYN,,SEC
SEC:0000026780,DANA Inc,DANA HOLDING CORP|DANA CORP,26780,DAN,,SEC
SEC:0001748824,Acadian Asset Management Inc.,BrightSphere Investment Group Inc.,1748824,AAMI,,SEC
SEC:0000723188,"COMMUNITY FINANCIAL SYSTEM, INC.","COMMUNITY BANK SYSTEM, INC.|COMMUNITY BANK NA, a subsidiary of Community Bank System Inc|COMMUNITY BANK NA, a subsidiary of Community Bank System Inc.|COMMUNITY BANK SYSTEM INC",723188,CBU,,SEC
SEC:0001280784,"Hercules Capital, Inc.",HERCULES TECHNOLOGY GROWTH CAPITAL INC,1280784,HTGC,,SEC
SEC:0001157408,"Stride, Inc.",K12 INC,1157408,LRN,,SEC
SEC:0001544522,Freshworks Inc.,FreshDesk Inc.,1544522,FRSH,,SEC
SEC:0001279495,BAYTEX ENERGY CORP.,BAYTEX ENERGY TRUST,1279495,BTE,,SEC
SEC:0001065059,CENTRUS ENERGY CORP,USEC INC,1065059,LEU,,SEC
SEC:0001929561,"RXO, Inc.","RXO, LLC|NAT Holdings, LLC",1929561,RXO,,SEC
SEC:0000913241,"STEVEN MADDEN, LTD.",MADDEN STEVEN LTD,913241,SHOO,,SEC
SEC:0001039065,OSI SYSTEMS INC,OSI SYSTEMS INC,1039065,OSIS,,SEC
SEC:0001040470,AEHR TEST SYSTEMS,,1040470,AEHR,,SEC
SEC:0000886346,KADANT INC,THERMO FIBERTEK INC,886346,KAI,,SEC
SEC:0001385849,ENERGY FUELS INC,,1385849,UUUU,,SEC
SEC:0001547903,"NMI Holdings, Inc.",,1547903,NMIH,,SEC
SEC:0001549084,ChronoScale Holdings Corp,"ChronoScale Corp|EKSO BIONICS HOLDINGS, INC.|PN Med Group Inc",1549084,CHRN,,SEC
SEC:0000730708,SEACOAST BANKING CORP OF FLORIDA,,730708,SBCF,,SEC
SEC:0001821769,Navitas Semiconductor Corp,Live Oak Acquisition Corp II,1821769,NVTS,,SEC
SEC:0001552797,"Delek Logistics Partners, LP",,1552797,DKL,,SEC
SEC:0001637207,"Planet Fitness, Inc.",,1637207,PLNT,,SEC
SEC:0001969302,Pony AI Inc.,,1969302,PONY,,SEC
SEC:0000019745,CHESAPEAKE UTILITIES CORP,,19745,CPK,,SEC
SEC:0001666138,Atkore Inc.,Atkore International Group Inc.,1666138,ATKR,,SEC
SEC:0001670592,"YETI Holdings, Inc.",,1670592,YETI,,SEC
SEC:0001955520,Knife River Corp,Knife River Holding Co,1955520,KNF,,SEC
SEC:0001674862,ASHLAND INC.,ASHLAND INC.|ASHLAND GLOBAL HOLDINGS INC,1674862,ASH,,SEC
SEC:0002007825,"Infleqtion, Inc.",Churchill Capital Corp X/Cayman,2007825,INFQ,,SEC
SEC:0001993344,Allied Gold Corp,,1993344,AAUC,,SEC
SEC:0000851520,EXPONENT INC,FAILURE GROUP INC,851520,EXPO,,SEC
SEC:0001504008,"BankUnited, Inc.",,1504008,BKU,,SEC
SEC:0001422183,FS KKR Capital Corp,FS Investment CORP|Franklin Square Investment CORP,1422183,FSK,,SEC
SEC:0001621434,"Black Stone Minerals, L.P.",,1621434,BSM,,SEC
SEC:0001437578,BRIGHT HORIZONS FAMILY SOLUTIONS INC.,BRIGHT HORIZONS SOLUTIONS CORP,1437578,BFAM,,SEC
SEC:0001587523,Knowles Corp,,1587523,KN,,SEC
SEC:0001811414,QuantumScape Corp,Kensington Capital Acquisition Corp.,1811414,QS,,SEC
SEC:0002105398,"Csquare, Inc.",BIF III US Aggregator (Delaware) LLC,2105398,CSQR,,SEC
SEC:0001590560,uniQure N.V.,uniQure B.V.,1590560,QURE,,SEC
SEC:0001273813,ASSURED GUARANTY LTD,AGC HOLDINGS LTD,1273813,AGO,,SEC
SEC:0001195737,Nuveen AMT-Free Quality Municipal Income Fund,NUVEEN AMT-FREE MUNICIPAL INCOME FUND|NUVEEN INSURED TAX FREE ADVANTAGE MUNICIPAL FUND,1195737,NEA,,SEC
SEC:0000036377,"FIRST HAWAIIAN, INC.",BANCWEST CORP/HI|FIRST HAWAIIAN INC,36377,FHB,,SEC
SEC:0001781755,"Baldwin Insurance Group, Inc.","BRP Group, Inc.",1781755,BWIN,,SEC
SEC:0001070985,"CoreCivic, Inc.",CORRECTIONS CORP OF AMERICA|CORRECTIONS CORP OF AMERICA/MD|PRISON REALTY TRUST INC|PRISON REALTY CORP,1070985,CXW,,SEC
SEC:0001617406,Park Hotels & Resorts Inc.,"Hilton Worldwide, Inc.",1617406,PK,,SEC
SEC:0001277866,ENDEAVOUR SILVER CORP,ENDEAVOUR GOLD CORP,1277866,EXK,,SEC
SEC:0000825542,SCOTTS MIRACLE-GRO CO,SCOTTS COMPANY,825542,SMG,,SEC
SEC:0001756262,"TransMedics Group, Inc.",,1756262,TMDX,,SEC
SEC:0000821130,"ARRAY DIGITAL INFRASTRUCTURE, INC.",UNITED STATES CELLULAR CORP,821130,AD,,SEC
SEC:0001526243,PERPETUA RESOURCES CORP.,MIDAS GOLD CORP.,1526243,PPTA,,SEC
SEC:0001817358,"Academy Sports & Outdoors, Inc.",,1817358,ASO,,SEC
SEC:0000931015,Polaris Inc.,POLARIS INDUSTRIES INC/MN,931015,PII,,SEC
SEC:0001795589,Kingsoft Cloud Holdings Ltd,,1795589,KC,,SEC
SEC:0000937098,"TRINET GROUP, INC.",TRINET GROUP INC|TRINET EMPLOYER GROUP INC,937098,TNET,,SEC
SEC:0001969373,"Vesta Real Estate Corporation, S.A.B. de C.V.",,1969373,VTMX,,SEC
SEC:0001290109,"LG Display Co., Ltd.","LG.Philips LCD Co., Ltd.",1290109,LPL,,SEC
SEC:0002062440,Kyivstar Group Ltd.,,2062440,KYIV,,SEC
SEC:0001964954,Okeanis Eco Tankers Corp.,,1964954,ECO,,SEC
SEC:0000008063,ASTRONICS CORP,,8063,ATRO,,SEC
SEC:0000104918,AVISTA CORP,WASHINGTON WATER POWER CO,104918,AVA,,SEC
SEC:0001031203,GROUP 1 AUTOMOTIVE INC,,1031203,GPI,,SEC
SEC:0001794669,"Shift4 Payments, Inc.","Shift4 Payments, Inc.",1794669,FOUR,,SEC
SEC:0000711377,NEOGEN CORP,,711377,NEOG,,SEC
SEC:0001323885,"AtriCure, Inc.",,1323885,ATRC,,SEC
SEC:0001756770,"Curaleaf Holdings, Inc.",,1756770,CURLF,,SEC
SEC:0001628369,Cushman & Wakefield Ltd.,Cushman & Wakefield plc|Cushman & Wakefield Ltd|DTZ Jersey Holdings Ltd,1628369,CWK,,SEC
SEC:0000826675,DYNEX CAPITAL INC,RESOURCE MORTGAGE CAPITAL INC/VA,826675,DX,,SEC
SEC:0000944148,"CBIZ, Inc.",CENTURY BUSINESS SERVICES INC|INTERNATIONAL ALLIANCE SERVICES INC|REPUBLIC ENVIRONMENTAL SYSTEMS INC,944148,CBZ,,SEC
SEC:0001280263,AMBARELLA INC,,1280263,AMBA,,SEC
SEC:0001679688,"DigitalBridge Group, Inc.","Colony Capital, Inc.|Colony NorthStar, Inc.",1679688,DBRG,,SEC
SEC:0001050797,COLUMBIA SPORTSWEAR CO,COLUMBIA SPORTSWEAR CO,1050797,COLM,,SEC
SEC:0000021535,COHU INC,,21535,COHU,,SEC
SEC:0001704292,Zai Lab Ltd,Zai Lab Ltd,1704292,ZLAB,,SEC
SEC:0001576018,SiriusPoint Ltd,Third Point Reinsurance Ltd.,1576018,SPNT,,SEC
SEC:0001178970,PROVIDENT FINANCIAL SERVICES INC,,1178970,PFS,,SEC
SEC:0001694028,Liberty Energy Inc.,Liberty Oilfield Services Inc.,1694028,LBRT,,SEC
SEC:0000795266,KB HOME,KAUFMAN & BROAD HOME CORP,795266,KBH,,SEC
SEC:0001776111,"MBX Biosciences, Inc.",,1776111,MBX,,SEC
SEC:0000863436,BENCHMARK ELECTRONICS INC,,863436,BHE,,SEC
SEC:0001819810,Redwire Corp,Genesis Park Acquisition Corp.,1819810,RDW,,SEC
SEC:0001737706,SEADRILL Ltd,NEW SDRL LTD.,1737706,SDRL,,SEC
SEC:0001373670,"Green Brick Partners, Inc.",BioFuel Energy Corp.,1373670,GRBK,,SEC
SEC:0000921582,IMAX CORP,,921582,IMAX,,SEC
SEC:0000894405,ARCBEST CORP /TX/,ARCBEST CORP /DE/|ARKANSAS BEST CORP /DE/,894405,ARCB,,SEC
SEC:0001093691,PLUG POWER INC,,1093691,PLUG,,SEC
SEC:0001934850,"F&G Annuities & Life, Inc.",,1934850,FG,,SEC
SEC:0001035201,CALIFORNIA WATER SERVICE GROUP,,1035201,CWT,,SEC
SEC:0001020710,DXP ENTERPRISES INC,INDEX INC,1020710,DXPE,,SEC
SEC:0000069891,NATIONAL BEVERAGE CORP,,69891,FIZZ,,SEC
SEC:0000771497,ABM INDUSTRIES INC /DE/,ABM INDUSTRIES INC|AMERICAN BUILDING MAINTENANCE INDUSTRIES INC,771497,ABM,,SEC
SEC:0002104882,"EagleRock Land, LLC",,2104882,EROK,,SEC
SEC:0000729580,BEL FUSE INC /NJ,,729580,BELFA,,SEC
SEC:0000108516,"WORTHINGTON ENTERPRISES, INC.",WORTHINGTON INDUSTRIES INC,108516,WOR,,SEC
SEC:0001854587,Cellebrite DI Ltd.,,1854587,CLBT,,SEC
SEC:0001032220,"MAXIMUS, INC.",MAXIMUS INC,1032220,MMS,,SEC
SEC:0001092699,SPS COMMERCE INC,,1092699,SPSC,,SEC
SEC:0001676238,"Braze, Inc.","Appboy, Inc.",1676238,BRZE,,SEC
SEC:0000913059,Banco BBVA Argentina S.A.,BBVA BANCO FRANCES SA|FRENCH BANK OF THE RIO DE LA PLATA,913059,BBAR,,SEC
SEC:0001616533,"Penguin Solutions, Inc.","SMART Global Holdings, Inc.",1616533,PENG,,SEC
SEC:0001217234,"CareDx, Inc.","XDx, Inc.|EXPRESSION DIAGNOSTICS INC",1217234,CDNA,,SEC
SEC:0001472012,Immunome Inc.,,1472012,IMNM,,SEC
SEC:0001078271,EXTREME NETWORKS INC,,1078271,EXTR,,SEC
SEC:0001832332,"Aveanna Healthcare Holdings, Inc.",,1832332,AVAH,,SEC
SEC:0001611647,"Freshpet, Inc.",,1611647,FRPT,,SEC
SEC:0001693256,"Select Water Solutions, Inc.","Select Energy Services, Inc.",1693256,WTTR,,SEC
SEC:0000833640,POWER INTEGRATIONS INC,,833640,POWI,,SEC
SEC:0001169770,"BANC OF CALIFORNIA, INC.",FIRST PACTRUST BANCORP INC,1169770,BANC,,SEC
SEC:0001920406,"Strive, Inc.","Strive, Inc.|Asset Entities Inc.",1920406,ASST,,SEC
SEC:0001026214,FEDERAL HOME LOAN MORTGAGE CORP,,1026214,FMCC,,SEC
SEC:0001876183,IHS Holding Ltd,,1876183,IHS,,SEC
SEC:0001816581,"Ouster, Inc.","Ouster, Inc.|Colonnade Acquisition Corp.",1816581,OUST,,SEC
SEC:0001356090,"PRECIGEN, INC.",INTREXON CORP,1356090,PGEN,,SEC
SEC:0001802255,"Guardian Pharmacy Services, Inc.","Guardian Pharmacy Services, Inc.|Guardian Pharmacy, LLC",1802255,GRDN,,SEC
SEC:0000046195,BANK OF HAWAII CORP,PACIFIC CENTURY FINANCIAL CORP|BANCORP HAWAII INC,46195,BOH,,SEC
SEC:0001740332,"RESIDEO TECHNOLOGIES, INC.","RESIDEO TECHNOLOGIES, INC.|HH Spinco Inc.",1740332,REZI,,SEC
SEC:0000057515,MARZETTI CO,LANCASTER COLONY CORP,57515,MZTI,,SEC
SEC:0000899629,ACADIA REALTY TRUST,MARK CENTERS TRUST,899629,AKR,,SEC
SEC:0001504776,Warby Parker Inc.,"JAND, Inc.",1504776,WRBY,,SEC
SEC:0001803696,Adeia Inc.,Xperi Holding Corp|XRAY-TWOLF HoldCo Corp,1803696,ADEA,,SEC
SEC:0001078075,NETSCOUT SYSTEMS INC,NETSCOUT SYSTEMS INC,1078075,NTCT,,SEC
SEC:0001599617,DNOW Inc.,NOW Inc.,1599617,DNOW,,SEC
SEC:0001636222,Wingstop Inc.,,1636222,WING,,SEC
SEC:0000854775,DIGI INTERNATIONAL INC,,854775,DGII,,SEC
SEC:0000098677,TOOTSIE ROLL INDUSTRIES INC,,98677,TR,,SEC
SEC:0001408075,GRAPHIC PACKAGING HOLDING CO,New Giant CORP,1408075,GPK,,SEC
SEC:0000025445,"Crane NXT, Co.","Crane Holdings, Co.|CRANE CO /DE/",25445,CXT,,SEC
SEC:0001886428,"Slide Insurance Holdings, Inc.",,1886428,SLDE,,SEC
SEC:0001685040,"Brighthouse Financial, Inc.",,1685040,BHF,,SEC
SEC:0001494259,"CarGurus, Inc.",Cargurus LLC,1494259,CARG,,SEC
SEC:0001288847,"Five9, Inc.",Five 9 Inc,1288847,FIVN,,SEC
SEC:0000874499,GULFPORT ENERGY CORP,WRT ENERGY CORP,874499,GPOR,,SEC
SEC:0001777921,"AvePoint, Inc.",Apex Technology Acquisition Corp,1777921,AVPT,,SEC
SEC:0000078749,AGILYSYS INC,PIONEER STANDARD ELECTRONICS INC,78749,AGYS,,SEC
SEC:0001611547,Urban Edge Properties,Vornado SpinCo,1611547,UE,,SEC
SEC:0001565687,"Intapp, Inc.","LegalApp Holdings, Inc.",1565687,INTA,,SEC
SEC:0001820144,Grindr Inc.,Tiga Acquisition Corp.,1820144,GRND,,SEC
SEC:0001850351,"Liftoff Mobile, Inc.","Booster Parent Holdings, Inc.",1850351,LFTO,,SEC
SEC:0001161728,MGE ENERGY INC,,1161728,MGEE,,SEC
SEC:0000039368,FULLER H B CO,FULLER H B CO,39368,FUL,,SEC
SEC:0001020859,UNITED NATURAL FOODS INC,,1020859,UNFI,,SEC
SEC:0001904856,Enerflex Ltd.,,1904856,EFXT,,SEC
SEC:0002078856,Hyperliquid Strategies Inc,,2078856,PURR,,SEC
SEC:0000081362,QUAKER CHEMICAL CORP,,81362,KWR,,SEC
SEC:0000752714,MCGRATH RENTCORP,,752714,MGRC,,SEC
SEC:0001674168,Hilton Grand Vacations Inc.,,1674168,HGV,,SEC
SEC:0001328581,BOISE CASCADE Co,"BOISE CASCADE, L.L.C.",1328581,BCC,,SEC
SEC:0001834622,"Hayward Holdings, Inc.",,1834622,HAYW,,SEC
SEC:0000866829,"HORNBECK OFFSHORE SERVICES, INC.",HELIX ENERGY SOLUTIONS GROUP INC|CAL DIVE INTERNATIONAL INC,866829,HOS,,SEC
SEC:0000793952,"HARLEY-DAVIDSON, INC.",HARLEY DAVIDSON INC,793952,HOG,,SEC
SEC:0000816761,TERADATA CORP /DE/,TERADATA CORP /DE/,816761,TDC,,SEC
SEC:0001724965,TALOS ENERGY INC.,SAILFISH ENERGY HOLDINGS Corp,1724965,TALO,,SEC
SEC:0001520697,"Acadia Healthcare Company, Inc.",,1520697,ACHC,,SEC
SEC:0001800227,People Inc,"IAC Inc.|IAC/InterActiveCorp|IAC Holdings, Inc.",1800227,PPLI,,SEC
SEC:0001840856,"SOUNDHOUND AI, INC.",Archimedes Tech Spac Partners Co,1840856,SOUN,,SEC
SEC:0001332349,Brookdale Senior Living Inc.,,1332349,BKD,,SEC
SEC:0000744218,"Celldex Therapeutics, Inc.",AVANT IMMUNOTHERAPEUTICS INC|T CELL SCIENCES INC,744218,CLDX,,SEC
SEC:0001845097,Ardagh Metal Packaging S.A.,,1845097,AMBP,,SEC
SEC:0001936258,NewAmsterdam Pharma Co N.V.,NewAmsterdam Pharma Co B.V.,1936258,NAMS,,SEC
SEC:0001340677,SILVERCORP METALS INC,,1340677,SVM,,SEC
SEC:0001823239,"MARAVAI LIFESCIENCES HOLDINGS, INC.",,1823239,MRVI,,SEC
SEC:0000103145,VEECO INSTRUMENTS INC,,103145,VECO,,SEC
SEC:0000036146,TRUSTMARK CORP,,36146,TRMK,,SEC
SEC:0001745999,Beam Therapeutics Inc.,Beam Therapeutics Inc.,1745999,BEAM,,SEC
SEC:0001649749,FB Financial Corp,"First South Bancorp, Inc.",1649749,FBK,,SEC
SEC:0000919012,AMERICAN EAGLE OUTFITTERS INC,AMERICAN EAGLE OUTFITTERS INC,919012,AEO,,SEC
SEC:0001815846,MINISO Group Holding Ltd,,1815846,MNSO,,SEC
SEC:0000871763,ManpowerGroup Inc.,MANPOWER INC /WI/,871763,MAN,,SEC
SEC:0000790359,NBT BANCORP INC,,790359,NBTB,,SEC
SEC:0001549595,"Nurix Therapeutics, Inc.","Nurix, Inc.",1549595,NRIX,,SEC
SEC:0001063259,DENISON MINES CORP.,INTERNATIONAL URANIUM CORP,1063259,DNN,,SEC
SEC:0001441683,APPIAN CORP,,1441683,APPN,,SEC
SEC:0000837465,Callaway Golf Co,Topgolf Callaway Brands Corp.|CALLAWAY GOLF|CALLAWAY GOLF CO /CA|CALLAWAY GOLF COMPANY,837465,CALY,,SEC
SEC:0000046250,HAWKINS INC,HAWKINS CHEMICAL INC,46250,HWKN,,SEC
SEC:0000766829,H2O AMERICA,SJW GROUP|SJW CORP,766829,HTO,,SEC
SEC:0001816736,"Disc Medicine, Inc.","Gemini Therapeutics, Inc. /DE|FS Development Corp.",1816736,IRON,,SEC
SEC:0001545057,PT XLSMART Telecom Sejahtera Tbk/ADR,PT XL Axiata Tbk/ADR,1545057,PTXKY,,SEC
SEC:0001801169,Opendoor Technologies Inc.,Social Capital Hedosophia Holdings Corp. II,1801169,OPEN,,SEC
SEC:0000805928,"Axogen, Inc.",LECTEC CORP /MN/,805928,AXGN,,SEC
SEC:0001488813,"Customers Bancorp, Inc.","Customers 1st Bancorp, Inc.",1488813,CUBI,,SEC
SEC:0001818331,GeneDx Holdings Corp.,"Sema4 Holdings Corp.|CM Life Sciences, Inc.",1818331,WGS,,SEC
SEC:0001867072,"Kyndryl Holdings, Inc.","Kyndryl Holdings, LLC",1867072,KD,,SEC
SEC:0001831828,"Vera Therapeutics, Inc.",,1831828,VERA,,SEC
SEC:0000811589,FIRST BANCORP /NC/,,811589,FBNC,,SEC
SEC:0001216583,Nuveen Preferred & Income Opportunities Fund,Nuveen Preferred Income Opportunities Fund|Nuveen Multi-Strategy Income & Growth Fund|NUVEEN PREFERRED CONVERTIBLE INCOME FUND,1216583,JPC,,SEC
SEC:0001411579,"AMC ENTERTAINMENT HOLDINGS, INC.",,1411579,AMC,,SEC
SEC:0000105132,WD 40 CO,,105132,WDFC,,SEC
SEC:0001888886,Structure Therapeutics Inc.,ShouTi Inc.,1888886,GPCR,,SEC
SEC:0001804176,"Butterfly Network, Inc.",Longview Acquisition Corp.,1804176,BFLY,,SEC
SEC:0001459200,"Alarm.com Holdings, Inc.",,1459200,ALRM,,SEC
SEC:0001933414,"Mineralys Therapeutics, Inc.",,1933414,MLYS,,SEC
SEC:0001951070,"McGraw Hill, Inc.",,1951070,MH,,SEC
SEC:0001844452,"Intuitive Machines, Inc.",Inflection Point Acquisition Corp.,1844452,LUNR,,SEC
SEC:0001158449,ADVANCE AUTO PARTS INC,,1158449,AAP,,SEC
SEC:0001849635,Trump Media & Technology Group Corp.,Digital World Acquisition Corp.,1849635,DJT,,SEC
SEC:0000712534,FIRST MERCHANTS CORP,,712534,FRME,,SEC
SEC:0002035304,Titan America SA,,2035304,TTAM,,SEC
SEC:0001845840,Telesat Corp,Telesat Corp,1845840,TSAT,,SEC
SEC:0001812477,Keel Infrastructure Corp.,Bitfarms Ltd,1812477,KEEL,,SEC
SEC:0001712807,PagSeguro Digital Ltd.,,1712807,PAGS,,SEC
SEC:0001342338,"Himax Technologies, Inc.",,1342338,HIMX,,SEC
SEC:0000946673,BANNER CORP,FIRST WASHINGTON BANCORP INC /WA/|FIRST SAVINGS BANK OF WASHINGTON BANCORP INC,946673,BANR,,SEC
SEC:0001415921,Navios Maritime Partners L.P.,,1415921,NMM,,SEC
SEC:0001865631,NEXTNAV INC.,Spartacus Acquisition Shelf Corp.,1865631,NN,,SEC
SEC:0001517302,Artisan Partners Asset Management Inc.,,1517302,APAM,,SEC
SEC:0001298946,DiamondRock Hospitality Co,,1298946,DRH,,SEC
SEC:0001356576,"SUPERNUS PHARMACEUTICALS, INC.",SUPERNUS PHARMACEUTICALS INC,1356576,SUPN,,SEC
SEC:0001925283,"Lincoln International, Inc.",,1925283,LCLN,,SEC
SEC:0001309167,Aecon Group Inc.,Aecon Group Inc,1309167,AEGXF,,SEC
SEC:0001838406,BKV Corp,,1838406,BKV,,SEC
SEC:0001759655,"Privia Health Group, Inc.",PH Group Parent Corp.,1759655,PRVA,,SEC
SEC:0001260729,GABELLI DIVIDEND & INCOME TRUST,,1260729,GDV,,SEC
SEC:0000030305,DUCOMMUN INC /DE/,,30305,DCO,,SEC
SEC:0001622629,Southern Cross Gold Consolidated Ltd.,Mawson Gold Ltd|Mawson Resources Ltd,1622629,SXGCF,,SEC
SEC:0001647639,"Upstart Holdings, Inc.",,1647639,UPST,,SEC
SEC:0000887733,CENTRAL GARDEN & PET CO,CENTRAL GARDEN & PET COMPANY,887733,CENT,,SEC
SEC:0001289848,Huron Consulting Group Inc.,,1289848,HURN,,SEC
SEC:0001590750,"Viridian Therapeutics, Inc.\DE","MIRAGEN THERAPEUTICS, INC.|SIGNAL GENETICS, INC.|SIGNAL GENETICS LLC",1590750,VRDN,,SEC
SEC:0001848763,ReNew Energy Global plc,ReNew Energy Global Ltd,1848763,RNW,,SEC
SEC:0000903651,INNODATA INC,INNODATA ISOGEN INC|INNODATA CORP,903651,INOD,,SEC
SEC:0001104485,"NORTHERN OIL & GAS, INC.",KENTEX PETROLEUM INC,1104485,NOG,,SEC
SEC:0001528849,RH,Restoration Hardware Holdings Inc,1528849,RH,,SEC
SEC:0001620533,Shake Shack Inc.,,1620533,SHAK,,SEC
SEC:0001650132,"Four Corners Property Trust, Inc.",,1650132,FCPT,,SEC
SEC:0001519449,"Skyward Specialty Insurance Group, Inc.",Houston International Insurance Group LTD|Houston International Insurance Group,1519449,SKWD,,SEC
SEC:0000314489,FIRST BUSEY CORP /NV/,,314489,BUSE,,SEC
SEC:0001798562,TMC the metals Co Inc.,Sustainable Opportunities Acquisition Corp.,1798562,TMC,,SEC
SEC:0001090116,Nuveen AMT-Free Municipal Credit Income Fund,Nuveen Enhanced AMT-Free Municipal Credit Opportunities Fund|NUVEEN DIVIDEND ADVANTAGE MUNICIPAL INCOME FUND|NUVEEN INSURED DIVIDEND ADVANTAGE MUNICIPAL FUND,1090116,NVG,,SEC
SEC:0001978867,Cadeler A/S,Cadeler A/S,1978867,CDLR,,SEC
SEC:0001830487,Pharvaris N.V.,"Pharvaris, B.V.",1830487,PHVS,,SEC
SEC:0001083839,Nuveen Quality Municipal Income Fund,NUVEEN DIVIDEND ADVANTAGE MUNICIPAL FUND,1083839,NAD,,SEC
SEC:0001111335,VISTEON CORP,,1111335,VC,,SEC
